{"type":"FeatureCollection","features":[{"type":"Feature","properties":{"nombre":"Caño Maldonado","tipo":"río"},"geometry":{"type":"Polygon","coordinates":[[[-73.9242,7.2009],[-73.9231,7.1945],[-73.9184,7.188],[-73.9203,7.1816],[-73.9166,7.1795],[-73.9199,7.1821],[-73.9178,7.1873],[-73.9145,7.1835],[-73.9131,7.1838],[-73.9213,7.1924],[-73.9242,7.2009]]]}},{"type":"Feature","properties":{"nombre":null,"tipo":"río"},"geometry":{"type":"Polygon","coordinates":[[[-73.8711,7.1558],[-73.8722,7.1579],[-73.8751,7.156],[-73.8721,7.157],[-73.8711,7.1558]]]}},{"type":"Feature","properties":{"nombre":"Caño La Tronquera","tipo":"río"},"geometry":{"type":"Polygon","coordinates":[[[-73.9808,7.2314],[-73.9824,7.2336],[-73.9784,7.2282],[-73.9734,7.2277],[-73.9712,7.2196],[-73.972,7.2165],[-73.9737,7.2164],[-73.975,7.2142],[-73.973,7.2056],[-73.9757,7.2048],[-73.9775,7.2022],[-73.9803,7.2019],[-73.9794,7.198],[-73.9738,7.1942],[-73.9708,7.1947],[-73.969,7.1921],[-73.9679,7.1936],[-73.9631,7.1907],[-73.963,7.1869],[-73.9605,7.1817],[-73.9553,7.183],[-73.9472,7.1802],[-73.9542,7.1834],[-73.9598,7.1823],[-73.9625,7.1867],[-73.9628,7.1911],[-73.9682,7.1941],[-73.969,7.1926],[-73.9699,7.1949],[-73.9759,7.196],[-73.9796,7.1989],[-73.9799,7.2014],[-73.9724,7.2052],[-73.9747,7.214],[-73.9726,7.2149],[-73.9708,7.2191],[-73.9726,7.2278],[-73.9752,7.2295],[-73.9777,7.2289],[-73.9808,7.2314]]]}},{"type":"Feature","properties":{"nombre":null,"tipo":"río"},"geometry":{"type":"Polygon","coordinates":[[[-73.6684,7.2352],[-73.6684,7.2362],[-73.6699,7.2355],[-73.6706,7.2334],[-73.6685,7.2276],[-73.6672,7.2273],[-73.67,7.2331],[-73.6699,7.2352],[-73.6684,7.2352]]]}},{"type":"Feature","properties":{"nombre":"Caño El Estanco","tipo":"río"},"geometry":{"type":"Polygon","coordinates":[[[-73.7005,7.2534],[-73.7045,7.2535],[-73.7017,7.2503],[-73.7031,7.2442],[-73.7016,7.2398],[-73.6964,7.2344],[-73.6931,7.2338],[-73.6877,7.2382],[-73.6804,7.2252],[-73.6749,7.2246],[-73.671,7.2261],[-73.6656,7.2241],[-73.6628,7.2256],[-73.6708,7.2283],[-73.6777,7.2272],[-73.6797,7.2334],[-73.6864,7.2395],[-73.6891,7.2395],[-73.692,7.2365],[-73.6972,7.2386],[-73.7017,7.2445],[-73.6995,7.248],[-73.7005,7.2534]],[[-73.6814,7.231],[-73.6834,7.2329],[-73.6808,7.2324],[-73.6814,7.231]]]}},{"type":"Feature","properties":{"nombre":"Caño Sepultura","tipo":"río"},"geometry":{"type":"Polygon","coordinates":[[[-73.9514,7.4305],[-73.9513,7.4318],[-73.9543,7.4273],[-73.9623,7.4207],[-73.965,7.4152],[-73.9736,7.4155],[-73.9773,7.4124],[-73.9798,7.4063],[-73.9779,7.4007],[-73.9816,7.3986],[-73.9805,7.3932],[-73.9851,7.3884],[-73.9844,7.3793],[-73.9814,7.3747],[-73.9804,7.3698],[-73.9838,7.3662],[-73.9823,7.3602],[-73.9834,7.3533],[-73.9818,7.3507],[-73.9781,7.3494],[-73.9754,7.3448],[-73.9787,7.3385],[-73.9815,7.3365],[-73.9796,7.3301],[-73.9804,7.3357],[-73.975,7.3447],[-73.9777,7.3499],[-73.9771,7.3544],[-73.9795,7.3572],[-73.9765,7.3689],[-73.9825,7.3837],[-73.9823,7.3886],[-73.9799,7.3923],[-73.9809,7.3982],[-73.9776,7.4],[-73.9793,7.4067],[-73.9741,7.4146],[-73.9643,7.4151],[-73.9619,7.4201],[-73.9514,7.4305]],[[-73.9809,7.3613],[-73.9782,7.3659],[-73.9783,7.3716],[-73.977,7.3678],[-73.9799,7.3592],[-73.9796,7.3562],[-73.9773,7.3537],[-73.9785,7.3505],[-73.9812,7.3509],[-73.9828,7.3534],[-73.9809,7.3613]],[[-73.9803,7.3747],[-73.9788,7.3718],[-73.9785,7.3658],[-73.982,7.3611],[-73.9829,7.365],[-73.9796,7.3679],[-73.9803,7.3747]],[[-73.9802,7.3747],[-73.984,7.3807],[-73.9832,7.3886],[-73.9831,7.384],[-73.9789,7.3729],[-73.9802,7.3747]],[[-73.9811,7.3355],[-73.9812,7.3366],[-73.9792,7.3377],[-73.9811,7.3355]]]}},{"type":"Feature","properties":{"nombre":"Caño Las Leguas (Caño Hormiguero)","tipo":"río"},"geometry":{"type":"Polygon","coordinates":[[[-73.9465,7.3677],[-73.9478,7.368],[-73.9486,7.3628],[-73.9518,7.3602],[-73.9505,7.3521],[-73.955,7.3412],[-73.9604,7.3347],[-73.9628,7.3284],[-73.9672,7.3255],[-73.9674,7.3193],[-73.9648,7.3156],[-73.97,7.3114],[-73.9711,7.3052],[-73.9732,7.3042],[-73.9749,7.2988],[-73.9779,7.2956],[-73.9802,7.2802],[-73.9835,7.273],[-73.9874,7.2701],[-73.9875,7.2691],[-73.9849,7.2715],[-73.9838,7.2692],[-73.9857,7.261],[-73.9873,7.26],[-73.9853,7.2608],[-73.9834,7.2689],[-73.9847,7.2712],[-73.9796,7.2809],[-73.9801,7.2841],[-73.9779,7.2873],[-73.9777,7.2953],[-73.9746,7.2984],[-73.9728,7.3039],[-73.9704,7.3054],[-73.971,7.3076],[-73.9693,7.3088],[-73.9696,7.311],[-73.9643,7.3152],[-73.967,7.3195],[-73.9669,7.3246],[-73.9617,7.3291],[-73.9601,7.3339],[-73.9549,7.3405],[-73.9502,7.3515],[-73.9514,7.3597],[-73.9487,7.3618],[-73.9465,7.3677]]]}},{"type":"Feature","properties":{"nombre":"Río Sucio","tipo":"río"},"geometry":{"type":"Polygon","coordinates":[[[-73.5486,7.1644],[-73.5452,7.1647],[-73.5401,7.1611],[-73.5369,7.1617],[-73.5349,7.16],[-73.5327,7.1613],[-73.5295,7.159],[-73.528,7.1623],[-73.5249,7.1615],[-73.525,7.166],[-73.5209,7.1667],[-73.5183,7.1697],[-73.5147,7.1695],[-73.5158,7.1666],[-73.5144,7.1657],[-73.5114,7.1691],[-73.5075,7.1661],[-73.5071,7.1677],[-73.5048,7.1681],[-73.5013,7.1668],[-73.4992,7.1696],[-73.4996,7.1664],[-73.4931,7.1653],[-73.4924,7.1614],[-73.488,7.1619],[-73.4852,7.1666],[-73.4829,7.1634],[-73.4822,7.1694],[-73.4766,7.1671],[-73.4763,7.164],[-73.4752,7.1648],[-73.4766,7.168],[-73.4822,7.1699],[-73.4833,7.1637],[-73.4854,7.167],[-73.4883,7.1622],[-73.4924,7.1619],[-73.4926,7.1653],[-73.4992,7.1667],[-73.4995,7.1701],[-73.5014,7.1672],[-73.5048,7.1686],[-73.5071,7.1682],[-73.5076,7.1665],[-73.5112,7.1696],[-73.5143,7.1659],[-73.5153,7.1668],[-73.5141,7.1695],[-73.517,7.1702],[-73.5196,7.1693],[-73.5211,7.167],[-73.5255,7.1661],[-73.525,7.1622],[-73.5283,7.1623],[-73.5295,7.1594],[-73.5329,7.1617],[-73.5349,7.1603],[-73.5368,7.1623],[-73.5398,7.1616],[-73.5455,7.1654],[-73.5486,7.1644]]]}},{"type":"Feature","properties":{"nombre":"Río Sogamoso","tipo":"río"},"geometry":{"type":"Polygon","coordinates":[[[-73.6939,7.2568],[-73.697,7.2577],[-73.7016,7.2541],[-73.7146,7.2575],[-73.7188,7.2569],[-73.7303,7.2418],[-73.7437,7.2332],[-73.7525,7.2347],[-73.7562,7.2411],[-73.7644,7.2454],[-73.7913,7.2436],[-73.794,7.2405],[-73.7981,7.2263],[-73.8123,7.2135],[-73.8151,7.2141],[-73.8173,7.2209],[-73.8056,7.2299],[-73.8051,7.2325],[-73.8109,7.2357],[-73.8205,7.2353],[-73.8476,7.2219],[-73.8689,7.2066],[-73.8744,7.2007],[-73.8822,7.1968],[-73.8859,7.1912],[-73.8909,7.194],[-73.8987,7.1921],[-73.9014,7.1928],[-73.9123,7.2052],[-73.9141,7.2094],[-73.9202,7.2148],[-73.924,7.2063],[-73.9242,7.2009],[-73.9205,7.2042],[-73.9152,7.2016],[-73.9089,7.1936],[-73.9016,7.19],[-73.897,7.1857],[-73.8869,7.1849],[-73.8664,7.1973],[-73.8541,7.213],[-73.8395,7.2206],[-73.8295,7.2289],[-73.819,7.2338],[-73.8134,7.2346],[-73.8072,7.2326],[-73.8081,7.2307],[-73.8156,7.2285],[-73.82,7.221],[-73.8185,7.2132],[-73.8127,7.2112],[-73.8001,7.2191],[-73.7936,7.2281],[-73.7928,7.2402],[-73.7895,7.2425],[-73.784,7.2419],[-73.7769,7.2438],[-73.7738,7.2424],[-73.7624,7.2424],[-73.7539,7.2339],[-73.7498,7.2311],[-73.7455,7.2308],[-73.7339,7.2379],[-73.7259,7.2408],[-73.7206,7.2529],[-73.7098,7.2507],[-73.7061,7.2538],[-73.6997,7.2536],[-73.6965,7.2567],[-73.6919,7.2514],[-73.6846,7.25],[-73.6801,7.2468],[-73.677,7.2373],[-73.673,7.2362],[-73.668,7.2436],[-73.6657,7.2432],[-73.6656,7.2405],[-73.6685,7.2358],[-73.6668,7.2285],[-73.6609,7.2245],[-73.6577,7.2268],[-73.6549,7.2257],[-73.6533,7.2189],[-73.6482,7.2128],[-73.6393,7.2097],[-73.6355,7.2108],[-73.6312,7.2063],[-73.6283,7.2058],[-73.6234,7.2084],[-73.6205,7.2064],[-73.6183,7.207],[-73.6181,7.201],[-73.6121,7.1899],[-73.6108,7.1799],[-73.6089,7.1781],[-73.6036,7.1771],[-73.5999,7.1796],[-73.593,7.1775],[-73.5907,7.1804],[-73.5723,7.1773],[-73.5705,7.1761],[-73.5688,7.1671],[-73.567,7.1651],[-73.5621,7.1646],[-73.5609,7.1617],[-73.5521,7.1619],[-73.5492,7.1578],[-73.545,7.1595],[-73.5409,7.1523],[-73.5331,7.1461],[-73.5262,7.1451],[-73.5199,7.1405],[-73.513,7.1401],[-73.5097,7.1442],[-73.504,7.1421],[-73.4856,7.1456],[-73.4839,7.1417],[-73.4757,7.1411],[-73.4726,7.1359],[-73.4617,7.1315],[-73.4526,7.1328],[-73.4394,7.1305],[-73.4371,7.1208],[-73.4337,7.1165],[-73.4227,7.1106],[-73.4136,7.1031],[-73.4008,7.0991],[-73.3948,7.0933],[-73.3947,7.0845],[-73.3867,7.0746],[-73.3852,7.0698],[-73.3781,7.066],[-73.3741,7.0618],[-73.3676,7.0606],[-73.3665,7.062],[-73.3588,7.0627],[-73.353,7.0607],[-73.3497,7.0637],[-73.3474,7.0636],[-73.345,7.0602],[-73.3447,7.0563],[-73.3478,7.0499],[-73.3442,7.0407],[-73.3278,7.0314],[-73.3213,7.031],[-73.3121,7.0259],[-73.2964,7.0199],[-73.2929,7.0138],[-73.287,7.0099],[-73.278,6.9868],[-73.2617,6.9666],[-73.2546,6.9649],[-73.2507,6.9615],[-73.2389,6.9574],[-73.2299,6.9473],[-73.2256,6.9359],[-73.2203,6.9284],[-73.2078,6.9144],[-73.2014,6.9045],[-73.1936,6.9013],[-73.1863,6.9014],[-73.183,6.8946],[-73.177,6.8881],[-73.1759,6.8826],[-73.1725,6.8818],[-73.1712,6.8666],[-73.167,6.8504],[-73.1695,6.8466],[-73.1715,6.8376],[-73.1764,6.8315],[-73.1766,6.8273],[-73.1802,6.8264],[-73.1817,6.8239],[-73.1847,6.8111],[-73.1993,6.7973],[-73.1985,6.7905],[-73.201,6.7873],[-73.2011,6.7844],[-73.1993,6.7687],[-73.1979,6.7677],[-73.2002,6.784],[-73.2003,6.7868],[-73.1978,6.7898],[-73.1983,6.798],[-73.1937,6.8004],[-73.1882,6.8076],[-73.1838,6.8105],[-73.181,6.8241],[-73.1754,6.8277],[-73.1761,6.8311],[-73.1704,6.8383],[-73.1687,6.8424],[-73.169,6.8468],[-73.1666,6.85],[-73.1704,6.8668],[-73.1717,6.8822],[-73.1756,6.8838],[-73.1761,6.8881],[-73.1831,6.8958],[-73.1856,6.9019],[-73.1883,6.9031],[-73.1934,6.902],[-73.2014,6.9054],[-73.2076,6.9151],[-73.2246,6.9356],[-73.2281,6.9455],[-73.2378,6.957],[-73.2622,6.9689],[-73.2764,6.9857],[-73.2869,7.011],[-73.2929,7.0148],[-73.2964,7.021],[-73.3117,7.0263],[-73.3221,7.0319],[-73.3278,7.0321],[-73.3417,7.0398],[-73.3453,7.0459],[-73.3432,7.0587],[-73.3465,7.0649],[-73.3494,7.0652],[-73.3532,7.0631],[-73.356,7.0636],[-73.3699,7.0674],[-73.374,7.0699],[-73.3767,7.0687],[-73.3785,7.0718],[-73.3821,7.0724],[-73.3858,7.0776],[-73.3899,7.0798],[-73.3936,7.0844],[-73.3947,7.0873],[-73.3936,7.0924],[-73.3944,7.0946],[-73.4012,7.0997],[-73.4122,7.1035],[-73.4236,7.1132],[-73.4326,7.1173],[-73.4365,7.1235],[-73.4369,7.13],[-73.4407,7.1343],[-73.449,7.1344],[-73.4534,7.1406],[-73.4573,7.1416],[-73.4583,7.1433],[-73.4707,7.1457],[-73.4789,7.1514],[-73.4932,7.1511],[-73.497,7.1523],[-73.5,7.1496],[-73.506,7.1504],[-73.5114,7.1446],[-73.5161,7.1444],[-73.5201,7.1462],[-73.5233,7.148],[-73.525,7.1542],[-73.5283,7.1568],[-73.5357,7.1565],[-73.5483,7.1633],[-73.5516,7.1669],[-73.5618,7.1681],[-73.5648,7.1696],[-73.5667,7.183],[-73.5722,7.1855],[-73.5727,7.1877],[-73.5797,7.1875],[-73.5829,7.1848],[-73.591,7.1821],[-73.598,7.1923],[-73.6047,7.1939],[-73.6069,7.193],[-73.6123,7.1964],[-73.6133,7.2043],[-73.6192,7.2119],[-73.6297,7.2122],[-73.6313,7.2166],[-73.6352,7.2201],[-73.6394,7.2199],[-73.6429,7.2222],[-73.646,7.222],[-73.6501,7.2262],[-73.6579,7.2295],[-73.6639,7.2282],[-73.6669,7.2361],[-73.6647,7.2411],[-73.6652,7.2433],[-73.6687,7.2446],[-73.6748,7.2424],[-73.6756,7.2465],[-73.6793,7.2475],[-73.6831,7.2508],[-73.6903,7.2519],[-73.6929,7.2537],[-73.6939,7.2568]],[[-73.7145,7.2546],[-73.7161,7.2545],[-73.714,7.2554],[-73.7145,7.2546]],[[-73.7101,7.254],[-73.7079,7.2534],[-73.7096,7.251],[-73.7136,7.2517],[-73.7101,7.254]],[[-73.7113,7.2534],[-73.7135,7.2525],[-73.7123,7.2539],[-73.7113,7.2534]],[[-73.729,7.2435],[-73.7266,7.2456],[-73.728,7.2436],[-73.729,7.2435]],[[-73.7271,7.2432],[-73.7259,7.2443],[-73.7255,7.2422],[-73.7287,7.2411],[-73.7271,7.2432]],[[-73.7959,7.2279],[-73.7947,7.2314],[-73.7947,7.2291],[-73.7959,7.2279]],[[-73.8116,7.2283],[-73.8131,7.2259],[-73.815,7.226],[-73.8116,7.2283]],[[-73.8507,7.2155],[-73.8445,7.2225],[-73.8379,7.2259],[-73.84,7.2224],[-73.8507,7.2155]],[[-73.866,7.2071],[-73.8668,7.2044],[-73.8731,7.2008],[-73.8715,7.2039],[-73.866,7.2071]],[[-73.869,7.2008],[-73.867,7.2013],[-73.8671,7.1996],[-73.8706,7.1965],[-73.8789,7.1932],[-73.8762,7.1974],[-73.869,7.2008]],[[-73.8918,7.1925],[-73.8901,7.1893],[-73.8843,7.1889],[-73.8872,7.1869],[-73.8928,7.1862],[-73.8965,7.1872],[-73.8991,7.1897],[-73.8918,7.1925]],[[-73.9093,7.2004],[-73.9072,7.1981],[-73.9082,7.196],[-73.9104,7.199],[-73.9104,7.2007],[-73.9093,7.2004]],[[-73.9111,7.2041],[-73.9099,7.2024],[-73.9125,7.2041],[-73.9111,7.2041]],[[-73.917,7.207],[-73.9163,7.2052],[-73.9188,7.2054],[-73.9184,7.2078],[-73.917,7.207]],[[-73.6766,7.2412],[-73.678,7.2467],[-73.6758,7.246],[-73.6762,7.2433],[-73.6744,7.2416],[-73.6706,7.2428],[-73.6737,7.2391],[-73.6766,7.2412]],[[-73.6722,7.2392],[-73.6706,7.2401],[-73.6735,7.2373],[-73.6767,7.2385],[-73.6777,7.2408],[-73.6749,7.2384],[-73.6722,7.2392]],[[-73.6481,7.2163],[-73.6525,7.2208],[-73.6526,7.2251],[-73.6513,7.2263],[-73.646,7.2206],[-73.6481,7.2163]],[[-73.646,7.2165],[-73.646,7.2189],[-73.6451,7.2173],[-73.6439,7.2182],[-73.6409,7.217],[-73.6421,7.2124],[-73.6477,7.2138],[-73.6484,7.2154],[-73.646,7.2165]],[[-73.6352,7.2186],[-73.6315,7.2114],[-73.6276,7.2092],[-73.6278,7.2077],[-73.6319,7.207],[-73.6353,7.2114],[-73.6385,7.2103],[-73.6426,7.2114],[-73.6395,7.2139],[-73.638,7.2176],[-73.6352,7.2186]],[[-73.6291,7.2068],[-73.627,7.2082],[-73.6271,7.2102],[-73.623,7.2111],[-73.6197,7.2105],[-73.6184,7.2075],[-73.6205,7.207],[-73.6231,7.209],[-73.6281,7.2062],[-73.6291,7.2068]],[[-73.6386,7.2179],[-73.6408,7.2135],[-73.6405,7.2164],[-73.6386,7.2179]],[[-73.6159,7.2036],[-73.6155,7.2055],[-73.6139,7.2043],[-73.6141,7.1971],[-73.6159,7.2036]],[[-73.6163,7.2033],[-73.6154,7.199],[-73.6168,7.2014],[-73.6163,7.2033]],[[-73.6127,7.1923],[-73.6139,7.1948],[-73.6115,7.1934],[-73.6127,7.1923]],[[-73.61,7.1925],[-73.6098,7.1937],[-73.6084,7.191],[-73.61,7.1925]],[[-73.6005,7.191],[-73.5981,7.1889],[-73.6002,7.1893],[-73.6005,7.191]],[[-73.6083,7.1882],[-73.6004,7.1875],[-73.5963,7.1818],[-73.5914,7.1801],[-73.5919,7.1783],[-73.5997,7.1799],[-73.6037,7.1775],[-73.6082,7.1783],[-73.6104,7.1802],[-73.6116,7.1888],[-73.6083,7.1882]],[[-73.5857,7.1817],[-73.583,7.183],[-73.5861,7.1806],[-73.5891,7.1809],[-73.5857,7.1817]],[[-73.5781,7.1826],[-73.5823,7.184],[-73.5794,7.186],[-73.5742,7.1828],[-73.5692,7.1844],[-73.5684,7.1795],[-73.5755,7.1794],[-73.5781,7.1826]],[[-73.5782,7.1847],[-73.5788,7.187],[-73.5773,7.1852],[-73.5782,7.1847]],[[-73.5747,7.1868],[-73.5734,7.1875],[-73.5712,7.1847],[-73.5748,7.1839],[-73.5756,7.1855],[-73.5747,7.1868]],[[-73.5767,7.1866],[-73.5765,7.1855],[-73.5772,7.1862],[-73.5767,7.1866]],[[-73.5674,7.1798],[-73.5671,7.1819],[-73.5669,7.1802],[-73.5674,7.1798]],[[-73.5804,7.1802],[-73.5798,7.1794],[-73.5822,7.1798],[-73.5804,7.1802]],[[-73.5841,7.1799],[-73.5849,7.1802],[-73.5825,7.1813],[-73.5841,7.1799]],[[-73.5807,7.181],[-73.5809,7.182],[-73.5787,7.1818],[-73.5807,7.181]],[[-73.6054,7.1892],[-73.6069,7.1895],[-73.6041,7.1907],[-73.6054,7.1892]],[[-73.6099,7.1905],[-73.6093,7.1895],[-73.6121,7.1907],[-73.6099,7.1905]],[[-73.5684,7.1759],[-73.57,7.1775],[-73.5684,7.177],[-73.5684,7.1759]],[[-73.5668,7.1716],[-73.5673,7.1728],[-73.5666,7.1746],[-73.5668,7.1716]],[[-73.5659,7.1665],[-73.5669,7.1675],[-73.567,7.1698],[-73.5659,7.1665]],[[-73.5609,7.1665],[-73.5585,7.1667],[-73.5603,7.1655],[-73.5609,7.1665]],[[-73.5562,7.1658],[-73.5526,7.1631],[-73.5599,7.1624],[-73.56,7.1647],[-73.5562,7.1658]],[[-73.5503,7.1629],[-73.5512,7.1658],[-73.5477,7.1623],[-73.5503,7.1629]],[[-73.5418,7.1597],[-73.5355,7.1562],[-73.5271,7.1557],[-73.5251,7.1536],[-73.5237,7.1478],[-73.5205,7.146],[-73.5242,7.1463],[-73.5285,7.1547],[-73.534,7.1528],[-73.5373,7.1536],[-73.5418,7.1597]],[[-73.5285,7.1543],[-73.5247,7.1463],[-73.5375,7.1529],[-73.5336,7.1525],[-73.5285,7.1543]],[[-73.5039,7.1434],[-73.5082,7.1452],[-73.5072,7.1471],[-73.5039,7.1475],[-73.5028,7.1441],[-73.5039,7.1434]],[[-73.4955,7.1456],[-73.4967,7.1463],[-73.4933,7.1479],[-73.4901,7.147],[-73.4835,7.1489],[-73.481,7.1472],[-73.4733,7.1463],[-73.4631,7.1409],[-73.4586,7.137],[-73.4705,7.1399],[-73.4768,7.1434],[-73.4818,7.1422],[-73.4869,7.1472],[-73.4916,7.1453],[-73.4955,7.1456]],[[-73.4917,7.1478],[-73.4931,7.1484],[-73.4923,7.1495],[-73.4829,7.1499],[-73.4917,7.1478]],[[-73.4947,7.15],[-73.4986,7.149],[-73.4966,7.1514],[-73.4947,7.15]],[[-73.4764,7.1486],[-73.482,7.1503],[-73.4788,7.1502],[-73.4764,7.1486]],[[-73.4561,7.137],[-73.4614,7.143],[-73.4536,7.1396],[-73.4517,7.1356],[-73.4561,7.137]],[[-73.4551,7.1353],[-73.4531,7.134],[-73.455,7.1327],[-73.4624,7.1346],[-73.4585,7.1325],[-73.4599,7.1322],[-73.4677,7.1363],[-73.4629,7.1374],[-73.4637,7.1368],[-73.461,7.1369],[-73.4604,7.1353],[-73.4551,7.1353]],[[-73.4444,7.1331],[-73.4418,7.1338],[-73.4402,7.1324],[-73.4444,7.1331]],[[-73.4684,7.1369],[-73.4686,7.136],[-73.4729,7.1369],[-73.4736,7.1399],[-73.4687,7.1385],[-73.4684,7.1369]],[[-73.5191,7.1421],[-73.5191,7.1441],[-73.516,7.1424],[-73.5191,7.1421]],[[-73.3836,7.0697],[-73.3852,7.0702],[-73.3863,7.0745],[-73.3815,7.0683],[-73.3836,7.0697]],[[-73.3795,7.0683],[-73.3793,7.0713],[-73.3779,7.0679],[-73.3795,7.0683]],[[-73.3762,7.0677],[-73.374,7.0696],[-73.3707,7.0671],[-73.3737,7.0664],[-73.3762,7.0677]],[[-73.3706,7.0664],[-73.3697,7.067],[-73.3679,7.0662],[-73.3706,7.0664]],[[-73.376,7.0661],[-73.3747,7.0649],[-73.3762,7.0648],[-73.376,7.0661]],[[-73.3744,7.0647],[-73.371,7.0645],[-73.3743,7.0633],[-73.3755,7.0643],[-73.3744,7.0647]],[[-73.368,7.0647],[-73.3647,7.0644],[-73.3662,7.0631],[-73.368,7.0647]],[[-73.3646,7.0631],[-73.3625,7.0642],[-73.3602,7.0633],[-73.3646,7.0631]],[[-73.3682,7.063],[-73.3737,7.0626],[-73.3703,7.0639],[-73.3682,7.063]],[[-73.3699,7.0625],[-73.3682,7.0615],[-73.3729,7.0621],[-73.3699,7.0625]]]}},{"type":"Feature","properties":{"nombre":"Caño San Silvestre","tipo":"río"},"geometry":{"type":"Polygon","coordinates":[[[-73.884,7.171],[-73.8882,7.1728],[-73.8906,7.1763],[-73.8893,7.1809],[-73.8855,7.1856],[-73.8902,7.1804],[-73.8902,7.1746],[-73.8848,7.1706],[-73.876,7.1713],[-73.8716,7.1643],[-73.8721,7.1605],[-73.8751,7.1568],[-73.8821,7.1558],[-73.8835,7.1507],[-73.882,7.1477],[-73.8759,7.1467],[-73.8727,7.1425],[-73.873,7.141],[-73.8668,7.1351],[-73.869,7.1282],[-73.8727,7.1313],[-73.8777,7.1307],[-73.8798,7.1244],[-73.8778,7.1211],[-73.8795,7.1266],[-73.8775,7.1304],[-73.8729,7.131],[-73.8691,7.1273],[-73.867,7.1301],[-73.8664,7.1351],[-73.8723,7.1408],[-73.8757,7.1473],[-73.8817,7.1483],[-73.8832,7.151],[-73.8814,7.1556],[-73.8752,7.156],[-73.872,7.1601],[-73.8721,7.1668],[-73.8766,7.1718],[-73.884,7.171]]]}},{"type":"Feature","properties":{"nombre":"Río Cimitarra","tipo":"río"},"geometry":{"type":"Polygon","coordinates":[[[-73.9206,7.4681],[-73.9208,7.4694],[-73.9311,7.4679],[-73.9351,7.4651],[-73.9379,7.4465],[-73.9436,7.4366],[-73.9513,7.4318],[-73.9519,7.426],[-73.9547,7.4201],[-73.9518,7.413],[-73.9535,7.4105],[-73.9568,7.4091],[-73.9566,7.398],[-73.9528,7.3958],[-73.953,7.391],[-73.9515,7.3903],[-73.9474,7.393],[-73.9504,7.397],[-73.9455,7.3942],[-73.9432,7.3879],[-73.9393,7.3876],[-73.941,7.384],[-73.9372,7.3778],[-73.9426,7.376],[-73.9438,7.3696],[-73.9516,7.3691],[-73.9613,7.3637],[-73.962,7.3616],[-73.9603,7.3569],[-73.9536,7.3521],[-73.9571,7.3484],[-73.9569,7.3408],[-73.9593,7.3391],[-73.9679,7.3387],[-73.9796,7.3301],[-73.9871,7.3155],[-73.9869,7.3072],[-73.9836,7.3058],[-73.9836,7.3046],[-73.9885,7.2981],[-73.9948,7.3008],[-73.9977,7.2994],[-73.9979,7.2973],[-73.9944,7.2954],[-73.9987,7.2857],[-74.0035,7.282],[-74.0049,7.2759],[-74.0038,7.2744],[-74.0001,7.2743],[-73.9964,7.2794],[-73.996,7.2784],[-74.0023,7.2694],[-74.0036,7.2556],[-74.0065,7.2498],[-74.0008,7.2485],[-74.01,7.2435],[-74.0095,7.2384],[-74.0117,7.234],[-74.0053,7.2319],[-74.0054,7.2306],[-74.0086,7.2214],[-74.0103,7.2203],[-74.0164,7.2205],[-74.0164,7.2159],[-74.0134,7.2114],[-74.0171,7.2077],[-74.0166,7.2038],[-74.0209,7.2028],[-74.0223,7.2002],[-74.0193,7.1919],[-74.0149,7.1905],[-74.0168,7.1852],[-74.0103,7.1827],[-74.0094,7.181],[-74.0163,7.1762],[-74.0223,7.1782],[-74.024,7.1771],[-74.0238,7.1743],[-74.0191,7.1719],[-74.0174,7.1691],[-74.0148,7.169],[-74.0136,7.1654],[-74.0166,7.1608],[-74.0177,7.1532],[-74.022,7.1531],[-74.024,7.1511],[-74.0227,7.1455],[-74.027,7.1449],[-74.0253,7.1425],[-74.0269,7.1424],[-74.0286,7.1399],[-74.0307,7.1413],[-74.032,7.1384],[-74.0329,7.1385],[-74.0325,7.1416],[-74.034,7.1423],[-74.0351,7.1392],[-74.0344,7.1342],[-74.0375,7.1342],[-74.0363,7.1378],[-74.0375,7.1385],[-74.0395,7.1357],[-74.0424,7.1349],[-74.0419,7.1316],[-74.0435,7.1287],[-74.0435,7.131],[-74.0461,7.1329],[-74.0504,7.1298],[-74.0502,7.1276],[-74.0562,7.127],[-74.0629,7.1329],[-74.0659,7.1294],[-74.0708,7.129],[-74.0718,7.1267],[-74.0682,7.1268],[-74.0678,7.1219],[-74.0692,7.1237],[-74.0748,7.1245],[-74.0746,7.1222],[-74.0722,7.1216],[-74.0741,7.1186],[-74.0782,7.1163],[-74.0757,7.1136],[-74.0783,7.11],[-74.0847,7.1056],[-74.0865,7.1063],[-74.0873,7.1036],[-74.0908,7.1043],[-74.0936,7.1073],[-74.0933,7.1008],[-74.0993,7.1019],[-74.0998,7.1057],[-74.1015,7.1067],[-74.1008,7.1009],[-74.1026,7.1017],[-74.1035,7.0988],[-74.1076,7.0986],[-74.1048,7.0938],[-74.1075,7.0944],[-74.1126,7.0907],[-74.1147,7.093],[-74.119,7.0933],[-74.1199,7.0895],[-74.1223,7.0903],[-74.1237,7.0888],[-74.1244,7.0941],[-74.1294,7.0941],[-74.1299,7.0962],[-74.1311,7.0924],[-74.134,7.0981],[-74.1375,7.0974],[-74.1379,7.0956],[-74.1348,7.0947],[-74.1379,7.0918],[-74.135,7.0876],[-74.1395,7.091],[-74.142,7.0909],[-74.1407,7.0871],[-74.1426,7.0868],[-74.1427,7.0839],[-74.1454,7.0853],[-74.1446,7.0827],[-74.147,7.0828],[-74.1482,7.078],[-74.1496,7.0771],[-74.1514,7.0787],[-74.1622,7.0661],[-74.1684,7.0622],[-74.1754,7.0631],[-74.1769,7.0586],[-74.1751,7.0568],[-74.1783,7.0538],[-74.1769,7.0512],[-74.1808,7.0521],[-74.1827,7.0509],[-74.1829,7.0457],[-74.1847,7.044],[-74.185,7.0409],[-74.194,7.0402],[-74.1949,7.0388],[-74.1975,7.0401],[-74.2015,7.0356],[-74.1998,7.0327],[-74.2032,7.0332],[-74.2091,7.0306],[-74.2086,7.0292],[-74.2053,7.0303],[-74.2035,7.0286],[-74.2071,7.029],[-74.2055,7.0256],[-74.2092,7.0212],[-74.2128,7.0253],[-74.2159,7.0243],[-74.2136,7.0182],[-74.2165,7.0169],[-74.2195,7.0109],[-74.2191,7.008],[-74.2161,7.0068],[-74.2168,7.0038],[-74.224,7.0064],[-74.2291,7.0059],[-74.2304,7.0071],[-74.2307,7.0109],[-74.2327,7.0071],[-74.2364,7.0083],[-74.2372,7.0045],[-74.2408,7.0042],[-74.2407,7.0066],[-74.2423,7.0078],[-74.2439,7.0055],[-74.2424,7.0072],[-74.2405,7.0037],[-74.2377,7.0038],[-74.2361,7.0047],[-74.2362,7.0078],[-74.2326,7.0067],[-74.2311,7.0102],[-74.2311,7.0075],[-74.229,7.0055],[-74.2239,7.0059],[-74.2217,7.0042],[-74.2162,7.0035],[-74.2157,7.0073],[-74.2188,7.0084],[-74.2192,7.0103],[-74.2162,7.0164],[-74.2131,7.0186],[-74.215,7.0245],[-74.2121,7.0245],[-74.2094,7.0205],[-74.205,7.0254],[-74.2065,7.0286],[-74.203,7.0282],[-74.205,7.0309],[-74.2088,7.0303],[-74.2022,7.0328],[-74.1994,7.0324],[-74.2006,7.0357],[-74.1975,7.0397],[-74.1952,7.0384],[-74.1939,7.0397],[-74.1846,7.0403],[-74.1843,7.0435],[-74.1822,7.0453],[-74.1825,7.0506],[-74.1803,7.0517],[-74.177,7.0505],[-74.1763,7.0517],[-74.1778,7.0538],[-74.1747,7.0565],[-74.1762,7.0588],[-74.175,7.0628],[-74.1684,7.0617],[-74.1623,7.0654],[-74.1537,7.0741],[-74.1515,7.0781],[-74.1499,7.0768],[-74.1477,7.078],[-74.1467,7.0823],[-74.144,7.0825],[-74.1446,7.0845],[-74.1423,7.0837],[-74.1422,7.086],[-74.1405,7.0872],[-74.1417,7.0907],[-74.1396,7.0907],[-74.1368,7.0873],[-74.1348,7.087],[-74.1372,7.0912],[-74.1344,7.0944],[-74.1375,7.0958],[-74.1363,7.0977],[-74.1337,7.097],[-74.131,7.0918],[-74.1301,7.0954],[-74.1294,7.0936],[-74.1249,7.0938],[-74.124,7.0885],[-74.1219,7.0898],[-74.1201,7.0889],[-74.1189,7.0929],[-74.1141,7.0924],[-74.1125,7.0903],[-74.1072,7.0942],[-74.1045,7.0935],[-74.1039,7.0948],[-74.1067,7.099],[-74.1035,7.0982],[-74.1023,7.1014],[-74.1015,7.0985],[-74.0993,7.1013],[-74.0931,7.1005],[-74.0934,7.1069],[-74.0906,7.1039],[-74.0877,7.1031],[-74.0861,7.1057],[-74.0847,7.105],[-74.0779,7.1093],[-74.0752,7.1142],[-74.0778,7.1164],[-74.0739,7.1181],[-74.0718,7.1212],[-74.0722,7.1225],[-74.0745,7.1228],[-74.0744,7.1242],[-74.0673,7.1218],[-74.0676,7.1266],[-74.0715,7.1267],[-74.0703,7.1288],[-74.0658,7.1288],[-74.0627,7.1324],[-74.062,7.1304],[-74.0566,7.1265],[-74.0496,7.127],[-74.0498,7.1298],[-74.0455,7.1325],[-74.0436,7.1283],[-74.0415,7.1307],[-74.0421,7.1344],[-74.0389,7.1354],[-74.0375,7.1378],[-74.038,7.134],[-74.0353,7.1331],[-74.0341,7.1341],[-74.0339,7.1416],[-74.0325,7.1377],[-74.0307,7.1405],[-74.0284,7.1394],[-74.0271,7.1417],[-74.025,7.1421],[-74.0261,7.145],[-74.0225,7.1449],[-74.0235,7.1511],[-74.0202,7.1528],[-74.0175,7.1523],[-74.0162,7.1606],[-74.0127,7.1648],[-74.0146,7.1697],[-74.0175,7.1697],[-74.0188,7.1725],[-74.0238,7.1748],[-74.0234,7.1775],[-74.0165,7.1757],[-74.0089,7.1805],[-74.01,7.183],[-74.0163,7.1858],[-74.0139,7.1881],[-74.0144,7.1905],[-74.0135,7.1955],[-74.0113,7.1982],[-74.0107,7.207],[-74.013,7.211],[-74.0126,7.2127],[-74.016,7.2169],[-74.016,7.2192],[-74.0152,7.2202],[-74.0104,7.2196],[-74.0074,7.2216],[-74.0066,7.2277],[-74.0043,7.2318],[-74.0102,7.2346],[-74.0085,7.2388],[-74.0093,7.2428],[-73.9996,7.2485],[-74.0005,7.25],[-74.0046,7.2495],[-74.0055,7.2505],[-74.0029,7.2548],[-74.0017,7.2694],[-73.9952,7.2791],[-73.9969,7.28],[-74.0003,7.2752],[-74.0029,7.2745],[-74.0042,7.2759],[-74.003,7.2812],[-73.997,7.2865],[-73.9934,7.2955],[-73.9971,7.2988],[-73.9945,7.3],[-73.9887,7.297],[-73.9826,7.3043],[-73.9833,7.3067],[-73.9863,7.3074],[-73.9864,7.315],[-73.9796,7.3289],[-73.9686,7.3375],[-73.9647,7.339],[-73.9584,7.3387],[-73.9554,7.3422],[-73.9561,7.3489],[-73.9532,7.3527],[-73.9601,7.358],[-73.9612,7.3615],[-73.9604,7.364],[-73.9511,7.3687],[-73.9465,7.3677],[-73.944,7.3687],[-73.9423,7.3705],[-73.942,7.3753],[-73.9367,7.3768],[-73.9366,7.3791],[-73.9401,7.3841],[-73.9385,7.388],[-73.9425,7.3889],[-73.9432,7.3931],[-73.949,7.3976],[-73.9511,7.3974],[-73.9483,7.394],[-73.9486,7.3925],[-73.9524,7.3911],[-73.9526,7.3967],[-73.9558,7.3978],[-73.956,7.4089],[-73.9533,7.4096],[-73.9513,7.4124],[-73.9539,7.421],[-73.9507,7.4272],[-73.9505,7.4314],[-73.9425,7.4359],[-73.9377,7.4444],[-73.933,7.4663],[-73.9208,7.4668],[-73.9206,7.4681]],[[-74.0166,7.2031],[-74.0168,7.2077],[-74.0129,7.2099],[-74.0112,7.2077],[-74.0144,7.1913],[-74.019,7.1922],[-74.0219,7.2003],[-74.0204,7.2024],[-74.0166,7.2031]],[[-74.0133,7.1968],[-74.0119,7.2012],[-74.0115,7.1981],[-74.0133,7.1968]]]}},{"type":"Feature","properties":{"nombre":"Brazuelo Sinzona","tipo":"río"},"geometry":{"type":"Polygon","coordinates":[[[-73.9111,7.4275],[-73.911,7.4323],[-73.9172,7.4378],[-73.9188,7.4411],[-73.9189,7.4529],[-73.9215,7.4606],[-73.9193,7.4691],[-73.9199,7.4724],[-73.9224,7.4617],[-73.9219,7.4555],[-73.9194,7.4495],[-73.9195,7.44],[-73.9131,7.4328],[-73.9121,7.4229],[-73.9153,7.4181],[-73.9189,7.416],[-73.9215,7.4086],[-73.9198,7.4039],[-73.9159,7.4009],[-73.9132,7.3866],[-73.9119,7.3883],[-73.9133,7.3944],[-73.9125,7.4063],[-73.9117,7.4088],[-73.9062,7.4114],[-73.9047,7.4168],[-73.9077,7.4203],[-73.9085,7.4257],[-73.9111,7.4275]],[[-73.9116,7.4232],[-73.9061,7.4178],[-73.9059,7.413],[-73.9123,7.4084],[-73.9143,7.3954],[-73.9157,7.4014],[-73.9203,7.4052],[-73.9214,7.4101],[-73.9178,7.4166],[-73.9149,7.4179],[-73.9116,7.4232]],[[-73.9107,7.4235],[-73.9115,7.427],[-73.9088,7.4254],[-73.9079,7.4204],[-73.9107,7.4235]]]}},{"type":"Feature","properties":{"nombre":"Quebrada La Gómez","tipo":"río"},"geometry":{"type":"Polygon","coordinates":[[[-73.7765,7.4345],[-73.7756,7.4231],[-73.7723,7.4233],[-73.7707,7.4208],[-73.7648,7.4233],[-73.7642,7.4217],[-73.7591,7.4204],[-73.7577,7.4155],[-73.7549,7.4125],[-73.7496,7.4126],[-73.7503,7.4104],[-73.7491,7.4076],[-73.7505,7.4056],[-73.7492,7.4056],[-73.749,7.4025],[-73.7458,7.4023],[-73.7488,7.4029],[-73.7489,7.4059],[-73.7503,7.4058],[-73.7487,7.408],[-73.75,7.4104],[-73.7494,7.4126],[-73.7548,7.413],[-73.7575,7.4158],[-73.7588,7.4206],[-73.7635,7.4215],[-73.7648,7.4236],[-73.7703,7.4212],[-73.7721,7.4235],[-73.7754,7.4235],[-73.7765,7.4345]]]}},{"type":"Feature","properties":{"nombre":"Río Lebrija","tipo":"río"},"geometry":{"type":"Polygon","coordinates":[[[-73.7692,8.116],[-73.7732,8.122],[-73.7722,8.1289],[-73.7741,8.1343],[-73.7729,8.1285],[-73.7738,8.1222],[-73.77,8.1172],[-73.7752,8.1118],[-73.7745,8.1049],[-73.7767,8.1031],[-73.7804,8.1034],[-73.7881,8.1081],[-73.7909,8.1064],[-73.7918,8.1025],[-73.7846,8.0976],[-73.7798,8.0984],[-73.7779,8.0951],[-73.7735,8.0936],[-73.7757,8.0876],[-73.7708,8.0839],[-73.7698,8.0793],[-73.7654,8.0761],[-73.7692,8.0747],[-73.7695,8.0727],[-73.7649,8.0686],[-73.7645,8.0628],[-73.7626,8.0612],[-73.7583,8.0611],[-73.7561,8.0586],[-73.7497,8.058],[-73.7489,8.0504],[-73.7445,8.0521],[-73.7424,8.0484],[-73.7427,8.0474],[-73.747,8.0477],[-73.7498,8.0464],[-73.7496,8.043],[-73.7447,8.0407],[-73.7407,8.035],[-73.7349,8.035],[-73.733,8.0326],[-73.7328,8.0296],[-73.7378,8.0261],[-73.7379,8.0202],[-73.7362,8.0179],[-73.7329,8.0179],[-73.7267,8.0117],[-73.7255,8.0061],[-73.7207,8.0001],[-73.7217,7.9963],[-73.7265,7.9936],[-73.7275,7.9912],[-73.7256,7.9904],[-73.7215,7.9921],[-73.7196,7.9896],[-73.7244,7.9891],[-73.7283,7.9857],[-73.7271,7.9841],[-73.72,7.9834],[-73.7226,7.9784],[-73.7218,7.9732],[-73.7239,7.9706],[-73.7238,7.9678],[-73.7155,7.9659],[-73.7099,7.9697],[-73.7078,7.9693],[-73.7033,7.9648],[-73.7032,7.9591],[-73.6977,7.9559],[-73.6971,7.9503],[-73.6905,7.9498],[-73.688,7.9523],[-73.6865,7.9502],[-73.6825,7.9511],[-73.683,7.9489],[-73.6861,7.9464],[-73.6838,7.9395],[-73.6756,7.9429],[-73.6733,7.9482],[-73.6698,7.9498],[-73.6656,7.9493],[-73.6614,7.9446],[-73.6614,7.9402],[-73.6562,7.9319],[-73.6563,7.9189],[-73.6527,7.9184],[-73.6507,7.9141],[-73.6524,7.9045],[-73.6577,7.8981],[-73.6597,7.8905],[-73.659,7.8842],[-73.661,7.8785],[-73.6589,7.8737],[-73.6596,7.8695],[-73.6636,7.8687],[-73.669,7.8604],[-73.6724,7.86],[-73.6748,7.858],[-73.6774,7.8585],[-73.6779,7.8497],[-73.6915,7.8354],[-73.6904,7.8262],[-73.695,7.8246],[-73.7009,7.8278],[-73.7023,7.8263],[-73.7007,7.8214],[-73.7022,7.8195],[-73.7061,7.8172],[-73.7132,7.8189],[-73.7136,7.8124],[-73.711,7.8072],[-73.7136,7.8049],[-73.7133,7.8002],[-73.7154,7.8],[-73.7188,7.7965],[-73.7258,7.7946],[-73.7336,7.8029],[-73.7393,7.8007],[-73.742,7.7979],[-73.7432,7.79],[-73.7416,7.7872],[-73.7378,7.7858],[-73.7403,7.7775],[-73.7442,7.7788],[-73.7474,7.7775],[-73.7496,7.7735],[-73.7552,7.7755],[-73.7597,7.7741],[-73.762,7.7717],[-73.7622,7.7705],[-73.7589,7.7687],[-73.7632,7.7679],[-73.7633,7.7664],[-73.7589,7.7669],[-73.7563,7.7646],[-73.757,7.7623],[-73.7606,7.7626],[-73.762,7.7613],[-73.7609,7.7585],[-73.7582,7.7589],[-73.757,7.7577],[-73.7586,7.751],[-73.7528,7.7514],[-73.7566,7.7495],[-73.7581,7.747],[-73.7573,7.7447],[-73.7536,7.7427],[-73.7558,7.7379],[-73.7538,7.7326],[-73.7553,7.7301],[-73.7597,7.7283],[-73.7598,7.7259],[-73.7564,7.7227],[-73.7606,7.7171],[-73.7596,7.7136],[-73.7564,7.7126],[-73.7553,7.7097],[-73.7616,7.7028],[-73.7601,7.6927],[-73.7553,7.6865],[-73.755,7.6809],[-73.7519,7.6794],[-73.7473,7.6808],[-73.743,7.6749],[-73.7339,7.6766],[-73.731,7.6728],[-73.7268,7.6714],[-73.7282,7.6668],[-73.7275,7.6637],[-73.7191,7.66],[-73.7156,7.6611],[-73.7133,7.6644],[-73.7089,7.6652],[-73.706,7.67],[-73.6975,7.6734],[-73.6945,7.6694],[-73.6923,7.6575],[-73.69,7.6563],[-73.6865,7.6578],[-73.6842,7.6569],[-73.6864,7.6502],[-73.6829,7.6502],[-73.6794,7.6523],[-73.6772,7.6515],[-73.6817,7.6466],[-73.6805,7.644],[-73.6777,7.6433],[-73.6723,7.646],[-73.6685,7.6412],[-73.6659,7.643],[-73.6638,7.6478],[-73.6605,7.6476],[-73.66,7.6437],[-73.663,7.6377],[-73.6619,7.6339],[-73.6595,7.6332],[-73.6552,7.6358],[-73.6531,7.6342],[-73.6547,7.6306],[-73.6535,7.6226],[-73.656,7.6224],[-73.658,7.6245],[-73.6597,7.6237],[-73.6583,7.6184],[-73.6593,7.6137],[-73.6583,7.6125],[-73.6527,7.6137],[-73.6502,7.6126],[-73.6524,7.6073],[-73.6514,7.6037],[-73.6481,7.6032],[-73.644,7.6089],[-73.6413,7.6099],[-73.6404,7.605],[-73.6364,7.6011],[-73.6332,7.6024],[-73.6318,7.6058],[-73.6302,7.6057],[-73.6272,7.602],[-73.6237,7.6016],[-73.6203,7.6079],[-73.6175,7.6038],[-73.6124,7.6029],[-73.6104,7.599],[-73.603,7.5992],[-73.5988,7.5941],[-73.5913,7.5939],[-73.5837,7.5906],[-73.5779,7.5912],[-73.5659,7.5881],[-73.563,7.5811],[-73.5587,7.5768],[-73.5566,7.5713],[-73.5519,7.5692],[-73.5543,7.5638],[-73.5535,7.5507],[-73.5502,7.5475],[-73.5471,7.547],[-73.5419,7.5489],[-73.5396,7.5484],[-73.5415,7.5377],[-73.5379,7.5337],[-73.5307,7.5329],[-73.5275,7.5189],[-73.5214,7.5134],[-73.5151,7.5106],[-73.5146,7.5067],[-73.5123,7.5041],[-73.5103,7.5038],[-73.5055,7.5072],[-73.5007,7.5078],[-73.4947,7.5055],[-73.4879,7.5058],[-73.4798,7.5022],[-73.4779,7.5008],[-73.4773,7.4956],[-73.47,7.492],[-73.4745,7.4845],[-73.4735,7.4815],[-73.4707,7.4797],[-73.4654,7.4822],[-73.4612,7.4825],[-73.4583,7.4812],[-73.4586,7.478],[-73.4634,7.4749],[-73.4658,7.4692],[-73.4629,7.4662],[-73.4528,7.466],[-73.4521,7.4628],[-73.4542,7.4555],[-73.4513,7.4519],[-73.4475,7.4512],[-73.4438,7.4535],[-73.4412,7.4527],[-73.4408,7.4494],[-73.4453,7.4448],[-73.4451,7.4391],[-73.4396,7.4334],[-73.4346,7.4227],[-73.4296,7.4186],[-73.4209,7.4063],[-73.4168,7.4051],[-73.4133,7.407],[-73.4111,7.4139],[-73.4089,7.4152],[-73.407,7.4142],[-73.4064,7.4059],[-73.4009,7.4012],[-73.3978,7.4014],[-73.394,7.4076],[-73.3882,7.4048],[-73.3847,7.4052],[-73.3839,7.4091],[-73.3852,7.4132],[-73.3823,7.4144],[-73.3796,7.4079],[-73.3758,7.4066],[-73.3696,7.4137],[-73.371,7.4204],[-73.3689,7.4239],[-73.3597,7.4217],[-73.3557,7.4229],[-73.3551,7.4269],[-73.3527,7.426],[-73.3524,7.4213],[-73.3478,7.4169],[-73.3498,7.4101],[-73.3488,7.3995],[-73.343,7.3958],[-73.3436,7.3897],[-73.3425,7.3856],[-73.3479,7.3762],[-73.3489,7.3719],[-73.3465,7.3673],[-73.3458,7.3572],[-73.3415,7.3553],[-73.3404,7.3533],[-73.3471,7.3438],[-73.3463,7.3379],[-73.3415,7.3358],[-73.3275,7.3355],[-73.3256,7.3374],[-73.3243,7.3423],[-73.3193,7.3446],[-73.318,7.348],[-73.3097,7.3508],[-73.3076,7.3558],[-73.3045,7.3591],[-73.3027,7.3582],[-73.3046,7.3548],[-73.3041,7.3523],[-73.295,7.3519],[-73.2927,7.3487],[-73.2883,7.3477],[-73.2868,7.3427],[-73.2887,7.3374],[-73.2831,7.3331],[-73.2786,7.3325],[-73.2794,7.3285],[-73.278,7.3254],[-73.278,7.3341],[-73.2824,7.3337],[-73.288,7.3378],[-73.2851,7.3433],[-73.2869,7.3472],[-73.2894,7.3499],[-73.2921,7.3498],[-73.2958,7.3527],[-73.3038,7.3533],[-73.3014,7.3579],[-73.3043,7.36],[-73.309,7.3572],[-73.3105,7.3525],[-73.3183,7.3487],[-73.3204,7.3446],[-73.3249,7.3423],[-73.3275,7.336],[-73.3407,7.3363],[-73.3462,7.3393],[-73.3463,7.3438],[-73.3401,7.3536],[-73.3416,7.3561],[-73.3453,7.3576],[-73.3461,7.3685],[-73.3484,7.373],[-73.347,7.3765],[-73.3423,7.3802],[-73.342,7.3956],[-73.348,7.4008],[-73.3474,7.4183],[-73.3518,7.4224],[-73.352,7.4266],[-73.354,7.4294],[-73.3563,7.429],[-73.3566,7.4232],[-73.3602,7.4227],[-73.3674,7.4251],[-73.37,7.4241],[-73.3718,7.4218],[-73.3702,7.4141],[-73.3762,7.4073],[-73.3789,7.4087],[-73.3819,7.4151],[-73.3845,7.416],[-73.3861,7.4147],[-73.3845,7.4093],[-73.3853,7.4059],[-73.3949,7.4088],[-73.3982,7.4022],[-73.3999,7.4019],[-73.405,7.4056],[-73.4056,7.4135],[-73.4091,7.4165],[-73.4118,7.4153],[-73.4144,7.4074],[-73.417,7.4059],[-73.4203,7.4067],[-73.4258,7.416],[-73.4346,7.4258],[-73.4366,7.4325],[-73.4442,7.4407],[-73.4429,7.4456],[-73.439,7.4496],[-73.4399,7.4532],[-73.4425,7.4548],[-73.4483,7.4528],[-73.4516,7.4536],[-73.4529,7.4558],[-73.451,7.4619],[-73.4523,7.4671],[-73.4597,7.4672],[-73.4644,7.4694],[-73.4624,7.4739],[-73.4566,7.4784],[-73.4571,7.481],[-73.4613,7.4838],[-73.4696,7.4811],[-73.4719,7.4816],[-73.473,7.4852],[-73.4687,7.492],[-73.4708,7.4951],[-73.476,7.4963],[-73.4765,7.5011],[-73.478,7.5027],[-73.4878,7.507],[-73.4952,7.5065],[-73.5021,7.5112],[-73.5111,7.5052],[-73.5134,7.5071],[-73.5143,7.5112],[-73.5201,7.5136],[-73.526,7.5186],[-73.5299,7.5337],[-73.537,7.5349],[-73.5401,7.5379],[-73.5376,7.5482],[-73.5413,7.5505],[-73.5482,7.5482],[-73.552,7.5506],[-73.5514,7.5561],[-73.553,7.5626],[-73.5503,7.5697],[-73.556,7.5723],[-73.5575,7.577],[-73.5619,7.5817],[-73.5661,7.59],[-73.5818,7.5914],[-73.59,7.5946],[-73.5983,7.5956],[-73.6017,7.6],[-73.6089,7.5999],[-73.6134,7.6048],[-73.6169,7.6051],[-73.6184,7.6089],[-73.6211,7.6079],[-73.6243,7.6024],[-73.6271,7.6029],[-73.6306,7.6074],[-73.6324,7.6067],[-73.6349,7.6023],[-73.6375,7.6026],[-73.6394,7.609],[-73.6422,7.6108],[-73.6472,7.605],[-73.6498,7.6044],[-73.6514,7.6061],[-73.6491,7.6115],[-73.6498,7.6139],[-73.6583,7.6142],[-73.6584,7.6226],[-73.6545,7.621],[-73.6519,7.6239],[-73.6537,7.6283],[-73.6528,7.6359],[-73.6557,7.6365],[-73.6599,7.6342],[-73.6615,7.6351],[-73.6618,7.6387],[-73.6585,7.6449],[-73.6591,7.6479],[-73.6619,7.6492],[-73.6644,7.6484],[-73.6677,7.6428],[-73.6711,7.647],[-73.6766,7.6442],[-73.6805,7.6455],[-73.6805,7.6474],[-73.6765,7.6501],[-73.6762,7.6522],[-73.6783,7.6533],[-73.6849,7.6511],[-73.6833,7.6574],[-73.6848,7.6586],[-73.6891,7.6574],[-73.6912,7.6584],[-73.6937,7.6704],[-73.6963,7.6741],[-73.7074,7.6704],[-73.7098,7.6656],[-73.715,7.6645],[-73.7163,7.6615],[-73.7188,7.6612],[-73.7254,7.6633],[-73.7269,7.6657],[-73.7264,7.6718],[-73.7297,7.6729],[-73.7339,7.6776],[-73.7425,7.6756],[-73.7472,7.6816],[-73.7523,7.6803],[-73.7539,7.6817],[-73.7542,7.6862],[-73.7591,7.6926],[-73.7605,7.7031],[-73.7542,7.7101],[-73.7556,7.7127],[-73.7587,7.7143],[-73.7595,7.717],[-73.7558,7.7227],[-73.7587,7.7279],[-73.7547,7.7296],[-73.7531,7.7326],[-73.7551,7.7386],[-73.7531,7.7427],[-73.7573,7.7465],[-73.7522,7.7512],[-73.7575,7.7515],[-73.7559,7.7575],[-73.7613,7.7606],[-73.7608,7.7619],[-73.7566,7.7619],[-73.7563,7.766],[-73.7593,7.7676],[-73.763,7.7672],[-73.7579,7.7684],[-73.7612,7.7707],[-73.7591,7.7738],[-73.7536,7.7746],[-73.7502,7.7729],[-73.7457,7.7774],[-73.7431,7.7781],[-73.7404,7.7765],[-73.7369,7.7857],[-73.7423,7.7891],[-73.7405,7.799],[-73.7339,7.8019],[-73.7261,7.7939],[-73.7185,7.7958],[-73.715,7.7994],[-73.7127,7.7997],[-73.7129,7.8046],[-73.7103,7.807],[-73.7131,7.8125],[-73.7127,7.8184],[-73.7063,7.8164],[-73.7041,7.817],[-73.7002,7.8206],[-73.7009,7.827],[-73.6943,7.8239],[-73.6898,7.8257],[-73.6908,7.8351],[-73.6771,7.8493],[-73.6772,7.8579],[-73.6685,7.8601],[-73.6634,7.8679],[-73.6607,7.8674],[-73.6586,7.8696],[-73.6577,7.8752],[-73.6604,7.8788],[-73.6583,7.884],[-73.6595,7.8878],[-73.6574,7.8976],[-73.6517,7.9041],[-73.6499,7.9143],[-73.6524,7.9188],[-73.6559,7.9194],[-73.6549,7.9237],[-73.6559,7.9326],[-73.66,7.938],[-73.6608,7.9449],[-73.6632,7.946],[-73.665,7.9496],[-73.6698,7.9508],[-73.6748,7.9476],[-73.6756,7.9437],[-73.6837,7.94],[-73.6854,7.9468],[-73.6824,7.9487],[-73.682,7.9516],[-73.6864,7.9509],[-73.6879,7.9528],[-73.6906,7.9502],[-73.6967,7.9506],[-73.6973,7.9563],[-73.7029,7.9595],[-73.703,7.9648],[-73.7067,7.969],[-73.7099,7.9699],[-73.7153,7.9664],[-73.7235,7.9679],[-73.7234,7.9706],[-73.7212,7.9732],[-73.7219,7.9789],[-73.7192,7.9834],[-73.7203,7.9849],[-73.726,7.9847],[-73.7274,7.9861],[-73.7241,7.9885],[-73.7189,7.9897],[-73.7211,7.9926],[-73.7261,7.9911],[-73.7268,7.992],[-73.7213,7.9958],[-73.72,8.0003],[-73.7248,8.0061],[-73.7262,8.0122],[-73.7325,8.0185],[-73.7358,8.0186],[-73.7373,8.0205],[-73.7371,8.0258],[-73.7322,8.0292],[-73.7323,8.0329],[-73.7346,8.0356],[-73.7404,8.0356],[-73.7442,8.0412],[-73.749,8.0435],[-73.749,8.0461],[-73.7424,8.0467],[-73.7416,8.0485],[-73.7441,8.0527],[-73.7485,8.051],[-73.7491,8.0585],[-73.7517,8.0602],[-73.7561,8.0596],[-73.7584,8.0622],[-73.7623,8.0618],[-73.7639,8.0632],[-73.7643,8.0689],[-73.7687,8.0727],[-73.7649,8.0744],[-73.7648,8.0762],[-73.7692,8.0795],[-73.7701,8.0842],[-73.775,8.0878],[-73.773,8.0941],[-73.7774,8.0957],[-73.7795,8.0991],[-73.7844,8.0983],[-73.791,8.1026],[-73.7901,8.1062],[-73.7877,8.1076],[-73.7824,8.1033],[-73.7756,8.1031],[-73.7735,8.1067],[-73.7747,8.1117],[-73.7692,8.116]],[[-73.5046,7.5078],[-73.506,7.5079],[-73.5032,7.51],[-73.5008,7.5089],[-73.5046,7.5078]],[[-73.6588,7.8736],[-73.6596,7.8769],[-73.658,7.8754],[-73.6588,7.8736]],[[-73.6604,7.8687],[-73.6612,7.8675],[-73.6628,7.8682],[-73.6604,7.8687]]]}},{"type":"Feature","properties":{"nombre":"Quebrada La Putana","tipo":"río"},"geometry":{"type":"Polygon","coordinates":[[[-73.5327,7.146],[-73.5294,7.1395],[-73.518,7.1274],[-73.5188,7.1243],[-73.516,7.125],[-73.5161,7.121],[-73.5122,7.1205],[-73.5146,7.1184],[-73.5141,7.1142],[-73.5107,7.114],[-73.5099,7.1092],[-73.5052,7.111],[-73.5036,7.1087],[-73.5041,7.0947],[-73.4986,7.0901],[-73.4983,7.0866],[-73.5019,7.0845],[-73.4976,7.0771],[-73.5004,7.0765],[-73.5052,7.0718],[-73.5005,7.0672],[-73.5033,7.0607],[-73.5028,7.0581],[-73.5017,7.0567],[-73.4966,7.0558],[-73.4939,7.0599],[-73.4905,7.0604],[-73.4926,7.0566],[-73.494,7.0487],[-73.4928,7.0347],[-73.4958,7.0315],[-73.4948,7.0289],[-73.501,7.0141],[-73.5008,6.9914],[-73.4941,6.9813],[-73.4869,6.9811],[-73.4779,6.9749],[-73.4871,6.9815],[-73.4938,6.9815],[-73.4985,6.9869],[-73.5009,6.9943],[-73.5004,7.0154],[-73.4954,7.0272],[-73.4932,7.0295],[-73.4952,7.0307],[-73.4925,7.0351],[-73.4937,7.0488],[-73.4927,7.0555],[-73.4899,7.0606],[-73.4908,7.0615],[-73.4939,7.0604],[-73.4971,7.0561],[-73.5027,7.0588],[-73.5002,7.0678],[-73.5048,7.0717],[-73.4972,7.0776],[-73.5014,7.0843],[-73.4984,7.0857],[-73.4983,7.0904],[-73.5033,7.0938],[-73.5041,7.0959],[-73.5031,7.1086],[-73.5048,7.1113],[-73.5094,7.1094],[-73.5107,7.1143],[-73.5138,7.1142],[-73.5143,7.1184],[-73.512,7.1211],[-73.516,7.1214],[-73.5154,7.1249],[-73.5188,7.125],[-73.5176,7.1275],[-73.5291,7.1397],[-73.5327,7.146]]]}},{"type":"Feature","properties":{"nombre":"Río Boque","tipo":"río"},"geometry":{"type":"Polygon","coordinates":[[[-73.9054,7.9837],[-73.903,7.9898],[-73.9053,7.9933],[-73.9026,8.0012],[-73.8996,8.0042],[-73.8986,8.0141],[-73.8998,8.0143],[-73.9004,8.0042],[-73.9033,8.0017],[-73.9058,7.9937],[-73.9059,7.9916],[-73.9036,7.9896],[-73.9065,7.9828],[-73.9048,7.9803],[-73.9,7.9794],[-73.899,7.9779],[-73.9005,7.9752],[-73.8995,7.9681],[-73.9064,7.9664],[-73.9086,7.9609],[-73.9067,7.9584],[-73.9057,7.9483],[-73.9003,7.9436],[-73.8999,7.9383],[-73.8978,7.9372],[-73.9026,7.93],[-73.9064,7.9286],[-73.9065,7.9234],[-73.9085,7.9205],[-73.8998,7.9075],[-73.8996,7.9057],[-73.902,7.9029],[-73.8994,7.9004],[-73.9047,7.8937],[-73.901,7.8911],[-73.9014,7.8883],[-73.9046,7.8875],[-73.9052,7.8856],[-73.9054,7.8872],[-73.9064,7.8861],[-73.9086,7.8875],[-73.9089,7.8845],[-73.9111,7.8859],[-73.9135,7.8825],[-73.9168,7.8852],[-73.9202,7.8856],[-73.9249,7.883],[-73.9268,7.8849],[-73.9291,7.8833],[-73.9323,7.8846],[-73.9349,7.8835],[-73.9368,7.888],[-73.9382,7.8868],[-73.9445,7.889],[-73.9453,7.8862],[-73.9479,7.8867],[-73.9496,7.8833],[-73.9526,7.8845],[-73.9525,7.8804],[-73.9547,7.8794],[-73.9547,7.8763],[-73.9567,7.8767],[-73.9593,7.8741],[-73.9586,7.8718],[-73.9623,7.8714],[-73.9641,7.8659],[-73.9626,7.8646],[-73.9654,7.8646],[-73.9658,7.8618],[-73.9682,7.8592],[-73.9665,7.8573],[-73.9694,7.8572],[-73.9721,7.8538],[-73.9708,7.8508],[-73.9738,7.847],[-73.9732,7.8445],[-73.9758,7.8435],[-73.9747,7.8407],[-73.9785,7.8403],[-73.9778,7.8385],[-73.98,7.8372],[-73.9803,7.8338],[-73.9854,7.8346],[-73.9858,7.8312],[-73.9827,7.8304],[-73.9813,7.8271],[-73.9813,7.8213],[-73.9841,7.8179],[-73.9876,7.8171],[-73.9909,7.8109],[-73.9903,7.8045],[-73.9969,7.8021],[-73.9956,7.7905],[-73.9989,7.7886],[-74.001,7.7846],[-73.999,7.7819],[-73.9947,7.7806],[-73.9938,7.7759],[-73.997,7.7717],[-73.9964,7.7685],[-74.0005,7.7627],[-74.0061,7.7611],[-74.0071,7.7594],[-74.0077,7.7443],[-74.0106,7.7403],[-74.011,7.7371],[-74.0207,7.7283],[-74.0294,7.7277],[-74.0345,7.73],[-74.0306,7.7364],[-74.0299,7.7406],[-74.0562,7.7425],[-74.0602,7.74],[-74.0636,7.7431],[-74.066,7.7409],[-74.0686,7.7428],[-74.0761,7.7437],[-74.087,7.7474],[-74.0928,7.756],[-74.0997,7.7466],[-74.1038,7.749],[-74.1155,7.7468],[-74.1175,7.7435],[-74.1235,7.7428],[-74.1367,7.7328],[-74.1378,7.727],[-74.1365,7.7246],[-74.138,7.7217],[-74.151,7.7154],[-74.1551,7.7159],[-74.1596,7.7122],[-74.1683,7.7093],[-74.1687,7.708],[-74.1638,7.7109],[-74.1599,7.7111],[-74.1549,7.7155],[-74.151,7.7149],[-74.1388,7.7203],[-74.1359,7.7242],[-74.1371,7.7268],[-74.1362,7.7324],[-74.1323,7.7358],[-74.122,7.743],[-74.1174,7.7427],[-74.1156,7.7459],[-74.1042,7.7478],[-74.0998,7.7456],[-74.0929,7.7549],[-74.0896,7.7483],[-74.0865,7.746],[-74.0699,7.742],[-74.0661,7.7399],[-74.0636,7.7422],[-74.0602,7.7391],[-74.0562,7.7416],[-74.0435,7.7398],[-74.0304,7.7402],[-74.0354,7.7299],[-74.03,7.7269],[-74.021,7.7272],[-74.0119,7.7341],[-74.0093,7.737],[-74.0088,7.7416],[-74.0068,7.7441],[-74.0063,7.759],[-73.9999,7.7614],[-73.9951,7.7689],[-73.993,7.7759],[-73.994,7.7811],[-73.9973,7.7822],[-74.0,7.7852],[-73.9941,7.7907],[-73.996,7.8018],[-73.9882,7.8047],[-73.9892,7.8099],[-73.9858,7.816],[-73.9804,7.8211],[-73.9804,7.8277],[-73.9817,7.8311],[-73.9849,7.832],[-73.9845,7.8343],[-73.9799,7.8329],[-73.9789,7.8367],[-73.9769,7.8382],[-73.9778,7.8398],[-73.9735,7.8401],[-73.975,7.8431],[-73.9724,7.844],[-73.9726,7.8464],[-73.9701,7.8501],[-73.9713,7.853],[-73.969,7.8564],[-73.9658,7.8569],[-73.9674,7.8589],[-73.9651,7.8614],[-73.9647,7.864],[-73.962,7.8645],[-73.9633,7.8658],[-73.9616,7.8709],[-73.9576,7.8713],[-73.9586,7.8735],[-73.9564,7.876],[-73.954,7.8753],[-73.954,7.879],[-73.9518,7.8795],[-73.952,7.8839],[-73.9492,7.8822],[-73.9492,7.8844],[-73.9479,7.8841],[-73.9475,7.8861],[-73.9465,7.8846],[-73.945,7.8854],[-73.9442,7.8882],[-73.9378,7.8857],[-73.9371,7.8873],[-73.936,7.8836],[-73.9343,7.8827],[-73.9322,7.884],[-73.9289,7.8828],[-73.9264,7.8844],[-73.9252,7.8823],[-73.9178,7.885],[-73.9135,7.8819],[-73.911,7.8853],[-73.9085,7.884],[-73.9084,7.8872],[-73.9065,7.8856],[-73.9057,7.8869],[-73.905,7.8852],[-73.9042,7.8871],[-73.9029,7.8865],[-73.9009,7.8883],[-73.9002,7.8914],[-73.9036,7.8938],[-73.8985,7.9],[-73.9014,7.9031],[-73.8989,7.906],[-73.9006,7.9108],[-73.904,7.9137],[-73.9053,7.9181],[-73.9077,7.9205],[-73.9054,7.9281],[-73.9031,7.9282],[-73.8968,7.9375],[-73.8993,7.9386],[-73.9,7.944],[-73.905,7.9484],[-73.9061,7.9587],[-73.9079,7.961],[-73.9059,7.9659],[-73.899,7.9673],[-73.8997,7.976],[-73.8962,7.9786],[-73.8983,7.9782],[-73.8993,7.98],[-73.9043,7.981],[-73.9054,7.9837]],[[-73.9059,7.9816],[-73.9057,7.9836],[-73.9053,7.982],[-73.9059,7.9816]]]}},{"type":"Feature","properties":{"nombre":"Río Santo Domingo","tipo":"río"},"geometry":{"type":"Polygon","coordinates":[[[-73.9007,7.8878],[-73.9032,7.8861],[-73.9074,7.8767],[-73.9066,7.8742],[-73.9077,7.8701],[-73.8953,7.8656],[-73.891,7.8511],[-73.8941,7.8471],[-73.8902,7.8441],[-73.8926,7.838],[-73.8874,7.8363],[-73.8882,7.83],[-73.8838,7.8305],[-73.8854,7.8257],[-73.8796,7.8204],[-73.882,7.8137],[-73.8815,7.811],[-73.8864,7.8073],[-73.8857,7.7997],[-73.8878,7.7946],[-73.8808,7.7834],[-73.8781,7.7839],[-73.8754,7.782],[-73.8726,7.7832],[-73.8708,7.7806],[-73.8673,7.7792],[-73.866,7.7753],[-73.8694,7.7695],[-73.8655,7.7756],[-73.8666,7.7791],[-73.8702,7.7808],[-73.8723,7.7839],[-73.8757,7.7826],[-73.8779,7.7846],[-73.8802,7.7844],[-73.8872,7.7948],[-73.8851,7.8],[-73.8858,7.8072],[-73.8804,7.8115],[-73.8811,7.8148],[-73.879,7.8204],[-73.8848,7.826],[-73.8831,7.8283],[-73.8835,7.8311],[-73.8877,7.8303],[-73.8872,7.8369],[-73.892,7.8386],[-73.8896,7.8436],[-73.8934,7.8474],[-73.8903,7.8509],[-73.8945,7.8652],[-73.8928,7.8661],[-73.8965,7.8691],[-73.9072,7.8702],[-73.9067,7.8768],[-73.9007,7.8878]]]}},{"type":"Feature","properties":{"nombre":"Brazo La Tigrera","tipo":"río"},"geometry":{"type":"Polygon","coordinates":[[[-73.829,7.7283],[-73.8304,7.7263],[-73.8301,7.7216],[-73.8216,7.7181],[-73.8135,7.7078],[-73.8128,7.7041],[-73.8186,7.6982],[-73.8205,7.6937],[-73.8183,7.6863],[-73.8146,7.6841],[-73.8142,7.68],[-73.8156,7.6803],[-73.8156,7.6782],[-73.8119,7.6714],[-73.8125,7.6706],[-73.8019,7.658],[-73.8002,7.6493],[-73.8035,7.6459],[-73.8111,7.6476],[-73.816,7.6503],[-73.8213,7.6461],[-73.822,7.6416],[-73.8193,7.6315],[-73.8132,7.6225],[-73.8124,7.6154],[-73.8175,7.6118],[-73.8205,7.6078],[-73.8278,7.6051],[-73.8294,7.6029],[-73.8318,7.5909],[-73.8305,7.5876],[-73.8316,7.5794],[-73.8427,7.5671],[-73.8491,7.5365],[-73.8534,7.5336],[-73.8646,7.5355],[-73.8672,7.5346],[-73.8675,7.5305],[-73.8649,7.5316],[-73.8573,7.5298],[-73.8479,7.5348],[-73.8449,7.541],[-73.8394,7.5644],[-73.8301,7.5743],[-73.8295,7.5822],[-73.8256,7.5876],[-73.8176,7.605],[-73.81,7.6115],[-73.8106,7.6145],[-73.8084,7.6181],[-73.8075,7.6262],[-73.8087,7.6299],[-73.8159,7.634],[-73.8157,7.6403],[-73.811,7.6435],[-73.804,7.6418],[-73.7957,7.646],[-73.7938,7.6494],[-73.7932,7.6539],[-73.7954,7.659],[-73.8056,7.6691],[-73.8113,7.6809],[-73.8122,7.6879],[-73.8134,7.6859],[-73.8143,7.6875],[-73.8144,7.6923],[-73.8117,7.6933],[-73.8086,7.7048],[-73.8179,7.7188],[-73.8124,7.7192],[-73.8167,7.7223],[-73.8242,7.7236],[-73.829,7.7283]],[[-73.8137,7.6125],[-73.8126,7.6123],[-73.8151,7.6085],[-73.8184,7.6082],[-73.8173,7.611],[-73.8137,7.6125]],[[-73.814,7.6966],[-73.8116,7.7029],[-73.8107,7.6991],[-73.8121,7.6967],[-73.814,7.6966]],[[-73.8112,7.6732],[-73.8123,7.6781],[-73.8105,7.6752],[-73.8112,7.6732]]]}},{"type":"Feature","properties":{"nombre":"Caño Chingalé","tipo":"río"},"geometry":{"type":"Polygon","coordinates":[[[-73.7941,7.7609],[-73.7959,7.7702],[-73.7988,7.7647],[-73.7972,7.7582],[-73.7984,7.7477],[-73.7975,7.7438],[-73.8008,7.7382],[-73.8005,7.7287],[-73.7971,7.7235],[-73.8022,7.7211],[-73.8046,7.7167],[-73.803,7.7175],[-73.8032,7.7138],[-73.8013,7.7115],[-73.7923,7.7097],[-73.7915,7.7071],[-73.7934,7.7029],[-73.7997,7.702],[-73.8071,7.6967],[-73.8089,7.6932],[-73.8088,7.6891],[-73.8116,7.6856],[-73.8113,7.6809],[-73.808,7.6887],[-73.8069,7.6846],[-73.8074,7.6742],[-73.8053,7.6689],[-73.8042,7.6792],[-73.8069,7.688],[-73.8067,7.6918],[-73.8,7.6996],[-73.7908,7.7025],[-73.7893,7.7068],[-73.7925,7.7121],[-73.7985,7.7125],[-73.8007,7.7154],[-73.8008,7.7181],[-73.7958,7.7225],[-73.7977,7.727],[-73.7981,7.7351],[-73.7944,7.7486],[-73.7941,7.7609]],[[-73.7962,7.749],[-73.7953,7.7605],[-73.7943,7.7552],[-73.7947,7.7509],[-73.7962,7.749]]]}},{"type":"Feature","properties":{"nombre":"Río Chicamocha","tipo":"río"},"geometry":{"type":"Polygon","coordinates":[[[-73.0027,6.8238],[-73.0082,6.8241],[-73.0095,6.8156],[-73.0165,6.8083],[-73.0187,6.8005],[-73.0236,6.7966],[-73.0271,6.7792],[-73.0315,6.7769],[-73.0443,6.7604],[-73.052,6.7586],[-73.0574,6.7543],[-73.0576,6.75],[-73.0608,6.7526],[-73.0588,6.7481],[-73.0638,6.7459],[-73.0665,6.7393],[-73.0752,6.7331],[-73.0994,6.7337],[-73.1042,6.7264],[-73.1066,6.7254],[-73.1109,6.7293],[-73.1191,6.7309],[-73.1284,6.7292],[-73.1394,6.7313],[-73.1429,6.7303],[-73.1499,6.7311],[-73.1704,6.7369],[-73.1752,6.7454],[-73.1765,6.7528],[-73.1786,6.756],[-73.1839,6.7567],[-73.1894,6.7624],[-73.1961,6.763],[-73.1979,6.7677],[-73.198,6.7648],[-73.1954,6.762],[-73.1892,6.7616],[-73.1837,6.756],[-73.1787,6.7555],[-73.1755,6.745],[-73.1706,6.7364],[-73.1539,6.7317],[-73.1468,6.7299],[-73.1395,6.7307],[-73.1288,6.7285],[-73.1129,6.7292],[-73.1098,6.7279],[-73.1073,6.7246],[-73.1028,6.7265],[-73.0993,6.7333],[-73.0754,6.7322],[-73.066,6.7387],[-73.0637,6.7446],[-73.0592,6.7471],[-73.0562,6.7534],[-73.0523,6.7574],[-73.0441,6.76],[-73.0376,6.7663],[-73.0344,6.7717],[-73.0262,6.7778],[-73.0241,6.7834],[-73.0248,6.7869],[-73.023,6.794],[-73.0168,6.801],[-73.0154,6.8032],[-73.0163,6.8061],[-73.0081,6.8162],[-73.008,6.8224],[-73.0037,6.8234],[-72.9998,6.8172],[-72.9939,6.8157],[-72.9866,6.8109],[-72.9845,6.8058],[-72.9855,6.7986],[-72.9821,6.7938],[-72.9858,6.7897],[-72.9881,6.7816],[-72.985,6.7774],[-72.9796,6.7755],[-72.9747,6.7684],[-72.9816,6.7632],[-72.9821,6.7532],[-72.9793,6.7513],[-72.976,6.7521],[-72.9733,6.7492],[-72.9686,6.7473],[-72.972,6.7398],[-72.9715,6.7351],[-72.9741,6.731],[-72.9719,6.7241],[-72.966,6.7202],[-72.9617,6.7201],[-72.9569,6.7164],[-72.9515,6.7167],[-72.9436,6.708],[-72.9391,6.7074],[-72.9383,6.6955],[-72.9394,6.6909],[-72.937,6.6883],[-72.9324,6.6874],[-72.9308,6.6847],[-72.9236,6.6798],[-72.9121,6.6749],[-72.9073,6.6751],[-72.8967,6.6692],[-72.8938,6.6629],[-72.8844,6.6563],[-72.885,6.6498],[-72.879,6.641],[-72.8783,6.6355],[-72.8734,6.6327],[-72.8732,6.6266],[-72.8684,6.6203],[-72.8695,6.6138],[-72.8671,6.6116],[-72.8669,6.6087],[-72.8627,6.608],[-72.8592,6.6035],[-72.8467,6.5986],[-72.8393,6.5898],[-72.8391,6.5819],[-72.836,6.5792],[-72.8334,6.5727],[-72.8346,6.5678],[-72.8319,6.5582],[-72.832,6.5531],[-72.8294,6.5498],[-72.8255,6.5458],[-72.8187,6.5439],[-72.816,6.5413],[-72.8085,6.5429],[-72.8055,6.5495],[-72.8055,6.5532],[-72.8088,6.5571],[-72.8085,6.5593],[-72.8049,6.56],[-72.7959,6.5685],[-72.7923,6.5681],[-72.7831,6.574],[-72.7829,6.5785],[-72.7809,6.5806],[-72.7744,6.5782],[-72.7694,6.5787],[-72.7653,6.5825],[-72.7601,6.5815],[-72.7548,6.5721],[-72.7472,6.5679],[-72.7427,6.5687],[-72.7447,6.5638],[-72.7417,6.5575],[-72.7326,6.5524],[-72.7284,6.5515],[-72.7205,6.5537],[-72.7157,6.5479],[-72.7135,6.5471],[-72.712,6.5432],[-72.7047,6.5405],[-72.701,6.528],[-72.6947,6.5243],[-72.6964,6.521],[-72.6935,6.5184],[-72.6942,6.5142],[-72.6876,6.5101],[-72.6841,6.4983],[-72.6844,6.4955],[-72.6808,6.492],[-72.6801,6.4839],[-72.6766,6.4791],[-72.6771,6.475],[-72.6738,6.4713],[-72.6704,6.4624],[-72.6681,6.461],[-72.6647,6.455],[-72.665,6.4505],[-72.66,6.4433],[-72.6606,6.4402],[-72.6642,6.4376],[-72.6658,6.4327],[-72.6628,6.43],[-72.6643,6.4246],[-72.6617,6.4195],[-72.6595,6.4181],[-72.6576,6.4138],[-72.6587,6.4095],[-72.6562,6.4068],[-72.6563,6.404],[-72.6585,6.4027],[-72.6557,6.3932],[-72.6565,6.3884],[-72.6545,6.3854],[-72.656,6.3803],[-72.6552,6.3769],[-72.6569,6.3746],[-72.6555,6.3715],[-72.6576,6.3656],[-72.6574,6.359],[-72.6524,6.3417],[-72.6536,6.3385],[-72.6514,6.337],[-72.652,6.329],[-72.6485,6.3253],[-72.6494,6.3201],[-72.6448,6.3135],[-72.6458,6.3089],[-72.6442,6.3046],[-72.6472,6.293],[-72.6435,6.2886],[-72.6405,6.2773],[-72.6402,6.2737],[-72.6426,6.2689],[-72.6404,6.2652],[-72.6421,6.261],[-72.6411,6.2564],[-72.6422,6.2508],[-72.64,6.243],[-72.6417,6.2408],[-72.64,6.2385],[-72.6409,6.2344],[-72.6389,6.232],[-72.6391,6.2295],[-72.6354,6.2261],[-72.6371,6.2202],[-72.6349,6.2162],[-72.6362,6.2125],[-72.6343,6.2063],[-72.6367,6.211],[-72.6373,6.21],[-72.6317,6.2015],[-72.6315,6.1948],[-72.6359,6.1879],[-72.6347,6.1791],[-72.6378,6.1764],[-72.6377,6.1708],[-72.6423,6.1664],[-72.6417,6.162],[-72.6443,6.1595],[-72.6447,6.1561],[-72.6483,6.1501],[-72.6481,6.1434],[-72.6529,6.1312],[-72.6537,6.1203],[-72.6557,6.1165],[-72.6525,6.0874],[-72.6545,6.0807],[-72.6528,6.0763],[-72.6546,6.0689],[-72.6563,6.067],[-72.6567,6.0617],[-72.66,6.0565],[-72.6666,6.0556],[-72.6718,6.0509],[-72.6786,6.0489],[-72.6817,6.0391],[-72.6837,6.0374],[-72.6873,6.0372],[-72.6888,6.0321],[-72.6972,6.0256],[-72.6991,6.0215],[-72.701,6.0206],[-72.7017,6.0142],[-72.7055,6.0073],[-72.7126,6.0021],[-72.7166,5.997],[-72.7238,5.9959],[-72.7256,5.9935],[-72.7363,5.9923],[-72.7402,5.9886],[-72.7444,5.9877],[-72.746,5.9847],[-72.7514,5.9819],[-72.756,5.9816],[-72.7629,5.9747],[-72.7687,5.9653],[-72.7721,5.9633],[-72.7752,5.9587],[-72.7775,5.958],[-72.7793,5.9542],[-72.7832,5.953],[-72.7893,5.9426],[-72.7925,5.9313],[-72.8011,5.9302],[-72.8011,5.928],[-72.8014,5.9296],[-72.7917,5.9313],[-72.7888,5.9428],[-72.7854,5.9492],[-72.7826,5.9532],[-72.7792,5.9538],[-72.7773,5.9578],[-72.7752,5.9583],[-72.7719,5.9631],[-72.7685,5.9652],[-72.7627,5.9745],[-72.7566,5.9808],[-72.751,5.9817],[-72.7459,5.9843],[-72.7441,5.9872],[-72.7402,5.9881],[-72.7367,5.9917],[-72.726,5.9929],[-72.7235,5.9957],[-72.7166,5.9967],[-72.7126,6.0019],[-72.7053,6.007],[-72.7014,6.0141],[-72.7011,6.0198],[-72.6987,6.0213],[-72.6973,6.0252],[-72.6888,6.0319],[-72.6868,6.0373],[-72.6833,6.0372],[-72.6815,6.0388],[-72.6782,6.0488],[-72.6715,6.0509],[-72.6669,6.0552],[-72.6605,6.0559],[-72.6584,6.0577],[-72.6534,6.0714],[-72.6525,6.0786],[-72.6542,6.0809],[-72.6525,6.0849],[-72.6523,6.0911],[-72.6554,6.1166],[-72.6537,6.1197],[-72.6526,6.1313],[-72.6476,6.1429],[-72.6477,6.1504],[-72.6441,6.1557],[-72.644,6.159],[-72.6413,6.1617],[-72.6421,6.1656],[-72.6372,6.1705],[-72.6374,6.176],[-72.6341,6.1795],[-72.6355,6.1876],[-72.6313,6.1938],[-72.631,6.1966],[-72.6314,6.2016],[-72.6355,6.2096],[-72.6345,6.2159],[-72.6362,6.2206],[-72.6351,6.2263],[-72.6401,6.234],[-72.6397,6.2385],[-72.6412,6.2405],[-72.6396,6.2434],[-72.642,6.2513],[-72.6408,6.2566],[-72.6417,6.2608],[-72.6401,6.2653],[-72.6421,6.2687],[-72.6394,6.2762],[-72.6432,6.2888],[-72.6466,6.2933],[-72.6441,6.2961],[-72.6446,6.3141],[-72.6488,6.32],[-72.6486,6.327],[-72.6517,6.3291],[-72.651,6.3369],[-72.653,6.3379],[-72.6518,6.3418],[-72.6566,6.3593],[-72.6567,6.3668],[-72.6552,6.3715],[-72.6564,6.3751],[-72.6547,6.3776],[-72.6554,6.3814],[-72.6541,6.3856],[-72.6563,6.3887],[-72.6551,6.3936],[-72.6581,6.4028],[-72.6555,6.4042],[-72.6557,6.4068],[-72.6583,6.41],[-72.6573,6.4141],[-72.6638,6.4245],[-72.6622,6.4301],[-72.6653,6.4325],[-72.664,6.4367],[-72.66,6.4404],[-72.6598,6.4439],[-72.6638,6.449],[-72.6641,6.4544],[-72.6659,6.4584],[-72.6698,6.4624],[-72.6735,6.4719],[-72.6768,6.4756],[-72.6763,6.4797],[-72.6798,6.4843],[-72.6801,6.4944],[-72.6817,6.4978],[-72.6852,6.5007],[-72.6871,6.51],[-72.6931,6.5137],[-72.693,6.5184],[-72.6952,6.5202],[-72.6944,6.5251],[-72.7006,6.5286],[-72.7027,6.5329],[-72.7023,6.5375],[-72.7045,6.5411],[-72.7115,6.5434],[-72.7132,6.5477],[-72.7154,6.5481],[-72.7202,6.554],[-72.7226,6.5544],[-72.7282,6.552],[-72.7356,6.5544],[-72.7386,6.5579],[-72.7413,6.5585],[-72.7437,6.5636],[-72.7425,6.5694],[-72.7478,6.5698],[-72.7526,6.573],[-72.7596,6.582],[-72.7656,6.5829],[-72.7704,6.5792],[-72.7749,6.5789],[-72.7809,6.5813],[-72.7832,6.5792],[-72.7839,6.5743],[-72.7872,6.5734],[-72.7927,6.5688],[-72.7963,6.5692],[-72.8047,6.561],[-72.8091,6.5599],[-72.8096,6.5578],[-72.8063,6.554],[-72.8061,6.5503],[-72.8075,6.5448],[-72.8099,6.543],[-72.8161,6.542],[-72.8204,6.5463],[-72.8238,6.5457],[-72.8254,6.5469],[-72.8309,6.5553],[-72.831,6.5592],[-72.8338,6.5659],[-72.8324,6.5714],[-72.8347,6.5791],[-72.8377,6.5826],[-72.8368,6.5876],[-72.8391,6.5942],[-72.8463,6.6],[-72.8524,6.6006],[-72.8542,6.603],[-72.8581,6.6039],[-72.863,6.6096],[-72.8662,6.6091],[-72.8662,6.6122],[-72.8688,6.6144],[-72.8679,6.6218],[-72.8706,6.6233],[-72.8724,6.6266],[-72.8725,6.6348],[-72.8778,6.6395],[-72.8782,6.6446],[-72.8813,6.6455],[-72.8844,6.6498],[-72.8827,6.6533],[-72.8845,6.6571],[-72.8901,6.6614],[-72.8946,6.6691],[-72.9008,6.6742],[-72.9075,6.6763],[-72.9125,6.6761],[-72.9165,6.6795],[-72.9244,6.6827],[-72.9291,6.6888],[-72.938,6.6902],[-72.9384,6.7028],[-72.9366,6.7053],[-72.9384,6.7076],[-72.9417,6.7081],[-72.9514,6.7173],[-72.9556,6.7164],[-72.9619,6.7209],[-72.9661,6.7209],[-72.9686,6.7273],[-72.9721,6.7276],[-72.972,6.7304],[-72.9703,6.7317],[-72.9703,6.7408],[-72.9667,6.7452],[-72.9664,6.7486],[-72.9685,6.7508],[-72.9735,6.7505],[-72.9761,6.7529],[-72.9799,6.7519],[-72.9819,6.7538],[-72.9812,6.7612],[-72.9746,6.7672],[-72.9742,6.7691],[-72.9791,6.7762],[-72.9843,6.7793],[-72.9843,6.7901],[-72.9815,6.7939],[-72.9832,6.7975],[-72.984,6.8066],[-72.9856,6.8106],[-73.0027,6.8238]],[[-72.9981,6.8169],[-73.0003,6.8196],[-72.9995,6.821],[-72.996,6.8167],[-72.9981,6.8169]],[[-72.9859,6.784],[-72.9849,6.7888],[-72.9859,6.7822],[-72.9859,6.784]],[[-73.0248,6.7827],[-73.026,6.7838],[-73.0249,6.7855],[-73.0248,6.7827]],[[-72.9863,6.7828],[-72.986,6.78],[-72.9878,6.7818],[-72.9863,6.7828]],[[-73.0181,6.8013],[-73.017,6.8039],[-73.0171,6.8014],[-73.0181,6.8013]],[[-73.031,6.7755],[-73.0289,6.7769],[-73.0308,6.7748],[-73.031,6.7755]],[[-72.9845,6.7994],[-72.9841,6.8014],[-72.984,6.799],[-72.9845,6.7994]],[[-73.0234,6.795],[-73.0231,6.7967],[-73.0217,6.7976],[-73.0234,6.795]],[[-72.6399,6.2742],[-72.6402,6.277],[-72.6396,6.2763],[-72.6399,6.2742]],[[-73.1191,6.73],[-73.1212,6.7301],[-73.1197,6.7305],[-73.1191,6.73]],[[-72.6495,6.3269],[-72.6501,6.3278],[-72.6487,6.3261],[-72.6495,6.3269]],[[-72.6499,6.3269],[-72.6513,6.3281],[-72.6506,6.3277],[-72.6499,6.3269]]]}},{"type":"Feature","properties":{"nombre":"Quebrada Vizcaína","tipo":"río"},"geometry":{"type":"Polygon","coordinates":[[[-73.7439,7.0627],[-73.7472,7.0616],[-73.7532,7.0658],[-73.7542,7.0641],[-73.7557,7.0644],[-73.7558,7.0624],[-73.7575,7.0625],[-73.7609,7.0674],[-73.7589,7.0732],[-73.7659,7.0734],[-73.7686,7.0805],[-73.7708,7.0798],[-73.7746,7.0825],[-73.7798,7.0814],[-73.7791,7.0872],[-73.7801,7.0866],[-73.7813,7.0817],[-73.7795,7.0801],[-73.7744,7.0818],[-73.771,7.0791],[-73.7688,7.0799],[-73.7662,7.0729],[-73.7594,7.0729],[-73.7614,7.0676],[-73.7578,7.062],[-73.7553,7.062],[-73.7553,7.0638],[-73.7525,7.0651],[-73.7474,7.0611],[-73.744,7.0615],[-73.7439,7.0627]]]}},{"type":"Feature","properties":{"nombre":"Río Opón","tipo":"río"},"geometry":{"type":"Polygon","coordinates":[[[-73.8613,7.009],[-73.8593,7.0147],[-73.8606,7.0204],[-73.8641,7.0245],[-73.8705,7.028],[-73.8707,7.026],[-73.8642,7.0234],[-73.862,7.0207],[-73.8611,7.0139],[-73.8641,7.0077],[-73.8745,6.9959],[-73.8785,6.9722],[-73.8873,6.9622],[-73.8862,6.9588],[-73.8872,6.9563],[-73.8908,6.958],[-73.8896,6.9486],[-73.8866,6.9472],[-73.8955,6.9431],[-73.8968,6.9445],[-73.9016,6.9433],[-73.9064,6.945],[-73.9072,6.9431],[-73.9047,6.9415],[-73.9086,6.9403],[-73.9081,6.9383],[-73.9052,6.9371],[-73.9056,6.9331],[-73.9089,6.9329],[-73.9072,6.9309],[-73.9079,6.9286],[-73.9096,6.9274],[-73.9102,6.9291],[-73.9168,6.9291],[-73.9199,6.9242],[-73.9325,6.9133],[-73.9344,6.9136],[-73.9359,6.9164],[-73.9403,6.9137],[-73.9409,6.9126],[-73.9366,6.9086],[-73.94,6.9088],[-73.9415,6.9042],[-73.9445,6.906],[-73.95,6.9062],[-73.949,6.902],[-73.9501,6.9002],[-73.9545,6.9018],[-73.9545,6.8969],[-73.9572,6.8995],[-73.9605,6.8983],[-73.9534,6.8883],[-73.9519,6.8871],[-73.9487,6.8883],[-73.9426,6.8795],[-73.9394,6.8818],[-73.9386,6.8776],[-73.941,6.8762],[-73.9425,6.87],[-73.9413,6.8686],[-73.9409,6.871],[-73.936,6.8695],[-73.9394,6.8691],[-73.9399,6.8669],[-73.9375,6.8655],[-73.9403,6.8624],[-73.9355,6.8613],[-73.9389,6.859],[-73.9396,6.8563],[-73.9344,6.8549],[-73.9362,6.8521],[-73.934,6.8479],[-73.936,6.8463],[-73.937,6.8492],[-73.9387,6.8495],[-73.9399,6.8486],[-73.9382,6.8452],[-73.9434,6.8458],[-73.9433,6.8378],[-73.9459,6.8332],[-73.9442,6.8321],[-73.9405,6.8348],[-73.9432,6.8293],[-73.9402,6.829],[-73.9394,6.8267],[-73.9453,6.8279],[-73.9499,6.817],[-73.9503,6.8219],[-73.9558,6.82],[-73.9558,6.8183],[-73.951,6.812],[-73.9535,6.8118],[-73.9541,6.8086],[-73.96,6.8048],[-73.9579,6.8032],[-73.9524,6.8038],[-73.9545,6.8003],[-73.9524,6.7959],[-73.9531,6.7907],[-73.9518,6.7877],[-73.9475,6.7912],[-73.9448,6.7902],[-73.9449,6.7885],[-73.9487,6.7888],[-73.9505,6.7872],[-73.9504,6.7829],[-73.9462,6.7803],[-73.9431,6.784],[-73.9432,6.7792],[-73.9404,6.7776],[-73.9404,6.7742],[-73.9388,6.7726],[-73.9346,6.7726],[-73.9311,6.7696],[-73.9281,6.7695],[-73.9261,6.7659],[-73.9174,6.765],[-73.9168,6.7597],[-73.9075,6.7544],[-73.9089,6.7517],[-73.9078,6.7491],[-73.8994,6.7472],[-73.9008,6.7422],[-73.8969,6.7387],[-73.8956,6.7325],[-73.8936,6.7339],[-73.8928,6.7384],[-73.8914,6.7387],[-73.8894,6.7355],[-73.8864,6.7349],[-73.8834,6.7402],[-73.8812,6.7407],[-73.8797,6.7392],[-73.8815,6.7289],[-73.88,6.7247],[-73.8764,6.724],[-73.8773,6.7283],[-73.875,6.7307],[-73.8742,6.7233],[-73.8673,6.723],[-73.8651,6.7215],[-73.8652,6.7197],[-73.8684,6.7216],[-73.8719,6.7206],[-73.8739,6.7181],[-73.8735,6.7142],[-73.8714,6.7127],[-73.8673,6.7138],[-73.864,6.7112],[-73.8651,6.7069],[-73.8642,6.7013],[-73.8624,6.7018],[-73.861,6.7052],[-73.8586,6.7052],[-73.8562,6.7032],[-73.8575,6.6983],[-73.856,6.6961],[-73.8512,6.6985],[-73.8487,6.6982],[-73.8536,6.6892],[-73.8535,6.6868],[-73.8504,6.684],[-73.8462,6.6848],[-73.845,6.683],[-73.8511,6.6791],[-73.855,6.6786],[-73.8559,6.6749],[-73.8534,6.6717],[-73.8449,6.6679],[-73.8424,6.6688],[-73.8411,6.6712],[-73.8392,6.6702],[-73.8381,6.6628],[-73.8332,6.6581],[-73.8345,6.6561],[-73.838,6.6553],[-73.8397,6.6514],[-73.8337,6.6452],[-73.8354,6.6383],[-73.8332,6.6316],[-73.8307,6.6311],[-73.8266,6.6337],[-73.8257,6.6271],[-73.8224,6.6255],[-73.8115,6.6277],[-73.8105,6.6353],[-73.8052,6.6319],[-73.7982,6.6359],[-73.7912,6.6316],[-73.7904,6.629],[-73.7924,6.6236],[-73.7922,6.6174],[-73.7897,6.6167],[-73.7872,6.6223],[-73.7852,6.6224],[-73.7837,6.6154],[-73.7801,6.6093],[-73.7862,6.6043],[-73.8025,6.5969],[-73.7949,6.5897],[-73.7933,6.5832],[-73.7951,6.5783],[-73.7913,6.577],[-73.7865,6.5796],[-73.7846,6.5744],[-73.7785,6.5724],[-73.7639,6.5725],[-73.7601,6.57],[-73.7581,6.5659],[-73.7524,6.5649],[-73.7627,6.5511],[-73.7622,6.5453],[-73.7651,6.5302],[-73.7551,6.532],[-73.7439,6.5306],[-73.7413,6.5263],[-73.737,6.5253],[-73.7376,6.5204],[-73.7358,6.5184],[-73.7282,6.5195],[-73.7181,6.519],[-73.715,6.5218],[-73.7132,6.5158],[-73.7145,6.5123],[-73.7135,6.5093],[-73.7115,6.5089],[-73.7088,6.5116],[-73.7021,6.5071],[-73.6964,6.5059],[-73.6949,6.5031],[-73.6893,6.5049],[-73.6875,6.5021],[-73.6839,6.5025],[-73.6864,6.4927],[-73.6851,6.4912],[-73.6817,6.4916],[-73.6805,6.4891],[-73.6834,6.4767],[-73.6814,6.4767],[-73.6773,6.4802],[-73.6758,6.4786],[-73.6662,6.4769],[-73.6592,6.4777],[-73.6527,6.4687],[-73.6506,6.4615],[-73.6432,6.4584],[-73.6432,6.4569],[-73.6457,6.4571],[-73.647,6.4555],[-73.6466,6.4534],[-73.6438,6.4512],[-73.643,6.4469],[-73.6462,6.4445],[-73.6504,6.4345],[-73.6564,6.431],[-73.6554,6.4276],[-73.6592,6.4284],[-73.6643,6.4219],[-73.6657,6.41],[-73.6619,6.4038],[-73.6662,6.3983],[-73.6636,6.3933],[-73.6647,6.3906],[-73.671,6.3906],[-73.6725,6.3886],[-73.6715,6.386],[-73.668,6.3849],[-73.6716,6.3867],[-73.6717,6.3893],[-73.6683,6.3907],[-73.6639,6.3901],[-73.663,6.3948],[-73.6657,6.3985],[-73.6612,6.4046],[-73.6651,6.4103],[-73.6633,6.4218],[-73.6585,6.4277],[-73.6547,6.4267],[-73.654,6.4286],[-73.6556,6.4308],[-73.6498,6.4341],[-73.6451,6.4443],[-73.6422,6.4462],[-73.643,6.4517],[-73.6461,6.4547],[-73.6453,6.456],[-73.6421,6.4564],[-73.6416,6.4584],[-73.6497,6.4621],[-73.6511,6.4686],[-73.658,6.4781],[-73.6745,6.4793],[-73.6766,6.4817],[-73.6825,6.4776],[-73.6795,6.4904],[-73.681,6.4926],[-73.6849,6.4925],[-73.6859,6.4941],[-73.6825,6.5029],[-73.6868,6.5031],[-73.6888,6.506],[-73.6944,6.5037],[-73.6958,6.5071],[-73.7013,6.5079],[-73.7085,6.513],[-73.7124,6.5102],[-73.7115,6.5166],[-73.7143,6.523],[-73.7161,6.523],[-73.7192,6.5201],[-73.7293,6.5208],[-73.7348,6.5196],[-73.7347,6.5272],[-73.7402,6.5271],[-73.7416,6.5303],[-73.7443,6.5321],[-73.7519,6.5332],[-73.764,6.5317],[-73.7616,6.535],[-73.7627,6.5391],[-73.7612,6.55],[-73.7518,6.5634],[-73.7515,6.5658],[-73.7568,6.5666],[-73.7597,6.5718],[-73.7626,6.5737],[-73.768,6.5748],[-73.7716,6.5733],[-73.783,6.5751],[-73.7869,6.581],[-73.7937,6.5787],[-73.792,6.5833],[-73.7941,6.5907],[-73.801,6.5961],[-73.7843,6.6031],[-73.7786,6.6089],[-73.7778,6.6135],[-73.7737,6.615],[-73.7733,6.6176],[-73.7744,6.6156],[-73.7772,6.6146],[-73.7822,6.6153],[-73.7808,6.6231],[-73.784,6.6274],[-73.7869,6.6249],[-73.7891,6.6188],[-73.7912,6.6181],[-73.7916,6.6227],[-73.7883,6.6277],[-73.7893,6.6315],[-73.7915,6.634],[-73.7986,6.6372],[-73.8016,6.6367],[-73.8044,6.6333],[-73.8096,6.6364],[-73.8122,6.636],[-73.8133,6.6341],[-73.8115,6.6296],[-73.8138,6.628],[-73.8231,6.6273],[-73.8232,6.6327],[-73.8262,6.6353],[-73.8321,6.6329],[-73.8339,6.6382],[-73.8326,6.6454],[-73.8376,6.6516],[-73.8328,6.6562],[-73.8321,6.6587],[-73.8374,6.6641],[-73.8382,6.6709],[-73.8415,6.6727],[-73.8449,6.6694],[-73.8513,6.6716],[-73.8547,6.6746],[-73.8545,6.6768],[-73.8453,6.6811],[-73.8436,6.6834],[-73.8447,6.6861],[-73.8506,6.6854],[-73.8523,6.6871],[-73.8523,6.6898],[-73.8474,6.6967],[-73.8473,6.6989],[-73.8504,6.7001],[-73.8545,6.6971],[-73.8562,6.6975],[-73.8552,6.7034],[-73.8586,6.7064],[-73.8615,6.706],[-73.8637,6.7023],[-73.8632,6.7126],[-73.8678,6.7151],[-73.8719,6.714],[-73.873,6.7166],[-73.8703,6.7208],[-73.8687,6.7213],[-73.865,6.7187],[-73.8638,6.7209],[-73.8671,6.7239],[-73.8735,6.7243],[-73.8749,6.7317],[-73.878,6.7297],[-73.8771,6.7245],[-73.8796,6.7257],[-73.8804,6.7294],[-73.8785,6.7387],[-73.8792,6.7411],[-73.8837,6.7416],[-73.8868,6.736],[-73.8885,6.7362],[-73.891,6.7394],[-73.893,6.7394],[-73.8953,6.7333],[-73.8962,6.739],[-73.8999,6.7429],[-73.8981,6.7473],[-73.907,6.7499],[-73.9067,6.7549],[-73.9114,6.7587],[-73.9159,6.7601],[-73.916,6.7647],[-73.9173,6.7663],[-73.9255,6.7664],[-73.9277,6.7703],[-73.931,6.7707],[-73.934,6.7734],[-73.9391,6.7738],[-73.9397,6.7779],[-73.9426,6.78],[-73.9422,6.7846],[-73.9439,6.7848],[-73.9463,6.7812],[-73.9491,6.7824],[-73.9499,6.7869],[-73.9483,6.788],[-73.9448,6.7875],[-73.944,6.7903],[-73.9466,6.7921],[-73.9517,6.7886],[-73.9528,6.7921],[-73.952,6.7958],[-73.954,6.8001],[-73.9512,6.804],[-73.9591,6.8051],[-73.9541,6.8077],[-73.9528,6.811],[-73.9509,6.8107],[-73.9511,6.8142],[-73.9553,6.8197],[-73.9511,6.8213],[-73.9497,6.8161],[-73.9474,6.8192],[-73.9453,6.8261],[-73.9388,6.8259],[-73.9392,6.8292],[-73.9426,6.8297],[-73.9397,6.8356],[-73.9456,6.8332],[-73.943,6.8378],[-73.9432,6.8448],[-73.9373,6.8446],[-73.9385,6.8489],[-73.9362,6.8456],[-73.9335,6.8464],[-73.9356,6.8526],[-73.9334,6.8543],[-73.9341,6.8558],[-73.9388,6.8566],[-73.9381,6.8588],[-73.9349,6.8602],[-73.9352,6.8619],[-73.9396,6.8624],[-73.9369,6.8655],[-73.9392,6.868],[-73.9356,6.8699],[-73.9411,6.8719],[-73.942,6.8698],[-73.9412,6.875],[-73.9374,6.8775],[-73.9387,6.8824],[-73.9424,6.8799],[-73.9483,6.8887],[-73.9523,6.8883],[-73.9599,6.8979],[-73.9575,6.8986],[-73.9547,6.8961],[-73.9541,6.9011],[-73.9523,6.899],[-73.9496,6.8995],[-73.9483,6.9026],[-73.9496,6.9055],[-73.9446,6.9053],[-73.9416,6.9033],[-73.9393,6.9085],[-73.9359,6.9084],[-73.94,6.9132],[-73.9362,6.9158],[-73.9344,6.9126],[-73.932,6.913],[-73.9189,6.9245],[-73.917,6.9287],[-73.9107,6.9285],[-73.9094,6.9266],[-73.9066,6.9305],[-73.9082,6.9328],[-73.905,6.9328],[-73.905,6.9376],[-73.9082,6.9397],[-73.9041,6.9411],[-73.9062,6.9444],[-73.9031,6.9429],[-73.8969,6.9438],[-73.8955,6.9422],[-73.8855,6.9477],[-73.8895,6.9499],[-73.8905,6.9572],[-73.8887,6.9554],[-73.8866,6.956],[-73.8852,6.9645],[-73.8755,6.9731],[-73.8766,6.981],[-73.8739,6.9932],[-73.8713,6.9984],[-73.8643,7.0036],[-73.8613,7.009]],[[-73.7825,6.6199],[-73.7857,6.6244],[-73.7844,6.6265],[-73.7818,6.6231],[-73.7825,6.6199]],[[-73.8688,7.0012],[-73.8621,7.0089],[-73.8638,7.005],[-73.8688,7.0012]],[[-73.8778,6.9728],[-73.8767,6.9771],[-73.876,6.9736],[-73.8782,6.9717],[-73.8778,6.9728]]]}},{"type":"Feature","properties":{"nombre":"Caño de Rasquiña","tipo":"río"},"geometry":{"type":"Polygon","coordinates":[[[-73.8931,6.9685],[-73.8949,6.9691],[-73.8976,6.9673],[-73.8961,6.9624],[-73.8974,6.9592],[-73.9012,6.9638],[-73.904,6.964],[-73.908,6.963],[-73.9096,6.9599],[-73.9189,6.9527],[-73.9239,6.9556],[-73.9206,6.9522],[-73.9186,6.9522],[-73.9061,6.9631],[-73.9013,6.9632],[-73.899,6.9593],[-73.897,6.9588],[-73.8956,6.9621],[-73.8971,6.9664],[-73.8953,6.9685],[-73.8917,6.9662],[-73.8918,6.9613],[-73.8892,6.9609],[-73.8861,6.9679],[-73.882,6.9685],[-73.8863,6.9685],[-73.8882,6.9623],[-73.8899,6.9613],[-73.8915,6.9619],[-73.8911,6.9666],[-73.8931,6.9685]]]}},{"type":"Feature","properties":{"nombre":"Caño La Rasquiñita","tipo":"río"},"geometry":{"type":"Polygon","coordinates":[[[-73.9145,6.9608],[-73.9131,6.9624],[-73.9139,6.9653],[-73.9137,6.9615],[-73.9177,6.9605],[-73.9225,6.9566],[-73.9176,6.9603],[-73.9145,6.9608]]]}},{"type":"Feature","properties":{"nombre":"Río La Colorada","tipo":"río"},"geometry":{"type":"Polygon","coordinates":[[[-73.883,6.9606],[-73.8855,6.9638],[-73.886,6.9629],[-73.8828,6.9599],[-73.8799,6.9618],[-73.8777,6.9609],[-73.8785,6.9545],[-73.8731,6.9553],[-73.8723,6.9524],[-73.8705,6.9526],[-73.868,6.9488],[-73.8639,6.9508],[-73.8615,6.949],[-73.8607,6.9459],[-73.8552,6.9469],[-73.8528,6.9417],[-73.8507,6.9406],[-73.85,6.9362],[-73.8521,6.9334],[-73.8516,6.9277],[-73.853,6.9249],[-73.8512,6.9225],[-73.8467,6.9228],[-73.8483,6.9204],[-73.8463,6.9194],[-73.8457,6.9151],[-73.842,6.912],[-73.8412,6.9076],[-73.8422,6.9058],[-73.8388,6.8997],[-73.8394,6.8965],[-73.8428,6.8932],[-73.8409,6.8891],[-73.8433,6.8871],[-73.8428,6.8852],[-73.8343,6.8851],[-73.8311,6.8878],[-73.8247,6.884],[-73.8236,6.8862],[-73.8248,6.8892],[-73.8202,6.8892],[-73.8187,6.8869],[-73.8113,6.8892],[-73.8078,6.8936],[-73.8066,6.8902],[-73.8047,6.8895],[-73.8018,6.8934],[-73.8003,6.8916],[-73.8058,6.8874],[-73.8065,6.8823],[-73.8019,6.8838],[-73.8024,6.88],[-73.7985,6.8789],[-73.7968,6.873],[-73.7946,6.8755],[-73.7924,6.8719],[-73.7868,6.8744],[-73.783,6.8741],[-73.7827,6.8704],[-73.7785,6.8644],[-73.7748,6.8598],[-73.7678,6.8548],[-73.7627,6.8581],[-73.7532,6.8577],[-73.7509,6.8617],[-73.7495,6.8608],[-73.7488,6.8561],[-73.7551,6.8559],[-73.7539,6.8506],[-73.7611,6.8462],[-73.7591,6.8395],[-73.7593,6.8344],[-73.7602,6.8332],[-73.762,6.8345],[-73.7615,6.8305],[-73.7631,6.8276],[-73.761,6.8269],[-73.7607,6.8237],[-73.7592,6.8234],[-73.7606,6.8196],[-73.7617,6.8232],[-73.7675,6.8158],[-73.7642,6.8116],[-73.7664,6.811],[-73.7664,6.8094],[-73.7647,6.8089],[-73.7632,6.8058],[-73.7614,6.8062],[-73.7609,6.8088],[-73.7546,6.8067],[-73.753,6.8088],[-73.753,6.807],[-73.7512,6.8066],[-73.7519,6.8039],[-73.7484,6.8016],[-73.7511,6.8027],[-73.7514,6.8016],[-73.748,6.7981],[-73.7528,6.7959],[-73.7526,6.7941],[-73.7439,6.7891],[-73.7416,6.789],[-73.7412,6.7863],[-73.7358,6.7836],[-73.7359,6.7815],[-73.74,6.782],[-73.7402,6.7801],[-73.7385,6.7785],[-73.7321,6.7784],[-73.7323,6.7762],[-73.7358,6.7738],[-73.7319,6.7676],[-73.7348,6.7673],[-73.735,6.7643],[-73.7316,6.762],[-73.7352,6.7605],[-73.7348,6.7566],[-73.7379,6.7526],[-73.7342,6.7572],[-73.7348,6.7604],[-73.7308,6.7622],[-73.7345,6.7642],[-73.7345,6.7671],[-73.7319,6.7665],[-73.7313,6.7677],[-73.7351,6.7734],[-73.7348,6.775],[-73.732,6.7759],[-73.7316,6.7785],[-73.7329,6.78],[-73.7389,6.7796],[-73.7389,6.782],[-73.7353,6.7814],[-73.7355,6.7841],[-73.7407,6.7871],[-73.7414,6.7899],[-73.7435,6.7895],[-73.7519,6.7942],[-73.7522,6.7953],[-73.7477,6.7983],[-73.7511,6.8019],[-73.748,6.8013],[-73.7512,6.8038],[-73.7505,6.8061],[-73.7528,6.8094],[-73.755,6.8074],[-73.7578,6.8095],[-73.7611,6.8093],[-73.763,6.8062],[-73.7642,6.8091],[-73.766,6.8096],[-73.7658,6.8109],[-73.7637,6.8113],[-73.7668,6.8159],[-73.7619,6.8225],[-73.761,6.8191],[-73.759,6.8227],[-73.7604,6.8272],[-73.7625,6.8279],[-73.7608,6.8305],[-73.7615,6.8343],[-73.76,6.8327],[-73.759,6.8341],[-73.7585,6.8394],[-73.7604,6.8464],[-73.7533,6.8502],[-73.7541,6.8555],[-73.7486,6.8554],[-73.7487,6.8607],[-73.7511,6.8622],[-73.7535,6.8583],[-73.7629,6.8587],[-73.7675,6.8553],[-73.7742,6.86],[-73.7784,6.8653],[-73.7824,6.8714],[-73.7821,6.8743],[-73.7867,6.875],[-73.7924,6.8727],[-73.7946,6.8764],[-73.7964,6.8736],[-73.7983,6.8796],[-73.8017,6.8802],[-73.8016,6.8847],[-73.8059,6.8828],[-73.8052,6.8873],[-73.7996,6.8914],[-73.8015,6.8939],[-73.8038,6.8932],[-73.8052,6.8903],[-73.8069,6.8938],[-73.8087,6.8939],[-73.8119,6.8898],[-73.8181,6.8878],[-73.8207,6.8902],[-73.825,6.8898],[-73.8249,6.8847],[-73.831,6.8886],[-73.8343,6.8858],[-73.8424,6.8857],[-73.8427,6.8868],[-73.8398,6.8888],[-73.8422,6.8925],[-73.8389,6.896],[-73.8382,6.8995],[-73.8416,6.906],[-73.8406,6.9077],[-73.8414,6.9121],[-73.8453,6.9156],[-73.8455,6.9193],[-73.8473,6.9207],[-73.8465,6.9233],[-73.8513,6.9231],[-73.8527,6.925],[-73.851,6.9277],[-73.8513,6.9342],[-73.8495,6.9356],[-73.85,6.9407],[-73.8527,6.9424],[-73.855,6.9473],[-73.8611,6.9467],[-73.8608,6.9484],[-73.8637,6.9512],[-73.8681,6.9496],[-73.8722,6.9533],[-73.873,6.956],[-73.8784,6.9553],[-73.8767,6.9595],[-73.8787,6.9621],[-73.883,6.9606]]]}},{"type":"Feature","properties":{"nombre":"Río Cascajales","tipo":"río"},"geometry":{"type":"Polygon","coordinates":[[[-73.7548,6.8425],[-73.7594,6.8413],[-73.7553,6.8422],[-73.7558,6.8399],[-73.7533,6.8396],[-73.7517,6.8329],[-73.7484,6.8335],[-73.7385,6.8251],[-73.7351,6.8268],[-73.7351,6.8222],[-73.7382,6.8194],[-73.7381,6.817],[-73.7335,6.8149],[-73.7312,6.8181],[-73.7272,6.8189],[-73.7263,6.816],[-73.7286,6.8124],[-73.7264,6.8091],[-73.7251,6.8026],[-73.7225,6.8023],[-73.7193,6.7957],[-73.717,6.7945],[-73.7139,6.7971],[-73.7093,6.7973],[-73.7071,6.7892],[-73.7041,6.786],[-73.7015,6.7861],[-73.6997,6.7844],[-73.6944,6.785],[-73.6859,6.7813],[-73.6821,6.7842],[-73.6764,6.7832],[-73.6735,6.7792],[-73.67,6.7773],[-73.6639,6.778],[-73.6562,6.7708],[-73.6464,6.7683],[-73.6373,6.7716],[-73.6157,6.7689],[-73.6127,6.7705],[-73.6073,6.7691],[-73.6011,6.771],[-73.5943,6.7677],[-73.5891,6.7699],[-73.5886,6.7669],[-73.5798,6.7599],[-73.5746,6.7544],[-73.5738,6.7516],[-73.5689,6.7506],[-73.565,6.7459],[-73.5571,6.7409],[-73.5543,6.7345],[-73.5509,6.7326],[-73.5483,6.7232],[-73.5443,6.718],[-73.5458,6.7108],[-73.5489,6.7054],[-73.5472,6.7049],[-73.5444,6.7094],[-73.5427,6.7183],[-73.5457,6.7209],[-73.5488,6.7271],[-73.5494,6.7318],[-73.5538,6.7357],[-73.5564,6.7415],[-73.5609,6.7455],[-73.5643,6.7463],[-73.5684,6.7509],[-73.5728,6.7528],[-73.5762,6.758],[-73.5785,6.7585],[-73.5844,6.7638],[-73.5856,6.7666],[-73.5879,6.7673],[-73.5883,6.77],[-73.5917,6.7703],[-73.5946,6.7685],[-73.6008,6.7716],[-73.608,6.7697],[-73.6122,6.7713],[-73.6201,6.7699],[-73.6374,6.7721],[-73.6416,6.7716],[-73.646,6.7687],[-73.6532,6.7717],[-73.6556,6.7713],[-73.6635,6.7787],[-73.6706,6.7784],[-73.6754,6.7838],[-73.6818,6.7849],[-73.6858,6.7822],[-73.6942,6.7856],[-73.7001,6.7853],[-73.7067,6.7903],[-73.707,6.7957],[-73.7085,6.798],[-73.7142,6.7978],[-73.7181,6.7956],[-73.722,6.8026],[-73.725,6.8045],[-73.7259,6.8102],[-73.7281,6.8129],[-73.7254,6.816],[-73.7269,6.819],[-73.7317,6.8182],[-73.733,6.8155],[-73.7371,6.8173],[-73.7376,6.8192],[-73.7341,6.823],[-73.7349,6.8277],[-73.7363,6.8281],[-73.7371,6.8259],[-73.7385,6.8259],[-73.748,6.8339],[-73.7515,6.8336],[-73.7524,6.8397],[-73.7553,6.8402],[-73.7548,6.8425]],[[-73.7432,6.8289],[-73.7461,6.8319],[-73.7446,6.831],[-73.7432,6.8289]]]}},{"type":"Feature","properties":{"nombre":"Río Oponcito","tipo":"río"},"geometry":{"type":"Polygon","coordinates":[[[-73.7342,6.9036],[-73.7358,6.9022],[-73.738,6.9033],[-73.7394,6.9014],[-73.7402,6.8987],[-73.7378,6.8986],[-73.737,6.8968],[-73.7414,6.897],[-73.7394,6.8933],[-73.7431,6.8942],[-73.7402,6.889],[-73.7438,6.8896],[-73.745,6.8878],[-73.7434,6.8851],[-73.7401,6.8865],[-73.7417,6.8796],[-73.7347,6.8793],[-73.7405,6.8773],[-73.7422,6.8662],[-73.7424,6.8687],[-73.7451,6.8668],[-73.747,6.869],[-73.7478,6.866],[-73.7456,6.8635],[-73.7485,6.8603],[-73.7451,6.8633],[-73.7473,6.866],[-73.7472,6.868],[-73.7446,6.8663],[-73.7427,6.8684],[-73.7428,6.8658],[-73.7417,6.866],[-73.74,6.877],[-73.7344,6.879],[-73.7361,6.8805],[-73.7415,6.8801],[-73.7396,6.8867],[-73.743,6.8854],[-73.7444,6.8871],[-73.7433,6.8893],[-73.7396,6.8888],[-73.7428,6.894],[-73.7401,6.8925],[-73.739,6.8932],[-73.7389,6.8948],[-73.7412,6.8965],[-73.7368,6.8959],[-73.7373,6.8988],[-73.7398,6.899],[-73.7383,6.9027],[-73.7354,6.9018],[-73.7348,6.9035],[-73.733,6.902],[-73.7307,6.9031],[-73.732,6.8998],[-73.731,6.8977],[-73.7272,6.9014],[-73.7231,6.9015],[-73.725,6.8997],[-73.7214,6.8943],[-73.7189,6.9011],[-73.7184,6.8975],[-73.716,6.8956],[-73.7136,6.8979],[-73.7104,6.8954],[-73.71,6.8985],[-73.7074,6.8982],[-73.7072,6.8911],[-73.7054,6.8889],[-73.7042,6.8929],[-73.701,6.8926],[-73.7007,6.8959],[-73.7001,6.8882],[-73.6987,6.8879],[-73.6973,6.8902],[-73.6978,6.8862],[-73.6953,6.8888],[-73.693,6.8886],[-73.6935,6.8866],[-73.6888,6.8836],[-73.6847,6.892],[-73.6824,6.8916],[-73.6827,6.8946],[-73.6754,6.8915],[-73.6742,6.8957],[-73.6713,6.8908],[-73.6646,6.8908],[-73.6627,6.8924],[-73.6648,6.895],[-73.6646,6.8975],[-73.663,6.8975],[-73.6602,6.8937],[-73.6585,6.8974],[-73.6531,6.8941],[-73.6509,6.8908],[-73.6516,6.8893],[-73.6556,6.8884],[-73.6546,6.8845],[-73.652,6.8822],[-73.6485,6.8843],[-73.6453,6.8809],[-73.6479,6.8772],[-73.6472,6.8761],[-73.6439,6.8777],[-73.6409,6.8821],[-73.6409,6.8768],[-73.6373,6.8761],[-73.6361,6.8775],[-73.6374,6.8828],[-73.6362,6.8847],[-73.6332,6.8853],[-73.6287,6.8817],[-73.627,6.8868],[-73.623,6.8834],[-73.6291,6.8806],[-73.6296,6.8745],[-73.6279,6.8735],[-73.6252,6.875],[-73.6197,6.8729],[-73.616,6.8735],[-73.6109,6.8798],[-73.6053,6.879],[-73.5995,6.8858],[-73.596,6.8875],[-73.595,6.8899],[-73.5911,6.8874],[-73.5849,6.8894],[-73.5813,6.8875],[-73.5767,6.8882],[-73.5735,6.8903],[-73.5711,6.8873],[-73.5676,6.8872],[-73.5672,6.8885],[-73.5655,6.8873],[-73.5633,6.8912],[-73.5549,6.8933],[-73.5543,6.8899],[-73.5582,6.8866],[-73.557,6.8843],[-73.5533,6.8829],[-73.552,6.8795],[-73.5548,6.8788],[-73.5524,6.8759],[-73.5549,6.8759],[-73.5552,6.8706],[-73.5514,6.8673],[-73.5517,6.8702],[-73.5491,6.8734],[-73.5467,6.8713],[-73.5489,6.8653],[-73.5461,6.8616],[-73.5478,6.8554],[-73.5459,6.852],[-73.5484,6.851],[-73.5472,6.8473],[-73.549,6.8449],[-73.5386,6.8378],[-73.5372,6.8342],[-73.5425,6.8219],[-73.5443,6.8133],[-73.549,6.8067],[-73.5496,6.8001],[-73.5485,6.799],[-73.5437,6.7997],[-73.5402,6.7962],[-73.5418,6.7933],[-73.5405,6.7908],[-73.5431,6.7851],[-73.5363,6.7789],[-73.5376,6.7764],[-73.5333,6.7743],[-73.5393,6.7689],[-73.5355,6.765],[-73.539,6.7608],[-73.5345,6.7576],[-73.5345,6.7504],[-73.5318,6.7494],[-73.5332,6.747],[-73.5317,6.7458],[-73.5327,6.7471],[-73.5313,6.7496],[-73.5341,6.751],[-73.534,6.7578],[-73.5386,6.7614],[-73.5351,6.7651],[-73.5368,6.7681],[-73.5386,6.7682],[-73.5383,6.77],[-73.533,6.7747],[-73.5364,6.776],[-73.536,6.7792],[-73.5423,6.7856],[-73.5398,6.7912],[-73.5397,6.7962],[-73.5456,6.8016],[-73.5438,6.8135],[-73.5363,6.8343],[-73.5382,6.8383],[-73.5412,6.8392],[-73.542,6.8413],[-73.5464,6.8443],[-73.5478,6.849],[-73.5478,6.8508],[-73.5453,6.8523],[-73.5471,6.8556],[-73.5455,6.8614],[-73.5483,6.8661],[-73.5465,6.8702],[-73.5469,6.8731],[-73.5481,6.8744],[-73.5508,6.8723],[-73.5522,6.8703],[-73.5516,6.8681],[-73.5548,6.8712],[-73.5543,6.8757],[-73.5521,6.8756],[-73.5544,6.8783],[-73.5514,6.8792],[-73.553,6.8838],[-73.5575,6.886],[-73.5537,6.8895],[-73.5548,6.8942],[-73.5625,6.8923],[-73.565,6.8884],[-73.5677,6.8889],[-73.5689,6.8877],[-73.571,6.8881],[-73.5737,6.8913],[-73.577,6.8889],[-73.5819,6.8882],[-73.5849,6.8902],[-73.591,6.888],[-73.5945,6.8909],[-73.6054,6.8796],[-73.6114,6.8804],[-73.6138,6.8765],[-73.62,6.8735],[-73.625,6.8756],[-73.6283,6.8743],[-73.6293,6.8752],[-73.6286,6.8802],[-73.6224,6.883],[-73.6271,6.8873],[-73.6289,6.8824],[-73.6318,6.8835],[-73.6329,6.8859],[-73.6367,6.8852],[-73.6379,6.8834],[-73.6371,6.8778],[-73.6383,6.8765],[-73.6405,6.8773],[-73.6402,6.8819],[-73.6416,6.8826],[-73.6441,6.8781],[-73.6471,6.8765],[-73.6449,6.8793],[-73.6459,6.8825],[-73.6487,6.8847],[-73.6524,6.8829],[-73.6547,6.8864],[-73.6539,6.8891],[-73.6505,6.8894],[-73.6506,6.8921],[-73.6583,6.8979],[-73.6606,6.8944],[-73.6628,6.8979],[-73.665,6.8982],[-73.6658,6.8948],[-73.6633,6.8923],[-73.6652,6.8914],[-73.6711,6.8915],[-73.6746,6.8963],[-73.6762,6.8922],[-73.6834,6.8949],[-73.6829,6.8921],[-73.6852,6.8921],[-73.6892,6.8843],[-73.6929,6.8872],[-73.6927,6.889],[-73.6958,6.8896],[-73.6976,6.8874],[-73.697,6.8902],[-73.6982,6.891],[-73.6996,6.8888],[-73.699,6.8929],[-73.7009,6.8968],[-73.7016,6.8932],[-73.705,6.8929],[-73.7055,6.8896],[-73.7075,6.8987],[-73.7104,6.8988],[-73.7111,6.8961],[-73.7139,6.8983],[-73.716,6.8962],[-73.7181,6.898],[-73.7187,6.9019],[-73.7218,6.8951],[-73.7243,6.8994],[-73.7226,6.901],[-73.7236,6.9024],[-73.7276,6.9017],[-73.7312,6.8986],[-73.7305,6.9034],[-73.7327,6.9026],[-73.7342,6.9036]],[[-73.5466,6.8433],[-73.5485,6.8453],[-73.5474,6.8464],[-73.5455,6.8432],[-73.5466,6.8433]],[[-73.5418,6.8204],[-73.5411,6.8241],[-73.5401,6.8221],[-73.5418,6.8204]],[[-73.545,6.811],[-73.5461,6.803],[-73.546,6.8081],[-73.545,6.811]],[[-73.5467,6.8068],[-73.546,6.7999],[-73.548,6.8],[-73.5489,6.8029],[-73.5467,6.8068]]]}},{"type":"Feature","properties":{"nombre":"Quebrada La Llana","tipo":"río"},"geometry":{"type":"Polygon","coordinates":[[[-73.4767,6.9258],[-73.4764,6.9289],[-73.4764,6.9263],[-73.4803,6.9239],[-73.4826,6.9189],[-73.4871,6.917],[-73.4957,6.9094],[-73.4997,6.9022],[-73.5087,6.8949],[-73.5122,6.8883],[-73.5309,6.8859],[-73.5315,6.8879],[-73.5349,6.8885],[-73.5375,6.8929],[-73.5451,6.8949],[-73.5479,6.8908],[-73.5477,6.8874],[-73.5519,6.8878],[-73.5536,6.8902],[-73.5532,6.8883],[-73.5472,6.8872],[-73.5474,6.8911],[-73.5447,6.8943],[-73.5377,6.8927],[-73.5349,6.8883],[-73.5317,6.8875],[-73.5308,6.8854],[-73.5124,6.8876],[-73.5084,6.8946],[-73.5028,6.8983],[-73.4969,6.9052],[-73.4957,6.9089],[-73.4907,6.9122],[-73.4899,6.9145],[-73.482,6.919],[-73.48,6.9236],[-73.4767,6.9258]]]}},{"type":"Feature","properties":{"nombre":"Caño Manso","tipo":"río"},"geometry":{"type":"Polygon","coordinates":[[[-73.4938,6.9812],[-73.4948,6.9806],[-73.4938,6.9775],[-73.497,6.9739],[-73.4972,6.9658],[-73.4967,6.9739],[-73.4936,6.9774],[-73.4938,6.9812]]]}},{"type":"Feature","properties":{"nombre":"Río Chucurí","tipo":"río"},"geometry":{"type":"MultiPolygon","coordinates":[[[[-73.3671,7.0584],[-73.3668,7.0609],[-73.371,7.0573],[-73.3726,7.0461],[-73.3683,7.0427],[-73.3686,7.0383],[-73.3653,7.0348],[-73.3636,7.0297],[-73.37,7.021],[-73.3798,7.0191],[-73.384,7.0111],[-73.3826,7.0024],[-73.3804,6.9991],[-73.3758,6.9967],[-73.3814,6.9837],[-73.3857,6.982],[-73.3857,6.9801],[-73.3825,6.9793],[-73.3804,6.9768],[-73.3828,6.9732],[-73.3802,6.9702],[-73.3806,6.9687],[-73.3821,6.9665],[-73.3859,6.9686],[-73.3915,6.9643],[-73.3905,6.958],[-73.396,6.9537],[-73.3978,6.9429],[-73.4,6.9406],[-73.401,6.9358],[-73.41,6.9236],[-73.4144,6.9225],[-73.4159,6.9196],[-73.4153,6.9152],[-73.4183,6.9103],[-73.4216,6.908],[-73.4223,6.9043],[-73.4308,6.905],[-73.4327,6.9036],[-73.4363,6.8912],[-73.435,6.8753],[-73.4466,6.8582],[-73.4486,6.8574],[-73.4486,6.8556],[-73.4346,6.8744],[-73.4345,6.8888],[-73.4357,6.8912],[-73.4341,6.9],[-73.4304,6.9033],[-73.4222,6.9033],[-73.4211,6.9078],[-73.4173,6.9104],[-73.4152,6.9142],[-73.4141,6.9216],[-73.4098,6.9222],[-73.3982,6.9376],[-73.3955,6.953],[-73.3932,6.9559],[-73.3899,6.9568],[-73.3903,6.9645],[-73.3884,6.9642],[-73.3862,6.9678],[-73.3819,6.9656],[-73.38,6.9678],[-73.3798,6.9713],[-73.3823,6.9733],[-73.3801,6.9757],[-73.3802,6.9778],[-73.3854,6.9814],[-73.3824,6.9818],[-73.3751,6.9965],[-73.383,7.0057],[-73.3805,7.0105],[-73.3813,7.0132],[-73.3793,7.0184],[-73.3688,7.0209],[-73.3634,7.0284],[-73.3646,7.038],[-73.3674,7.0433],[-73.3708,7.0454],[-73.3721,7.0481],[-73.3704,7.0559],[-73.3671,7.0584]],[[-73.365,7.0361],[-73.3674,7.0392],[-73.3676,7.0423],[-73.365,7.0361]],[[-73.399,6.9377],[-73.4,6.9391],[-73.3981,6.9414],[-73.399,6.9377]],[[-73.4298,6.9039],[-73.4323,6.9029],[-73.4315,6.9042],[-73.4298,6.9039]],[[-73.4074,6.9261],[-73.4073,6.9273],[-73.4057,6.9281],[-73.4074,6.9261]],[[-73.3811,7.0022],[-73.3801,7.0014],[-73.3799,6.9998],[-73.3811,7.0022]]],[[[-73.3822,7.0118],[-73.3823,7.0127],[-73.3824,7.0086],[-73.3822,7.0118]],[[-73.3834,7.0115],[-73.3835,7.0091],[-73.3838,7.0106],[-73.3834,7.0115]],[[-73.3817,7.0022],[-73.383,7.0041],[-73.3817,7.003],[-73.3817,7.0022]],[[-73.3813,7.0153],[-73.3804,7.0171],[-73.3804,7.016],[-73.3813,7.0153]],[[-73.3792,6.9998],[-73.3791,7.0003],[-73.3784,6.9993],[-73.3792,6.9998]]]]}},{"type":"Feature","properties":{"nombre":"Quebrada Pujaman","tipo":"río"},"geometry":{"type":"Polygon","coordinates":[[[-73.3432,7.0587],[-73.3388,7.0623],[-73.3313,7.0745],[-73.3251,7.0743],[-73.3209,7.0697],[-73.3177,7.0693],[-73.3125,7.0654],[-73.3172,7.0696],[-73.3207,7.0699],[-73.3214,7.0721],[-73.3237,7.0722],[-73.3252,7.0749],[-73.3304,7.0759],[-73.3329,7.073],[-73.334,7.0737],[-73.3336,7.0696],[-73.3368,7.0678],[-73.3379,7.0643],[-73.3406,7.0634],[-73.3432,7.0587]],[[-73.342,7.0599],[-73.3407,7.0627],[-73.3389,7.0637],[-73.342,7.0599]]]}},{"type":"Feature","properties":{"nombre":"Quebrada Del Medio","tipo":"río"},"geometry":{"type":"Polygon","coordinates":[[[-73.3757,6.9982],[-73.3713,6.9995],[-73.3711,7.0008],[-73.3765,6.9989],[-73.3757,6.9982]]]}},{"type":"Feature","properties":{"nombre":"Quebrada La India","tipo":"río"},"geometry":{"type":"Polygon","coordinates":[[[-73.4978,6.8634],[-73.5003,6.8634],[-73.504,6.8581],[-73.5073,6.8573],[-73.5083,6.8526],[-73.5125,6.851],[-73.5142,6.8484],[-73.5136,6.8458],[-73.5151,6.8451],[-73.5145,6.8429],[-73.5182,6.8415],[-73.5184,6.8386],[-73.5225,6.8362],[-73.5275,6.8391],[-73.5329,6.8331],[-73.5299,6.8344],[-73.5276,6.8384],[-73.5218,6.836],[-73.5178,6.8388],[-73.5182,6.8407],[-73.5143,6.8426],[-73.5147,6.8451],[-73.5133,6.845],[-73.5139,6.8479],[-73.5126,6.8501],[-73.5082,6.8521],[-73.5051,6.8569],[-73.5031,6.8561],[-73.5002,6.8632],[-73.4978,6.8634]],[[-73.5028,6.8582],[-73.5018,6.8612],[-73.5031,6.8567],[-73.5055,6.8572],[-73.5071,6.8551],[-73.5068,6.8573],[-73.5028,6.8582]],[[-73.5124,6.8505],[-73.5125,6.8507],[-73.5115,6.8509],[-73.5124,6.8505]]]}},{"type":"Feature","properties":{"nombre":"Río Honduras","tipo":"río"},"geometry":{"type":"Polygon","coordinates":[[[-73.5421,6.6972],[-73.5458,6.6987],[-73.5468,6.7044],[-73.5488,6.7045],[-73.5445,6.6959],[-73.5385,6.6965],[-73.53,6.6883],[-73.5226,6.6846],[-73.5183,6.6697],[-73.5123,6.6659],[-73.5103,6.6625],[-73.5052,6.6584],[-73.5027,6.653],[-73.4995,6.6514],[-73.4988,6.6456],[-73.4963,6.6415],[-73.4983,6.651],[-73.5027,6.6545],[-73.5058,6.6611],[-73.5185,6.6713],[-73.5224,6.6859],[-73.5292,6.6889],[-73.5348,6.6958],[-73.5383,6.6975],[-73.5421,6.6972]]]}},{"type":"Feature","properties":{"nombre":"Quebrada Aratoca","tipo":"río"},"geometry":{"type":"Polygon","coordinates":[[[-73.0676,6.7374],[-73.0634,6.7322],[-73.052,6.7272],[-73.0494,6.7231],[-73.0388,6.7168],[-73.0362,6.7108],[-73.0337,6.7089],[-73.0367,6.7156],[-73.0426,6.721],[-73.0487,6.7233],[-73.0513,6.7276],[-73.063,6.7328],[-73.0676,6.7374]]]}},{"type":"Feature","properties":{"nombre":"Río Vergelíano","tipo":"río"},"geometry":{"type":"Polygon","coordinates":[[[-73.5234,6.6867],[-73.5174,6.6881],[-73.5115,6.6843],[-73.5023,6.6816],[-73.5174,6.6887],[-73.5234,6.6867]]]}},{"type":"Feature","properties":{"nombre":"Río Peralonso","tipo":"río"},"geometry":{"type":"Polygon","coordinates":[[[-72.6006,7.903],[-72.6056,7.9051],[-72.6095,7.9032],[-72.6156,7.9082],[-72.6213,7.9107],[-72.6242,7.9104],[-72.6269,7.9136],[-72.6327,7.9095],[-72.639,7.9076],[-72.6442,7.9088],[-72.6551,7.9083],[-72.6584,7.9061],[-72.6649,7.9053],[-72.6687,7.9034],[-72.6735,7.9057],[-72.6773,7.904],[-72.6822,7.9059],[-72.687,7.901],[-72.6947,7.9013],[-72.6869,7.9008],[-72.6822,7.9056],[-72.6773,7.9037],[-72.6733,7.9054],[-72.6689,7.903],[-72.6549,7.9078],[-72.6448,7.9083],[-72.6411,7.9068],[-72.6344,7.9083],[-72.6269,7.9134],[-72.6243,7.9102],[-72.6214,7.9104],[-72.6157,7.9079],[-72.6096,7.9029],[-72.6077,7.9028],[-72.6063,7.9047],[-72.6041,7.903],[-72.6006,7.903]]]}},{"type":"Feature","properties":{"nombre":"Río Zulia","tipo":"río"},"geometry":{"type":"Polygon","coordinates":[[[-72.4227,8.384],[-72.4274,8.3825],[-72.4295,8.3794],[-72.4267,8.3693],[-72.4275,8.3661],[-72.4354,8.3663],[-72.4423,8.3695],[-72.4455,8.3689],[-72.4476,8.3666],[-72.4478,8.3628],[-72.4463,8.3608],[-72.4343,8.3611],[-72.4324,8.3591],[-72.4384,8.3547],[-72.4413,8.3499],[-72.4409,8.3422],[-72.4378,8.3428],[-72.4354,8.3466],[-72.4387,8.3349],[-72.4413,8.3313],[-72.448,8.3272],[-72.4541,8.3134],[-72.4611,8.3106],[-72.4609,8.3023],[-72.4626,8.3019],[-72.4663,8.3066],[-72.4699,8.3068],[-72.4755,8.3023],[-72.4854,8.2987],[-72.4857,8.2973],[-72.4827,8.2941],[-72.4829,8.2916],[-72.4939,8.2858],[-72.4931,8.2827],[-72.4867,8.2827],[-72.4849,8.2814],[-72.493,8.2801],[-72.4951,8.2766],[-72.4936,8.2741],[-72.4884,8.2733],[-72.4865,8.2716],[-72.4874,8.2685],[-72.4915,8.2658],[-72.4919,8.2628],[-72.4893,8.2599],[-72.4838,8.2596],[-72.4837,8.2574],[-72.4992,8.2586],[-72.5057,8.2614],[-72.5083,8.261],[-72.509,8.2566],[-72.5027,8.2527],[-72.5016,8.2502],[-72.5043,8.2487],[-72.5099,8.2526],[-72.5126,8.2511],[-72.5132,8.2431],[-72.5171,8.24],[-72.5178,8.2377],[-72.5165,8.235],[-72.5122,8.2333],[-72.512,8.2311],[-72.5229,8.2258],[-72.5261,8.2278],[-72.5252,8.2322],[-72.5275,8.2338],[-72.5296,8.2322],[-72.5298,8.2278],[-72.5332,8.2261],[-72.5333,8.2238],[-72.5312,8.2212],[-72.5331,8.2172],[-72.5324,8.2145],[-72.5259,8.2134],[-72.5262,8.2118],[-72.5289,8.2117],[-72.5304,8.21],[-72.5279,8.2047],[-72.5321,8.1997],[-72.5313,8.198],[-72.5278,8.1975],[-72.5274,8.1955],[-72.5298,8.1898],[-72.5289,8.1853],[-72.5304,8.1843],[-72.534,8.1871],[-72.5372,8.1869],[-72.5394,8.1813],[-72.5376,8.1774],[-72.5309,8.1752],[-72.5306,8.1729],[-72.5335,8.1689],[-72.5293,8.1634],[-72.5349,8.1615],[-72.5354,8.1502],[-72.5423,8.1451],[-72.5425,8.1416],[-72.5408,8.1398],[-72.5396,8.1333],[-72.5434,8.1319],[-72.5436,8.1294],[-72.5477,8.1263],[-72.547,8.1222],[-72.5506,8.1205],[-72.5515,8.1179],[-72.5564,8.1183],[-72.5617,8.1122],[-72.5659,8.1137],[-72.5698,8.1099],[-72.5765,8.11],[-72.5868,8.1018],[-72.5877,8.096],[-72.5847,8.0933],[-72.5906,8.0821],[-72.5858,8.0784],[-72.5895,8.0692],[-72.5872,8.0657],[-72.5877,8.055],[-72.5928,8.0521],[-72.592,8.043],[-72.5947,8.0345],[-72.5883,8.0236],[-72.5886,8.0205],[-72.591,8.0185],[-72.5885,8.0093],[-72.5926,8.006],[-72.5934,7.9998],[-72.5975,7.9962],[-72.5944,7.9888],[-72.5965,7.9804],[-72.5948,7.9759],[-72.5981,7.9674],[-72.5928,7.9565],[-72.5921,7.9513],[-72.5902,7.9494],[-72.5935,7.9479],[-72.5939,7.9458],[-72.5876,7.9417],[-72.5847,7.9284],[-72.59,7.9185],[-72.591,7.9102],[-72.5953,7.909],[-72.6046,7.9001],[-72.6076,7.8962],[-72.6085,7.8916],[-72.6117,7.8894],[-72.6137,7.8798],[-72.6184,7.8772],[-72.6183,7.8733],[-72.6203,7.8704],[-72.6197,7.8675],[-72.6224,7.8653],[-72.6236,7.8616],[-72.6286,7.8591],[-72.6323,7.8515],[-72.6357,7.8496],[-72.6372,7.8444],[-72.6452,7.8399],[-72.6467,7.8358],[-72.6513,7.837],[-72.657,7.835],[-72.6515,7.8365],[-72.6462,7.8352],[-72.6448,7.8392],[-72.6369,7.8435],[-72.6353,7.8495],[-72.6317,7.8511],[-72.6286,7.8581],[-72.6237,7.8601],[-72.6193,7.867],[-72.6179,7.8766],[-72.6131,7.8793],[-72.6104,7.8896],[-72.603,7.8955],[-72.6028,7.8997],[-72.598,7.9044],[-72.5949,7.9036],[-72.5911,7.9075],[-72.5899,7.9116],[-72.5877,7.9121],[-72.5867,7.9229],[-72.5833,7.9272],[-72.5861,7.9401],[-72.5881,7.9431],[-72.5929,7.9457],[-72.5891,7.9498],[-72.5945,7.9608],[-72.594,7.9636],[-72.5975,7.9674],[-72.594,7.9754],[-72.5952,7.9801],[-72.5938,7.9821],[-72.5937,7.9913],[-72.596,7.996],[-72.5913,7.9994],[-72.5914,8.0028],[-72.5877,8.0064],[-72.5897,8.0159],[-72.5847,8.0282],[-72.5863,8.0323],[-72.584,8.034],[-72.5869,8.0382],[-72.5879,8.0439],[-72.5864,8.0473],[-72.5842,8.0484],[-72.5823,8.0566],[-72.5832,8.0582],[-72.5851,8.0565],[-72.5853,8.0595],[-72.5866,8.06],[-72.5864,8.0663],[-72.5884,8.0684],[-72.5846,8.076],[-72.5872,8.0826],[-72.5833,8.0946],[-72.5872,8.0969],[-72.586,8.1015],[-72.5766,8.1093],[-72.5703,8.109],[-72.5667,8.1115],[-72.5609,8.1115],[-72.5574,8.1163],[-72.551,8.1169],[-72.5462,8.1211],[-72.5454,8.1274],[-72.5415,8.1274],[-72.5375,8.1323],[-72.5396,8.1401],[-72.5381,8.142],[-72.5348,8.1421],[-72.5319,8.1473],[-72.5344,8.1491],[-72.5338,8.1604],[-72.5292,8.1607],[-72.5279,8.1631],[-72.5314,8.1693],[-72.5283,8.1705],[-72.5294,8.1768],[-72.5367,8.1777],[-72.5388,8.1824],[-72.5366,8.1863],[-72.5308,8.1836],[-72.5283,8.1848],[-72.5287,8.1908],[-72.5258,8.1966],[-72.5267,8.1989],[-72.5301,8.1998],[-72.5271,8.2033],[-72.5293,8.2088],[-72.5248,8.2123],[-72.5271,8.2156],[-72.5318,8.2155],[-72.5308,8.2226],[-72.533,8.2252],[-72.5289,8.2274],[-72.5292,8.2314],[-72.528,8.2329],[-72.5263,8.2315],[-72.5269,8.2277],[-72.5239,8.2249],[-72.5205,8.2252],[-72.5114,8.2305],[-72.5113,8.2338],[-72.5159,8.2354],[-72.5171,8.2381],[-72.5124,8.2433],[-72.512,8.2509],[-72.5093,8.2518],[-72.5038,8.2478],[-72.5016,8.2486],[-72.5007,8.2508],[-72.5022,8.2533],[-72.5086,8.2576],[-72.508,8.2603],[-72.4859,8.2558],[-72.4833,8.2568],[-72.4831,8.2599],[-72.4883,8.2603],[-72.491,8.2627],[-72.4909,8.2653],[-72.486,8.2686],[-72.486,8.2725],[-72.4933,8.2748],[-72.4945,8.2766],[-72.4928,8.2795],[-72.4854,8.2795],[-72.4838,8.2817],[-72.4859,8.2833],[-72.4923,8.2835],[-72.4935,8.285],[-72.484,8.2893],[-72.4818,8.2916],[-72.4821,8.2949],[-72.4846,8.2984],[-72.4753,8.3009],[-72.4696,8.306],[-72.4666,8.3057],[-72.4629,8.301],[-72.4606,8.3013],[-72.4604,8.3101],[-72.4535,8.3128],[-72.4473,8.3267],[-72.4408,8.3306],[-72.438,8.3344],[-72.4345,8.3467],[-72.4364,8.3479],[-72.4379,8.344],[-72.4404,8.343],[-72.4404,8.3497],[-72.4374,8.3545],[-72.4319,8.3579],[-72.4315,8.36],[-72.434,8.3619],[-72.4457,8.3615],[-72.4471,8.3641],[-72.4461,8.3672],[-72.4414,8.3686],[-72.4325,8.3636],[-72.4278,8.3644],[-72.4257,8.369],[-72.4283,8.3803],[-72.4254,8.3826],[-72.4214,8.3831],[-72.4115,8.3767],[-72.4085,8.3729],[-72.4097,8.3693],[-72.4166,8.3677],[-72.4155,8.363],[-72.4096,8.364],[-72.4064,8.3674],[-72.4086,8.3762],[-72.4176,8.3827],[-72.4227,8.384]],[[-72.4304,8.3663],[-72.4278,8.3658],[-72.4317,8.3643],[-72.4349,8.366],[-72.4304,8.3663]],[[-72.5283,8.2106],[-72.5283,8.2106],[-72.5283,8.2106],[-72.5283,8.2106]],[[-72.532,8.1767],[-72.5296,8.1761],[-72.5298,8.1707],[-72.5316,8.1704],[-72.53,8.1742],[-72.532,8.1767]],[[-72.5363,8.1477],[-72.535,8.1486],[-72.5347,8.1471],[-72.5331,8.147],[-72.5331,8.1449],[-72.5392,8.1414],[-72.536,8.1453],[-72.5363,8.1477]],[[-72.5389,8.1469],[-72.5387,8.1442],[-72.5413,8.1414],[-72.542,8.1448],[-72.5389,8.1469]],[[-72.5394,8.1327],[-72.5383,8.1339],[-72.5418,8.1279],[-72.5437,8.128],[-72.5423,8.1315],[-72.5394,8.1327]],[[-72.5653,8.1132],[-72.565,8.1124],[-72.5676,8.1118],[-72.5653,8.1132]],[[-72.5889,8.0815],[-72.5901,8.0826],[-72.5886,8.085],[-72.5889,8.0815]],[[-72.5875,8.0534],[-72.5867,8.0594],[-72.5852,8.0559],[-72.583,8.0577],[-72.5845,8.0491],[-72.5869,8.0479],[-72.5882,8.0451],[-72.5872,8.0381],[-72.5843,8.0342],[-72.5866,8.0324],[-72.5851,8.0283],[-72.5872,8.0262],[-72.5875,8.0235],[-72.5914,8.0312],[-72.5927,8.0378],[-72.5912,8.0428],[-72.5921,8.0514],[-72.5875,8.0534]],[[-72.5947,7.991],[-72.5954,7.9926],[-72.5944,7.9917],[-72.5947,7.991]],[[-72.5898,7.9122],[-72.5896,7.9183],[-72.5881,7.9192],[-72.5875,7.914],[-72.5898,7.9122]],[[-72.5956,7.9072],[-72.594,7.9089],[-72.5919,7.9089],[-72.5956,7.9072]],[[-72.5943,7.9072],[-72.5927,7.9069],[-72.5946,7.905],[-72.5971,7.9053],[-72.5943,7.9072]],[[-72.6068,7.894],[-72.6059,7.8977],[-72.6033,7.8985],[-72.6034,7.8962],[-72.6068,7.894]],[[-72.6264,7.8587],[-72.6279,7.8592],[-72.6249,7.8598],[-72.6264,7.8587]],[[-72.4076,8.3678],[-72.4125,8.3638],[-72.4159,8.3658],[-72.4151,8.3673],[-72.4097,8.3679],[-72.4074,8.3698],[-72.4076,8.3678]]]}},{"type":"Feature","properties":{"nombre":"Río Suárez","tipo":"río"},"geometry":{"type":"Polygon","coordinates":[[[-73.2067,6.7694],[-73.2107,6.7697],[-73.2143,6.7628],[-73.2153,6.7567],[-73.218,6.7524],[-73.2189,6.7423],[-73.227,6.7285],[-73.2317,6.726],[-73.2372,6.7184],[-73.2424,6.716],[-73.2472,6.7158],[-73.2541,6.7116],[-73.2557,6.7084],[-73.2558,6.7031],[-73.2589,6.7012],[-73.2586,6.6956],[-73.2624,6.6921],[-73.2605,6.6878],[-73.2606,6.6838],[-73.256,6.6768],[-73.2578,6.6732],[-73.2648,6.6733],[-73.2669,6.6701],[-73.2669,6.6578],[-73.262,6.653],[-73.2631,6.6473],[-73.261,6.6436],[-73.2641,6.6374],[-73.2648,6.6313],[-73.2681,6.6258],[-73.2669,6.6208],[-73.2692,6.6179],[-73.2695,6.6129],[-73.2743,6.6078],[-73.2719,6.5986],[-73.2785,6.5843],[-73.2832,6.5639],[-73.283,6.5547],[-73.2747,6.5369],[-73.2738,6.526],[-73.2757,6.521],[-73.2738,6.5105],[-73.283,6.4977],[-73.2841,6.4932],[-73.2872,6.4914],[-73.2942,6.4823],[-73.2977,6.4817],[-73.2988,6.4765],[-73.3024,6.4723],[-73.3052,6.4654],[-73.3042,6.4581],[-73.3096,6.4457],[-73.3109,6.4373],[-73.3181,6.4359],[-73.3182,6.4333],[-73.3172,6.4361],[-73.311,6.4356],[-73.3123,6.4314],[-73.3156,6.4284],[-73.3151,6.4252],[-73.3181,6.4239],[-73.3162,6.4148],[-73.3199,6.4019],[-73.3235,6.3956],[-73.3271,6.3938],[-73.3304,6.3883],[-73.3293,6.3808],[-73.3306,6.3721],[-73.3372,6.3682],[-73.3388,6.3637],[-73.3462,6.3547],[-73.3518,6.3525],[-73.3577,6.3451],[-73.3578,6.3414],[-73.361,6.3389],[-73.3608,6.336],[-73.3638,6.3318],[-73.3608,6.3239],[-73.3619,6.3151],[-73.3659,6.312],[-73.3698,6.311],[-73.3771,6.3113],[-73.3834,6.3161],[-73.3893,6.3134],[-73.3949,6.3168],[-73.4008,6.3174],[-73.4008,6.326],[-73.3985,6.3309],[-73.3988,6.3342],[-73.4006,6.3362],[-73.4093,6.338],[-73.4139,6.3364],[-73.4171,6.3326],[-73.4191,6.3327],[-73.4169,6.3318],[-73.4138,6.3357],[-73.4091,6.3373],[-73.4025,6.3362],[-73.3992,6.3311],[-73.4018,6.3194],[-73.4064,6.3187],[-73.4077,6.3115],[-73.4144,6.3083],[-73.418,6.3042],[-73.4185,6.3009],[-73.4272,6.2951],[-73.4359,6.2807],[-73.4401,6.2798],[-73.4404,6.2733],[-73.4461,6.2572],[-73.4444,6.2529],[-73.4478,6.2506],[-73.4504,6.246],[-73.4458,6.2433],[-73.444,6.2362],[-73.4479,6.2318],[-73.4518,6.233],[-73.4539,6.2317],[-73.4572,6.225],[-73.4582,6.219],[-73.4681,6.2045],[-73.4732,6.1998],[-73.4763,6.1922],[-73.4807,6.1873],[-73.481,6.1812],[-73.4845,6.1745],[-73.4809,6.1614],[-73.4738,6.1564],[-73.4744,6.1507],[-73.4802,6.1434],[-73.4803,6.1389],[-73.4904,6.129],[-73.4904,6.122],[-73.4958,6.1161],[-73.4976,6.1083],[-73.5038,6.1064],[-73.507,6.1027],[-73.5152,6.0995],[-73.513,6.0949],[-73.5139,6.0879],[-73.5181,6.0858],[-73.5223,6.0776],[-73.5261,6.0781],[-73.5276,6.0683],[-73.5253,6.066],[-73.5249,6.0597],[-73.5297,6.0556],[-73.5308,6.05],[-73.5344,6.0505],[-73.5372,6.0421],[-73.5417,6.036],[-73.5492,6.0315],[-73.559,6.0299],[-73.5594,6.0257],[-73.5666,6.0178],[-73.5727,6.0145],[-73.5751,6.0148],[-73.582,6.0121],[-73.5821,6.0099],[-73.5861,6.0064],[-73.5889,5.9896],[-73.5917,5.9866],[-73.5904,5.984],[-73.5922,5.9802],[-73.591,5.9653],[-73.594,5.9567],[-73.5963,5.9551],[-73.597,5.9507],[-73.6075,5.9307],[-73.6181,5.9243],[-73.6218,5.9244],[-73.6266,5.9164],[-73.6308,5.9157],[-73.6329,5.9117],[-73.6364,5.9112],[-73.6371,5.9081],[-73.6353,5.9056],[-73.6401,5.8963],[-73.6541,5.8842],[-73.6605,5.8853],[-73.6665,5.8792],[-73.6697,5.8788],[-73.6773,5.8735],[-73.6852,5.8717],[-73.69,5.8676],[-73.6958,5.8661],[-73.7019,5.8584],[-73.7082,5.8578],[-73.7094,5.8556],[-73.7099,5.8508],[-73.7033,5.8279],[-73.7047,5.8265],[-73.7033,5.8237],[-73.7039,5.8206],[-73.7062,5.8204],[-73.7074,5.8164],[-73.7029,5.8118],[-73.7048,5.8085],[-73.7035,5.8065],[-73.7046,5.8054],[-73.7041,5.8019],[-73.7099,5.7949],[-73.7106,5.7906],[-73.7172,5.7785],[-73.718,5.7741],[-73.7198,5.7721],[-73.7218,5.7727],[-73.7273,5.7704],[-73.7306,5.7666],[-73.7325,5.7576],[-73.7352,5.7545],[-73.7343,5.7525],[-73.7354,5.7512],[-73.7326,5.7469],[-73.7336,5.7443],[-73.732,5.7441],[-73.7364,5.7367],[-73.736,5.7318],[-73.7397,5.7265],[-73.739,5.7177],[-73.7457,5.7082],[-73.7497,5.7051],[-73.7544,5.6961],[-73.755,5.6915],[-73.7583,5.6896],[-73.7568,5.6849],[-73.7581,5.6796],[-73.7624,5.6761],[-73.7953,5.6283],[-73.7908,5.6232],[-73.7876,5.6143],[-73.7883,5.6033],[-73.787,5.6012],[-73.7855,5.6013],[-73.7866,5.5991],[-73.7852,5.5984],[-73.7855,5.5959],[-73.78,5.5949],[-73.7786,5.5911],[-73.7821,5.5892],[-73.7814,5.5874],[-73.7839,5.5864],[-73.7819,5.584],[-73.7845,5.5817],[-73.7829,5.5791],[-73.786,5.5784],[-73.7855,5.5759],[-73.7873,5.5744],[-73.7866,5.5672],[-73.79,5.5492],[-73.789,5.5448],[-73.7921,5.5317],[-73.79,5.5284],[-73.787,5.5095],[-73.7828,5.4993],[-73.769,5.4862],[-73.7823,5.4995],[-73.7863,5.509],[-73.7893,5.5287],[-73.7914,5.5318],[-73.7885,5.5442],[-73.7893,5.553],[-73.7864,5.5651],[-73.7866,5.5743],[-73.7849,5.576],[-73.7859,5.5778],[-73.7825,5.5786],[-73.7839,5.5815],[-73.7815,5.5842],[-73.7834,5.5864],[-73.7811,5.5872],[-73.7816,5.5891],[-73.7782,5.5909],[-73.7798,5.5952],[-73.7851,5.5961],[-73.7849,5.5986],[-73.7863,5.5991],[-73.7852,5.6015],[-73.7881,5.6034],[-73.787,5.6106],[-73.7883,5.6128],[-73.7872,5.6142],[-73.7907,5.6235],[-73.7951,5.6283],[-73.7629,5.6752],[-73.7575,5.6801],[-73.7562,5.6851],[-73.758,5.6894],[-73.7546,5.6917],[-73.7517,5.7018],[-73.7459,5.7074],[-73.7386,5.718],[-73.7395,5.7263],[-73.7358,5.7317],[-73.7359,5.7371],[-73.7329,5.7404],[-73.7318,5.7442],[-73.7333,5.7443],[-73.7325,5.7469],[-73.7352,5.7514],[-73.7341,5.7521],[-73.7348,5.7545],[-73.7318,5.7578],[-73.73,5.7664],[-73.7268,5.7702],[-73.7185,5.7725],[-73.7094,5.7948],[-73.7035,5.8021],[-73.7044,5.8086],[-73.703,5.8093],[-73.7026,5.8121],[-73.7068,5.8164],[-73.7059,5.8199],[-73.7036,5.8205],[-73.7029,5.8243],[-73.7043,5.8264],[-73.703,5.8274],[-73.7044,5.835],[-73.7063,5.8378],[-73.7061,5.842],[-73.7098,5.8517],[-73.7082,5.8572],[-73.7018,5.8577],[-73.6958,5.8657],[-73.6891,5.8677],[-73.685,5.8714],[-73.6829,5.871],[-73.6731,5.8749],[-73.6695,5.8783],[-73.6658,5.8789],[-73.6602,5.8849],[-73.6539,5.8837],[-73.6396,5.8962],[-73.6348,5.9055],[-73.6367,5.9085],[-73.6357,5.9108],[-73.6329,5.9111],[-73.6306,5.9154],[-73.6269,5.9155],[-73.6217,5.924],[-73.6174,5.9239],[-73.6165,5.9259],[-73.6142,5.9257],[-73.6071,5.9304],[-73.5957,5.9545],[-73.5938,5.9558],[-73.593,5.9611],[-73.5905,5.9656],[-73.5916,5.9798],[-73.5897,5.984],[-73.5911,5.9865],[-73.5882,5.989],[-73.5877,5.9977],[-73.5851,6.007],[-73.5816,6.0094],[-73.5814,6.0117],[-73.5652,6.0176],[-73.5643,6.0202],[-73.5629,6.0204],[-73.5614,6.0241],[-73.5588,6.026],[-73.5592,6.0293],[-73.5486,6.0313],[-73.5396,6.037],[-73.5342,6.0499],[-73.5307,6.0494],[-73.5291,6.0555],[-73.5244,6.0591],[-73.5248,6.0662],[-73.5272,6.0682],[-73.5257,6.0702],[-73.5259,6.0775],[-73.522,6.0774],[-73.5178,6.0853],[-73.5135,6.0875],[-73.5123,6.0948],[-73.5146,6.0992],[-73.4968,6.1084],[-73.4945,6.1158],[-73.4898,6.1224],[-73.4901,6.1288],[-73.4836,6.1359],[-73.4812,6.1363],[-73.4793,6.1396],[-73.4796,6.1435],[-73.4737,6.1505],[-73.4733,6.157],[-73.4795,6.1608],[-73.4837,6.1742],[-73.4803,6.1805],[-73.4798,6.1874],[-73.4758,6.192],[-73.4737,6.1979],[-73.4677,6.2039],[-73.458,6.2182],[-73.4535,6.2309],[-73.4517,6.232],[-73.4475,6.231],[-73.4431,6.2364],[-73.445,6.2459],[-73.4497,6.2464],[-73.4438,6.253],[-73.4456,6.2569],[-73.4398,6.2731],[-73.4394,6.2787],[-73.4346,6.281],[-73.4262,6.2953],[-73.4236,6.2957],[-73.422,6.2988],[-73.4176,6.2998],[-73.4176,6.3036],[-73.4134,6.3082],[-73.4097,6.3086],[-73.4065,6.3113],[-73.4051,6.3187],[-73.3942,6.3152],[-73.3894,6.3119],[-73.3839,6.3154],[-73.3806,6.3119],[-73.3761,6.3106],[-73.3669,6.3111],[-73.3613,6.3144],[-73.3599,6.3229],[-73.3633,6.3315],[-73.3598,6.3358],[-73.3598,6.3391],[-73.3572,6.341],[-73.357,6.3451],[-73.3518,6.3518],[-73.3471,6.3531],[-73.3446,6.3556],[-73.3382,6.3632],[-73.3361,6.3682],[-73.33,6.3715],[-73.3286,6.3807],[-73.3297,6.3884],[-73.3228,6.395],[-73.3167,6.4084],[-73.3158,6.4152],[-73.3172,6.4233],[-73.3149,6.4244],[-73.3142,6.4286],[-73.3106,6.433],[-73.3087,6.4457],[-73.3034,6.4581],[-73.3045,6.4653],[-73.3019,6.4714],[-73.2982,6.4748],[-73.2969,6.4808],[-73.2939,6.4814],[-73.2923,6.4847],[-73.2835,6.493],[-73.2772,6.5057],[-73.2726,6.5112],[-73.2751,6.5204],[-73.2732,6.526],[-73.2741,6.536],[-73.2754,6.5411],[-73.278,6.5446],[-73.2776,6.5471],[-73.2823,6.5542],[-73.2829,6.5629],[-73.2787,6.5764],[-73.2782,6.5832],[-73.2709,6.5973],[-73.2734,6.6071],[-73.2657,6.6192],[-73.267,6.6255],[-73.2637,6.6304],[-73.2603,6.6399],[-73.2611,6.6535],[-73.2652,6.6556],[-73.2666,6.6599],[-73.2657,6.6696],[-73.2632,6.672],[-73.2575,6.6723],[-73.2551,6.6765],[-73.2578,6.6815],[-73.2578,6.685],[-73.2619,6.6916],[-73.2582,6.6948],[-73.2581,6.7008],[-73.2547,6.7031],[-73.255,6.7088],[-73.2532,6.7116],[-73.2473,6.7152],[-73.2418,6.7155],[-73.2363,6.7178],[-73.2311,6.7255],[-73.2264,6.7281],[-73.2178,6.7426],[-73.217,6.7525],[-73.2105,6.7688],[-73.1989,6.7677],[-73.2067,6.7694]],[[-73.401,6.3361],[-73.3989,6.3321],[-73.4013,6.3349],[-73.401,6.3361]],[[-73.4445,6.2397],[-73.4451,6.2423],[-73.4439,6.2407],[-73.4445,6.2397]],[[-73.4465,6.2454],[-73.4455,6.2456],[-73.4452,6.2438],[-73.4465,6.2454]],[[-73.2618,6.6379],[-73.2606,6.6411],[-73.2609,6.6389],[-73.2618,6.6379]],[[-73.2592,6.6841],[-73.2595,6.6853],[-73.2583,6.6847],[-73.2592,6.6841]],[[-73.3905,6.3138],[-73.3895,6.313],[-73.3913,6.3136],[-73.3905,6.3138]],[[-73.4247,6.2963],[-73.4237,6.2976],[-73.4239,6.2964],[-73.4247,6.2963]],[[-73.4556,6.2271],[-73.4547,6.2284],[-73.4552,6.2271],[-73.4556,6.2271]],[[-73.3798,6.3123],[-73.3807,6.313],[-73.3795,6.3127],[-73.3798,6.3123]],[[-73.4954,6.1153],[-73.4953,6.116],[-73.4947,6.1163],[-73.4954,6.1153]]]}},{"type":"Feature","properties":{"nombre":"Brazo Berlín","tipo":"río"},"geometry":{"type":"Polygon","coordinates":[[[-73.9135,7.1337],[-73.9148,7.1453],[-73.9188,7.1523],[-73.9229,7.1537],[-73.9214,7.1489],[-73.9172,7.1443],[-73.9161,7.1356],[-73.92,7.1232],[-73.9007,7.1013],[-73.8986,7.0959],[-73.8996,7.0909],[-73.8962,7.0865],[-73.8962,7.0938],[-73.8992,7.1053],[-73.9065,7.1159],[-73.9095,7.1282],[-73.9135,7.1337]],[[-73.9146,7.1189],[-73.9095,7.117],[-73.9055,7.1119],[-73.9043,7.1078],[-73.9146,7.1189]],[[-73.9149,7.1234],[-73.9112,7.1209],[-73.9109,7.1188],[-73.9154,7.1199],[-73.9168,7.1238],[-73.9149,7.1234]],[[-73.9146,7.131],[-73.9153,7.1332],[-73.9103,7.1266],[-73.9101,7.1245],[-73.9141,7.1275],[-73.9146,7.131]],[[-73.9176,7.1269],[-73.916,7.1334],[-73.9168,7.1294],[-73.9137,7.1235],[-73.9166,7.124],[-73.9176,7.1269]],[[-73.9136,7.1268],[-73.91,7.1241],[-73.91,7.1193],[-73.9136,7.1268]],[[-73.904,7.109],[-73.9014,7.1032],[-73.9041,7.1063],[-73.904,7.109]],[[-73.9179,7.1232],[-73.9172,7.1217],[-73.9191,7.123],[-73.9186,7.1261],[-73.9179,7.1232]],[[-73.9145,7.1269],[-73.9164,7.1293],[-73.9153,7.1309],[-73.9145,7.1269]]]}},{"type":"Feature","properties":{"nombre":"Caño de Puerto Arturo","tipo":"río"},"geometry":{"type":"Polygon","coordinates":[[[-73.8793,6.9991],[-73.8805,7.0036],[-73.8812,7.0022],[-73.8793,6.9987],[-73.8806,6.9967],[-73.8873,6.9918],[-73.8877,6.9887],[-73.8946,6.985],[-73.8875,6.9885],[-73.887,6.9917],[-73.879,6.9985],[-73.872,6.9997],[-73.8793,6.9991]]]}},{"type":"Feature","properties":{"nombre":"Caño Barbú","tipo":"río"},"geometry":{"type":"Polygon","coordinates":[[[-73.8367,7.7818],[-73.8432,7.7816],[-73.8468,7.7795],[-73.8494,7.7808],[-73.86,7.7701],[-73.8629,7.7727],[-73.8633,7.7759],[-73.8659,7.7749],[-73.8638,7.775],[-73.8634,7.7721],[-73.8595,7.7694],[-73.8493,7.7803],[-73.846,7.7791],[-73.8417,7.7814],[-73.8369,7.781],[-73.835,7.7766],[-73.8382,7.7758],[-73.8386,7.7743],[-73.8344,7.7708],[-73.8346,7.7663],[-73.8329,7.7646],[-73.8303,7.7548],[-73.8362,7.7433],[-73.8357,7.74],[-73.8327,7.7379],[-73.832,7.7398],[-73.8352,7.7406],[-73.8355,7.7449],[-73.8318,7.7489],[-73.8293,7.7552],[-73.8302,7.7596],[-73.8324,7.7615],[-73.8324,7.7657],[-73.8341,7.7673],[-73.8342,7.7725],[-73.8382,7.7746],[-73.8345,7.7762],[-73.8367,7.7818]]]}},{"type":"Feature","properties":{"nombre":"Brazuelo Canime","tipo":"río"},"geometry":{"type":"Polygon","coordinates":[[[-73.9312,7.1072],[-73.9314,7.1092],[-73.9355,7.1095],[-73.939,7.1146],[-73.9442,7.1124],[-73.9453,7.1132],[-73.9443,7.1176],[-73.9496,7.1217],[-73.9521,7.1206],[-73.9535,7.1178],[-73.9576,7.1193],[-73.9601,7.1187],[-73.9614,7.1167],[-73.967,7.1219],[-73.9709,7.1219],[-73.968,7.1214],[-73.9618,7.1157],[-73.9582,7.1182],[-73.954,7.1167],[-73.9495,7.1203],[-73.9456,7.1167],[-73.9461,7.1115],[-73.9439,7.1111],[-73.9394,7.1134],[-73.938,7.113],[-73.9363,7.1088],[-73.9312,7.1072]]]}},{"type":"Feature","properties":{"nombre":"Quebrada Zarzal","tipo":"río"},"geometry":{"type":"Polygon","coordinates":[[[-73.7434,7.0625],[-73.742,7.0628],[-73.7414,7.0655],[-73.7424,7.0631],[-73.7437,7.0639],[-73.7434,7.0625]]]}},{"type":"Feature","properties":{"nombre":"Río Magdalena","tipo":"río"},"geometry":{"type":"Polygon","coordinates":[[[-74.7221,5.0663],[-74.7226,5.0754],[-74.7261,5.0829],[-74.7237,5.0856],[-74.7204,5.0853],[-74.7156,5.0882],[-74.7168,5.1076],[-74.7143,5.1228],[-74.7157,5.1265],[-74.7276,5.1367],[-74.73,5.1479],[-74.7279,5.1531],[-74.7181,5.1643],[-74.7137,5.1838],[-74.7148,5.1898],[-74.72,5.2],[-74.723,5.2018],[-74.7304,5.2023],[-74.7337,5.2046],[-74.7329,5.2099],[-74.728,5.2148],[-74.7305,5.218],[-74.731,5.2211],[-74.73,5.2316],[-74.7228,5.2394],[-74.7268,5.2538],[-74.7243,5.2593],[-74.7241,5.2642],[-74.7332,5.2866],[-74.7331,5.2934],[-74.7271,5.3054],[-74.7114,5.3147],[-74.7103,5.3179],[-74.711,5.3246],[-74.7082,5.3355],[-74.7086,5.3405],[-74.706,5.3457],[-74.6982,5.3535],[-74.6994,5.362],[-74.6977,5.3634],[-74.6896,5.3629],[-74.6806,5.3699],[-74.6777,5.3744],[-74.6764,5.3784],[-74.6828,5.3909],[-74.6839,5.3992],[-74.6799,5.4026],[-74.6727,5.401],[-74.667,5.4015],[-74.6642,5.4124],[-74.6646,5.4166],[-74.67,5.4282],[-74.6692,5.4305],[-74.6751,5.4343],[-74.6745,5.4389],[-74.6695,5.4417],[-74.6646,5.44],[-74.6515,5.4395],[-74.648,5.4431],[-74.6484,5.4467],[-74.6519,5.4467],[-74.6584,5.4516],[-74.661,5.4585],[-74.6608,5.4646],[-74.6693,5.5092],[-74.6662,5.5146],[-74.661,5.519],[-74.6443,5.5259],[-74.6419,5.5359],[-74.6305,5.5511],[-74.6305,5.5551],[-74.6351,5.5631],[-74.64,5.5679],[-74.6442,5.5675],[-74.6458,5.5691],[-74.647,5.5804],[-74.6415,5.5931],[-74.6417,5.6063],[-74.6399,5.6129],[-74.6339,5.625],[-74.6281,5.6294],[-74.6241,5.6359],[-74.6233,5.6494],[-74.6282,5.6602],[-74.6277,5.6641],[-74.6308,5.6704],[-74.6203,5.6938],[-74.6275,5.7039],[-74.6296,5.7106],[-74.6352,5.7201],[-74.6392,5.7247],[-74.6457,5.7284],[-74.6478,5.7373],[-74.6468,5.7438],[-74.6484,5.7516],[-74.6513,5.7568],[-74.6518,5.7621],[-74.6503,5.772],[-74.6528,5.7766],[-74.6484,5.7871],[-74.6455,5.7999],[-74.6417,5.8054],[-74.64,5.8125],[-74.6445,5.8225],[-74.6468,5.8336],[-74.6411,5.8402],[-74.6401,5.8462],[-74.63,5.8569],[-74.6281,5.8622],[-74.6276,5.8707],[-74.6192,5.8771],[-74.6145,5.8872],[-74.6104,5.8886],[-74.5974,5.8867],[-74.5925,5.8877],[-74.5885,5.8909],[-74.5815,5.9009],[-74.5823,5.906],[-74.5802,5.9109],[-74.5842,5.922],[-74.583,5.9231],[-74.5804,5.9225],[-74.5806,5.9262],[-74.5855,5.9274],[-74.5869,5.9308],[-74.5906,5.9311],[-74.5906,5.9424],[-74.5941,5.9482],[-74.5975,5.9486],[-74.5985,5.9566],[-74.6023,5.9578],[-74.6066,5.9653],[-74.6061,5.9688],[-74.6002,5.9793],[-74.5987,5.9805],[-74.5842,5.9797],[-74.5746,5.9808],[-74.571,5.9784],[-74.5658,5.9789],[-74.5611,5.9837],[-74.5592,5.9897],[-74.5569,5.9909],[-74.5537,5.9963],[-74.5641,6.0126],[-74.5639,6.0306],[-74.5674,6.0474],[-74.5631,6.0655],[-74.5581,6.0723],[-74.557,6.0772],[-74.562,6.0806],[-74.5778,6.0844],[-74.5809,6.0868],[-74.5959,6.1063],[-74.5937,6.1142],[-74.5973,6.1194],[-74.5957,6.1357],[-74.598,6.1461],[-74.5816,6.1617],[-74.581,6.1678],[-74.5756,6.1726],[-74.5745,6.1764],[-74.5707,6.1803],[-74.5698,6.1897],[-74.5675,6.1907],[-74.5638,6.1955],[-74.5634,6.1996],[-74.5665,6.2093],[-74.566,6.2149],[-74.5686,6.2193],[-74.5603,6.2298],[-74.5464,6.2359],[-74.543,6.2418],[-74.5395,6.2602],[-74.5306,6.2695],[-74.5216,6.2732],[-74.5119,6.2714],[-74.5041,6.2725],[-74.5011,6.2755],[-74.501,6.2781],[-74.498,6.2802],[-74.4897,6.2822],[-74.4766,6.2911],[-74.4738,6.2986],[-74.4728,6.3087],[-74.4692,6.3112],[-74.4645,6.3111],[-74.4589,6.3137],[-74.455,6.3208],[-74.4447,6.3292],[-74.4435,6.3381],[-74.4386,6.3445],[-74.4343,6.357],[-74.4341,6.3611],[-74.4297,6.3655],[-74.4313,6.375],[-74.4299,6.3807],[-74.4234,6.385],[-74.4106,6.3865],[-74.4023,6.3902],[-74.3962,6.3907],[-74.387,6.3887],[-74.3767,6.3916],[-74.3706,6.3949],[-74.3631,6.4073],[-74.3621,6.4119],[-74.3642,6.4158],[-74.3641,6.424],[-74.3661,6.4325],[-74.3685,6.4346],[-74.3717,6.4339],[-74.374,6.436],[-74.3782,6.4361],[-74.3834,6.4431],[-74.3877,6.4603],[-74.391,6.4633],[-74.3989,6.4652],[-74.403,6.4697],[-74.4037,6.4724],[-74.3953,6.4848],[-74.3917,6.4881],[-74.3877,6.4891],[-74.3853,6.4992],[-74.3869,6.5077],[-74.3899,6.5103],[-74.3928,6.5196],[-74.396,6.5251],[-74.4004,6.528],[-74.4022,6.5332],[-74.4025,6.5425],[-74.3995,6.5652],[-74.392,6.5838],[-74.382,6.5898],[-74.3773,6.5951],[-74.3726,6.5962],[-74.3708,6.602],[-74.3728,6.6063],[-74.3681,6.6106],[-74.3684,6.617],[-74.3662,6.6217],[-74.3615,6.625],[-74.3596,6.6287],[-74.3553,6.6309],[-74.3506,6.6307],[-74.3375,6.6256],[-74.3321,6.6266],[-74.3184,6.6394],[-74.3153,6.6442],[-74.3047,6.6495],[-74.298,6.6512],[-74.2883,6.6576],[-74.2844,6.6563],[-74.2726,6.6577],[-74.2688,6.6564],[-74.2614,6.6615],[-74.2544,6.6692],[-74.2495,6.678],[-74.2452,6.6904],[-74.2407,6.697],[-74.2349,6.701],[-74.232,6.7066],[-74.2262,6.7086],[-74.2124,6.7072],[-74.1986,6.7083],[-74.1952,6.7103],[-74.1884,6.7183],[-74.1762,6.7154],[-74.1708,6.717],[-74.1654,6.7228],[-74.1653,6.7265],[-74.1533,6.7408],[-74.1387,6.7476],[-74.1355,6.7534],[-74.1257,6.754],[-74.124,6.7553],[-74.1198,6.7629],[-74.1157,6.764],[-74.114,6.7662],[-74.1155,6.774],[-74.1126,6.7752],[-74.1081,6.7721],[-74.1038,6.7726],[-74.1029,6.7788],[-74.0927,6.7961],[-74.0924,6.8007],[-74.0781,6.8177],[-74.0722,6.836],[-74.0687,6.8418],[-74.0529,6.853],[-74.0453,6.8619],[-74.0402,6.865],[-74.0367,6.875],[-74.0321,6.8799],[-74.0115,6.89],[-74.0055,6.8994],[-74.0019,6.9105],[-73.9987,6.9141],[-73.9843,6.9179],[-73.9789,6.9209],[-73.9721,6.9289],[-73.9711,6.9339],[-73.9683,6.9351],[-73.9681,6.9369],[-73.9596,6.9386],[-73.9543,6.9414],[-73.9511,6.946],[-73.941,6.9478],[-73.9235,6.9558],[-73.9134,6.9658],[-73.9061,6.9702],[-73.8855,6.9989],[-73.8786,7.005],[-73.8699,7.0176],[-73.8692,7.0224],[-73.8723,7.0261],[-73.8649,7.0384],[-73.8649,7.0486],[-73.8692,7.0549],[-73.8697,7.0586],[-73.8735,7.0574],[-73.8837,7.0673],[-73.8895,7.0797],[-73.8952,7.0836],[-73.8992,7.0906],[-73.9103,7.0964],[-73.9163,7.1041],[-73.9256,7.1066],[-73.9241,7.1124],[-73.9209,7.1144],[-73.9241,7.1159],[-73.9277,7.1217],[-73.9289,7.1291],[-73.9311,7.1315],[-73.9214,7.1489],[-73.9297,7.1731],[-73.9284,7.1827],[-73.9263,7.1848],[-73.9305,7.1913],[-73.9273,7.1983],[-73.9242,7.201],[-73.924,7.2063],[-73.9187,7.2177],[-73.9201,7.2284],[-73.9158,7.2363],[-73.9164,7.2546],[-73.917,7.2569],[-73.9212,7.2608],[-73.9223,7.2689],[-73.9181,7.278],[-73.9088,7.2922],[-73.912,7.3161],[-73.9031,7.3534],[-73.9017,7.3766],[-73.8981,7.3824],[-73.8942,7.4074],[-73.8894,7.4206],[-73.8949,7.4321],[-73.8975,7.4492],[-73.9008,7.4561],[-73.9065,7.4634],[-73.903,7.4745],[-73.9058,7.4844],[-73.9107,7.4931],[-73.904,7.4997],[-73.885,7.5018],[-73.8798,7.5042],[-73.8777,7.5093],[-73.8776,7.515],[-73.8682,7.5257],[-73.8672,7.5346],[-73.869,7.5346],[-73.8701,7.5366],[-73.8653,7.5388],[-73.8616,7.5446],[-73.8555,7.5487],[-73.8534,7.5529],[-73.8533,7.5577],[-73.8553,7.5642],[-73.8494,7.579],[-73.8492,7.5853],[-73.8513,7.5882],[-73.8511,7.5902],[-73.8379,7.6027],[-73.8354,7.6098],[-73.8355,7.6313],[-73.8425,7.6429],[-73.8445,7.6491],[-73.8417,7.6542],[-73.8373,7.6558],[-73.8373,7.6573],[-73.8233,7.6591],[-73.8203,7.6637],[-73.8291,7.6794],[-73.829,7.6782],[-73.8308,7.6781],[-73.8355,7.6806],[-73.8291,7.7004],[-73.8263,7.7149],[-73.8301,7.7216],[-73.8299,7.7285],[-73.8276,7.7344],[-73.8238,7.736],[-73.8224,7.7391],[-73.8138,7.7385],[-73.8116,7.7404],[-73.8098,7.7487],[-73.8014,7.7579],[-73.8015,7.7647],[-73.7959,7.7702],[-73.7974,7.7772],[-73.8028,7.7854],[-73.8062,7.7995],[-73.8054,7.8219],[-73.8077,7.8274],[-73.8078,7.8322],[-73.8107,7.8411],[-73.8177,7.8515],[-73.8188,7.8566],[-73.8169,7.874],[-73.8183,7.8863],[-73.8202,7.8901],[-73.8282,7.8953],[-73.832,7.9055],[-73.8289,7.9174],[-73.8289,7.9312],[-73.8302,7.9376],[-73.8365,7.9505],[-73.8433,7.9565],[-73.8514,7.9669],[-73.8522,7.9724],[-73.8466,7.9767],[-73.8502,7.9757],[-73.8541,7.9723],[-73.8583,7.9773],[-73.8627,7.9901],[-73.8615,7.9984],[-73.8588,8.0039],[-73.8599,8.0141],[-73.8574,8.0197],[-73.8586,8.0227],[-73.865,8.0288],[-73.8629,8.039],[-73.8636,8.0466],[-73.8609,8.0529],[-73.865,8.0661],[-73.8579,8.077],[-73.8445,8.0815],[-73.8427,8.0898],[-73.835,8.0972],[-73.8256,8.1005],[-73.8148,8.1108],[-73.8059,8.1152],[-73.8076,8.1249],[-73.8061,8.1288],[-73.7912,8.1323],[-73.7798,8.13],[-73.7738,8.1316],[-73.775,8.1417],[-73.7704,8.1497],[-73.7682,8.1603],[-73.7729,8.1826],[-73.7718,8.1972],[-73.7775,8.2085],[-73.7728,8.2268],[-73.7641,8.2363],[-73.7619,8.2546],[-73.7584,8.2603],[-73.7507,8.2666],[-73.7485,8.2729],[-73.7575,8.2943],[-73.7546,8.3079],[-73.7473,8.3118],[-73.7451,8.3162],[-73.7463,8.3214],[-73.7533,8.3261],[-73.7549,8.3299],[-73.7515,8.3501],[-73.7458,8.3624],[-73.7486,8.3743],[-73.7455,8.3887],[-73.7459,8.3946],[-73.7483,8.3971],[-73.7464,8.4038],[-73.7481,8.4174],[-73.7461,8.429],[-73.7473,8.4417],[-73.7442,8.4511],[-73.7438,8.4597],[-73.7493,8.4749],[-73.7634,8.4871],[-73.7758,8.5146],[-73.7748,8.5472],[-73.7681,8.5529],[-73.7685,8.554],[-73.7715,8.5522],[-73.7695,8.5581],[-73.7775,8.5652],[-73.788,8.5823],[-73.7899,8.5878],[-73.7915,8.6034],[-73.7945,8.6078],[-73.8028,8.6149],[-73.8135,8.6307],[-73.8179,8.6461],[-73.8185,8.6619],[-73.8142,8.6721],[-73.8074,8.6797],[-73.806,8.6852],[-73.8061,8.6954],[-73.8096,8.7058],[-73.8092,8.7097],[-73.8028,8.719],[-73.8026,8.7297],[-73.8009,8.7345],[-73.7883,8.7467],[-73.7875,8.7544],[-73.7938,8.7656],[-73.7939,8.7695],[-73.7885,8.7926],[-73.7834,8.8031],[-73.7834,8.8098],[-73.7956,8.8175],[-73.8017,8.8245],[-73.8148,8.8485],[-73.8304,8.855],[-73.8393,8.8659],[-73.8491,8.8722],[-73.8519,8.8725],[-73.8613,8.8832],[-73.8604,8.891],[-73.8675,8.9158],[-73.8674,8.9253],[-73.8635,8.9442],[-73.8596,8.9444],[-73.8488,8.9569],[-73.8484,8.9607],[-73.8526,8.9696],[-73.8599,8.9757],[-73.8853,8.9804],[-73.8928,8.9836],[-73.9016,8.9831],[-73.9121,8.9798],[-73.9173,8.9806],[-73.9367,8.9872],[-73.9468,8.9955],[-73.9546,8.9985],[-73.9603,8.9989],[-73.9675,8.9967],[-73.9706,8.9906],[-73.9792,8.9869],[-73.9853,8.9823],[-73.9989,8.9819],[-74.006,8.9785],[-74.0088,8.9748],[-74.0093,8.9708],[-74.0084,8.9577],[-74.0106,8.9549],[-74.0137,8.9537],[-74.0176,8.955],[-74.0268,8.962],[-74.0342,8.959],[-74.0446,8.9576],[-74.0491,8.9546],[-74.0686,8.9503],[-74.0723,8.9509],[-74.0793,8.9551],[-74.089,8.9524],[-74.0983,8.9565],[-74.1096,8.9568],[-74.119,8.9534],[-74.1287,8.9446],[-74.1313,8.9438],[-74.1271,8.9405],[-74.1188,8.9482],[-74.1023,8.9538],[-74.0933,8.9498],[-74.0811,8.9514],[-74.0744,8.9474],[-74.0677,8.9468],[-74.0507,8.9505],[-74.0274,8.959],[-74.0256,8.9586],[-74.0216,8.9533],[-74.0159,8.9508],[-74.0069,8.9512],[-73.9941,8.9483],[-73.9843,8.9536],[-73.9799,8.9585],[-73.9786,8.9663],[-73.9793,8.9767],[-73.9763,8.9826],[-73.9705,8.9873],[-73.9505,8.9912],[-73.9482,8.9911],[-73.945,8.9859],[-73.9306,8.9798],[-73.9265,8.9766],[-73.9178,8.9759],[-73.9018,8.9787],[-73.8902,8.9708],[-73.8817,8.9616],[-73.8697,8.9376],[-73.8701,8.9321],[-73.8753,8.9144],[-73.869,8.8845],[-73.8544,8.8689],[-73.8457,8.8552],[-73.8287,8.8452],[-73.8199,8.8349],[-73.8071,8.8282],[-73.7944,8.7961],[-73.7949,8.783],[-73.7987,8.7655],[-73.7978,8.76],[-73.8002,8.7492],[-73.7994,8.7428],[-73.8014,8.7402],[-73.812,8.7346],[-73.8181,8.7214],[-73.8126,8.7069],[-73.8115,8.697],[-73.8192,8.6759],[-73.8212,8.6638],[-73.8206,8.6502],[-73.8229,8.6379],[-73.8206,8.6362],[-73.8213,8.6254],[-73.8182,8.6209],[-73.8011,8.6103],[-73.8003,8.608],[-73.8008,8.599],[-73.7882,8.5714],[-73.7866,8.5603],[-73.7805,8.545],[-73.783,8.516],[-73.7858,8.507],[-73.7777,8.5008],[-73.7762,8.4925],[-73.7573,8.4734],[-73.7549,8.4654],[-73.7561,8.4609],[-73.7503,8.424],[-73.7528,8.4225],[-73.7542,8.4151],[-73.7511,8.395],[-73.7541,8.3832],[-73.7513,8.3746],[-73.752,8.3679],[-73.7507,8.3612],[-73.7603,8.3434],[-73.7614,8.3387],[-73.7571,8.3272],[-73.7509,8.3217],[-73.7483,8.3167],[-73.7493,8.3141],[-73.7599,8.3071],[-73.7624,8.3008],[-73.7593,8.2876],[-73.7519,8.276],[-73.7512,8.2728],[-73.7521,8.2708],[-73.7658,8.2622],[-73.7662,8.241],[-73.772,8.235],[-73.7761,8.2278],[-73.7773,8.2185],[-73.7825,8.2064],[-73.7818,8.1901],[-73.7831,8.1898],[-73.7737,8.1689],[-73.7745,8.1505],[-73.7775,8.1452],[-73.7905,8.1356],[-73.7945,8.1351],[-73.8004,8.139],[-73.8047,8.1373],[-73.8108,8.1279],[-73.8164,8.1227],[-73.8221,8.1105],[-73.8263,8.1073],[-73.8351,8.1062],[-73.8302,8.1066],[-73.8345,8.1011],[-73.8391,8.0979],[-73.8563,8.0904],[-73.8612,8.0919],[-73.8662,8.0893],[-73.8685,8.0761],[-73.8705,8.0734],[-73.8708,8.0389],[-73.873,8.0266],[-73.8741,8.0065],[-73.8716,7.9995],[-73.872,7.9909],[-73.8706,7.9882],[-73.8723,7.9843],[-73.8762,7.9821],[-73.8756,7.9789],[-73.873,7.9726],[-73.8524,7.9606],[-73.8378,7.9451],[-73.8397,7.9269],[-73.8367,7.9171],[-73.8409,7.9011],[-73.8394,7.8848],[-73.8372,7.8796],[-73.8226,7.8615],[-73.8258,7.8545],[-73.8251,7.8499],[-73.8276,7.8452],[-73.8275,7.8337],[-73.8236,7.8187],[-73.8285,7.804],[-73.8283,7.7989],[-73.8222,7.7921],[-73.8121,7.7894],[-73.808,7.7868],[-73.8025,7.7805],[-73.8001,7.7751],[-73.8042,7.7645],[-73.8084,7.7606],[-73.8172,7.7476],[-73.8208,7.7447],[-73.8257,7.7439],[-73.8306,7.7408],[-73.8352,7.7329],[-73.8382,7.7121],[-73.8366,7.7029],[-73.8389,7.6823],[-73.8357,7.6773],[-73.8288,7.6708],[-73.826,7.6657],[-73.8273,7.6626],[-73.8426,7.6574],[-73.8486,7.6493],[-73.8485,7.6409],[-73.8428,7.6249],[-73.8446,7.6169],[-73.8434,7.6089],[-73.8525,7.5935],[-73.8611,7.5882],[-73.8636,7.5832],[-73.865,7.5772],[-73.8621,7.5718],[-73.8607,7.5628],[-73.8705,7.548],[-73.8952,7.5416],[-73.9029,7.5344],[-73.9095,7.5136],[-73.9138,7.5058],[-73.9201,7.4736],[-73.9193,7.4691],[-73.915,7.4658],[-73.9151,7.458],[-73.9125,7.4558],[-73.9103,7.4482],[-73.902,7.4369],[-73.902,7.4305],[-73.8993,7.42],[-73.9031,7.4124],[-73.9101,7.3882],[-73.9117,7.3859],[-73.9122,7.3876],[-73.9132,7.3866],[-73.9134,7.3779],[-73.9193,7.361],[-73.9191,7.3494],[-73.9302,7.3374],[-73.925,7.3237],[-73.9192,7.3181],[-73.9161,7.31],[-73.9179,7.3038],[-73.9223,7.2978],[-73.9275,7.2951],[-73.9321,7.289],[-73.932,7.2817],[-73.9278,7.2684],[-73.9296,7.265],[-73.9295,7.2602],[-73.932,7.2568],[-73.9325,7.2469],[-73.9335,7.2437],[-73.9367,7.2407],[-73.9377,7.234],[-73.9374,7.2318],[-73.9304,7.2258],[-73.9311,7.2227],[-73.9284,7.2159],[-73.9285,7.2093],[-73.9313,7.2041],[-73.9443,7.1957],[-73.9474,7.1788],[-73.945,7.1729],[-73.9456,7.1668],[-73.9435,7.1616],[-73.9372,7.1597],[-73.9329,7.1531],[-73.9343,7.1372],[-73.9364,7.133],[-73.9375,7.1232],[-73.9326,7.1164],[-73.9303,7.1049],[-73.9198,7.0868],[-73.9103,7.0819],[-73.9056,7.0826],[-73.9042,7.0846],[-73.9004,7.0833],[-73.8922,7.0686],[-73.8921,7.0533],[-73.8892,7.0491],[-73.8885,7.0448],[-73.8907,7.0413],[-73.8908,7.0297],[-73.8869,7.0245],[-73.888,7.0073],[-73.8913,7.0001],[-73.8988,6.9952],[-73.901,6.9839],[-73.9109,6.9835],[-73.9142,6.9797],[-73.9143,6.9759],[-73.9231,6.9752],[-73.9289,6.965],[-73.9347,6.9621],[-73.9392,6.9569],[-73.9416,6.95],[-73.9537,6.9521],[-73.9641,6.9472],[-73.9698,6.9485],[-73.9784,6.9424],[-73.9829,6.9422],[-73.9868,6.9402],[-73.9964,6.9333],[-74.0102,6.9184],[-74.0196,6.914],[-74.0242,6.908],[-74.0242,6.9037],[-74.0301,6.8966],[-74.03,6.8914],[-74.0351,6.8849],[-74.0487,6.8766],[-74.0553,6.869],[-74.066,6.8601],[-74.073,6.8507],[-74.081,6.837],[-74.089,6.8146],[-74.1058,6.8066],[-74.1119,6.806],[-74.1208,6.7937],[-74.1317,6.7958],[-74.1374,6.7948],[-74.1402,6.792],[-74.1428,6.782],[-74.1471,6.7736],[-74.1473,6.7665],[-74.1492,6.7605],[-74.1528,6.756],[-74.1555,6.7491],[-74.1605,6.7438],[-74.1648,6.7414],[-74.1725,6.7422],[-74.1769,6.735],[-74.1926,6.7232],[-74.2026,6.7299],[-74.2126,6.7292],[-74.2214,6.7257],[-74.2322,6.7166],[-74.2404,6.7137],[-74.2464,6.7075],[-74.2496,6.6956],[-74.2524,6.6929],[-74.2582,6.6809],[-74.2621,6.6768],[-74.2709,6.6746],[-74.2852,6.6745],[-74.2956,6.6692],[-74.3022,6.6686],[-74.3055,6.662],[-74.3118,6.66],[-74.3151,6.6574],[-74.3214,6.6432],[-74.3299,6.6311],[-74.337,6.6443],[-74.3447,6.6475],[-74.3493,6.6467],[-74.3633,6.6362],[-74.3715,6.6335],[-74.3757,6.6264],[-74.3843,6.6209],[-74.3907,6.6114],[-74.3917,6.6063],[-74.3946,6.6019],[-74.4083,6.5929],[-74.4127,6.5666],[-74.4183,6.5586],[-74.4202,6.5507],[-74.4236,6.5474],[-74.4233,6.5421],[-74.421,6.5347],[-74.4143,6.5298],[-74.4105,6.525],[-74.403,6.5205],[-74.4002,6.5131],[-74.4012,6.5038],[-74.3982,6.4902],[-74.4029,6.4827],[-74.4048,6.4835],[-74.4085,6.4806],[-74.4082,6.478],[-74.4098,6.4751],[-74.4078,6.4538],[-74.3967,6.4395],[-74.3892,6.4358],[-74.3857,6.4269],[-74.3794,6.4238],[-74.3768,6.4178],[-74.3792,6.4035],[-74.3925,6.3954],[-74.4039,6.3945],[-74.4077,6.396],[-74.4111,6.3998],[-74.4176,6.4006],[-74.4285,6.3979],[-74.4309,6.3928],[-74.4392,6.3849],[-74.4503,6.3638],[-74.4564,6.3401],[-74.4625,6.3358],[-74.4645,6.3238],[-74.4677,6.3181],[-74.475,6.3109],[-74.4823,6.3106],[-74.4907,6.3061],[-74.501,6.2956],[-74.5108,6.2909],[-74.5204,6.2792],[-74.5409,6.2683],[-74.5459,6.2492],[-74.5497,6.2445],[-74.5525,6.2431],[-74.5552,6.2381],[-74.5589,6.2356],[-74.5601,6.232],[-74.5705,6.2193],[-74.5731,6.2172],[-74.5775,6.2167],[-74.5819,6.2102],[-74.5831,6.2054],[-74.5811,6.1945],[-74.5811,6.1858],[-74.584,6.1821],[-74.585,6.1767],[-74.5918,6.168],[-74.5949,6.1688],[-74.5968,6.1678],[-74.6032,6.1522],[-74.6109,6.145],[-74.6123,6.1317],[-74.6142,6.1302],[-74.6165,6.1184],[-74.6135,6.108],[-74.6169,6.1007],[-74.6166,6.0982],[-74.6089,6.0911],[-74.5969,6.0858],[-74.592,6.085],[-74.5893,6.0787],[-74.5831,6.0795],[-74.5808,6.0812],[-74.5757,6.0808],[-74.5661,6.0713],[-74.5658,6.0674],[-74.5703,6.0648],[-74.5786,6.0476],[-74.5804,6.0273],[-74.5705,6.0187],[-74.5661,6.0092],[-74.5614,6.0031],[-74.5641,5.9967],[-74.5719,5.9868],[-74.5811,5.9837],[-74.5864,5.9842],[-74.5925,5.9885],[-74.6024,5.9869],[-74.6083,5.9825],[-74.6143,5.974],[-74.6157,5.9662],[-74.6148,5.9553],[-74.6092,5.9503],[-74.6087,5.9399],[-74.6061,5.9316],[-74.6014,5.926],[-74.6,5.9223],[-74.5959,5.9225],[-74.5949,5.9168],[-74.5984,5.9191],[-74.5906,5.9088],[-74.5903,5.902],[-74.5919,5.8995],[-74.5938,5.8995],[-74.5976,5.8959],[-74.6029,5.8963],[-74.6144,5.8903],[-74.6201,5.8906],[-74.6261,5.8876],[-74.6387,5.8732],[-74.6397,5.8645],[-74.6527,5.8465],[-74.655,5.8267],[-74.6519,5.8117],[-74.6534,5.8055],[-74.6521,5.7958],[-74.6583,5.7839],[-74.664,5.7784],[-74.6641,5.7691],[-74.6617,5.762],[-74.6624,5.7548],[-74.6606,5.7481],[-74.6621,5.7444],[-74.6652,5.7417],[-74.6619,5.7409],[-74.6597,5.7355],[-74.6619,5.7289],[-74.6574,5.7199],[-74.6549,5.7177],[-74.6521,5.7181],[-74.6494,5.7128],[-74.6466,5.7105],[-74.6461,5.7066],[-74.6436,5.7035],[-74.6364,5.7026],[-74.6328,5.6985],[-74.6331,5.6929],[-74.6354,5.6876],[-74.6424,5.6832],[-74.6442,5.6787],[-74.6383,5.6657],[-74.6416,5.6557],[-74.634,5.6425],[-74.6358,5.6345],[-74.6457,5.6223],[-74.6476,5.5971],[-74.6512,5.5893],[-74.6517,5.5814],[-74.6577,5.5686],[-74.6568,5.5658],[-74.6519,5.5623],[-74.6485,5.5556],[-74.6426,5.5494],[-74.6439,5.54],[-74.6473,5.5335],[-74.6539,5.526],[-74.6654,5.5263],[-74.671,5.523],[-74.6747,5.5187],[-74.6764,5.5127],[-74.6728,5.5056],[-74.6751,5.5023],[-74.6734,5.5008],[-74.6715,5.4925],[-74.667,5.4839],[-74.6643,5.4628],[-74.6607,5.4502],[-74.6592,5.4475],[-74.6531,5.4455],[-74.6529,5.4443],[-74.654,5.442],[-74.6563,5.4414],[-74.6694,5.4442],[-74.6767,5.4399],[-74.6791,5.4365],[-74.6794,5.4306],[-74.6694,5.4208],[-74.6669,5.4074],[-74.6684,5.4054],[-74.6723,5.4044],[-74.6799,5.4036],[-74.6855,5.4055],[-74.6869,5.4047],[-74.6859,5.3909],[-74.6787,5.3783],[-74.6873,5.3669],[-74.699,5.3682],[-74.7054,5.3754],[-74.7091,5.3724],[-74.7089,5.3684],[-74.7032,5.3575],[-74.7031,5.3519],[-74.7102,5.3415],[-74.7158,5.3152],[-74.728,5.3065],[-74.7338,5.297],[-74.7348,5.2862],[-74.7284,5.2713],[-74.728,5.253],[-74.7241,5.2399],[-74.7305,5.233],[-74.7323,5.2228],[-74.7314,5.217],[-74.7294,5.2145],[-74.7334,5.2108],[-74.7349,5.2057],[-74.7337,5.2025],[-74.7235,5.2009],[-74.7207,5.1987],[-74.7162,5.1893],[-74.7149,5.1808],[-74.7174,5.1767],[-74.7192,5.1654],[-74.7326,5.1493],[-74.7331,5.1418],[-74.7299,5.134],[-74.7223,5.1222],[-74.7173,5.0933],[-74.7201,5.0924],[-74.7241,5.0868],[-74.7292,5.0881],[-74.735,5.0829],[-74.735,5.0778],[-74.7323,5.0739],[-74.7256,5.0733],[-74.7244,5.0651],[-74.7309,5.0463],[-74.7326,5.0364],[-74.7392,5.0257],[-74.7427,5.0166],[-74.7445,5.0042],[-74.7423,4.9999],[-74.7319,4.9951],[-74.7219,4.9936],[-74.7092,4.9852],[-74.7086,4.9836],[-74.7126,4.9789],[-74.7177,4.9776],[-74.7323,4.9793],[-74.7337,4.9785],[-74.7386,4.9721],[-74.746,4.9663],[-74.7508,4.9555],[-74.7505,4.9507],[-74.7328,4.93],[-74.7352,4.9207],[-74.7384,4.9183],[-74.7409,4.9116],[-74.7406,4.9049],[-74.7421,4.9024],[-74.7391,4.9],[-74.7344,4.8996],[-74.7327,4.8923],[-74.7367,4.8867],[-74.7389,4.888],[-74.743,4.8868],[-74.7459,4.8875],[-74.7507,4.891],[-74.7564,4.8889],[-74.7572,4.8853],[-74.7526,4.8751],[-74.7527,4.8664],[-74.7604,4.8532],[-74.7676,4.8474],[-74.7706,4.8427],[-74.7683,4.8365],[-74.7578,4.8302],[-74.7518,4.8232],[-74.7454,4.8031],[-74.7436,4.7931],[-74.7443,4.7896],[-74.7464,4.7868],[-74.7568,4.7839],[-74.7719,4.7737],[-74.7777,4.7614],[-74.7776,4.7539],[-74.7788,4.752],[-74.7846,4.7501],[-74.7865,4.7517],[-74.7891,4.7515],[-74.7939,4.7495],[-74.8036,4.7421],[-74.8078,4.7401],[-74.8125,4.7398],[-74.8201,4.7279],[-74.8179,4.7139],[-74.8025,4.7004],[-74.8047,4.6872],[-74.8091,4.6781],[-74.8087,4.669],[-74.8034,4.6648],[-74.7936,4.662],[-74.7878,4.6556],[-74.7867,4.6521],[-74.7883,4.6465],[-74.7936,4.6453],[-74.7967,4.6435],[-74.7981,4.6408],[-74.7993,4.641],[-74.8013,4.634],[-74.8007,4.6288],[-74.8063,4.6233],[-74.815,4.6187],[-74.8176,4.6119],[-74.8151,4.6053],[-74.7999,4.5987],[-74.7942,4.5914],[-74.7959,4.589],[-74.8046,4.5914],[-74.812,4.59],[-74.8159,4.5847],[-74.8123,4.575],[-74.8055,4.5715],[-74.8058,4.5678],[-74.8102,4.5593],[-74.8101,4.5549],[-74.8063,4.5502],[-74.8026,4.5492],[-74.8009,4.5466],[-74.8064,4.5357],[-74.8038,4.5309],[-74.7971,4.524],[-74.7928,4.5128],[-74.7872,4.5082],[-74.7869,4.5061],[-74.7954,4.4998],[-74.8028,4.4808],[-74.8039,4.4639],[-74.8081,4.4533],[-74.8157,4.4463],[-74.8284,4.4475],[-74.8332,4.4446],[-74.8349,4.4335],[-74.8314,4.424],[-74.8357,4.4124],[-74.8334,4.4059],[-74.8386,4.397],[-74.8409,4.3787],[-74.8545,4.3685],[-74.8551,4.3637],[-74.8524,4.3563],[-74.8563,4.3434],[-74.8562,4.3353],[-74.8655,4.3325],[-74.8746,4.3249],[-74.8777,4.3198],[-74.8838,4.3181],[-74.886,4.3125],[-74.8837,4.3088],[-74.879,4.3073],[-74.875,4.3091],[-74.8737,4.3069],[-74.8751,4.3046],[-74.882,4.3017],[-74.8913,4.2908],[-74.8894,4.2848],[-74.8857,4.2816],[-74.8835,4.2724],[-74.8802,4.2661],[-74.8781,4.2651],[-74.8705,4.2655],[-74.8635,4.2688],[-74.8558,4.2675],[-74.8339,4.2749],[-74.8249,4.2844],[-74.813,4.2937],[-74.8111,4.2931],[-74.8091,4.2874],[-74.8064,4.2851],[-74.797,4.2871],[-74.794,4.2846],[-74.78,4.2832],[-74.7772,4.2809],[-74.7774,4.2736],[-74.7868,4.2554],[-74.7951,4.2483],[-74.797,4.233],[-74.7968,4.2221],[-74.801,4.2166],[-74.8029,4.2098],[-74.8014,4.204],[-74.8032,4.1978],[-74.8166,4.189],[-74.8203,4.1839],[-74.8203,4.1787],[-74.8121,4.1691],[-74.8088,4.1594],[-74.8052,4.155],[-74.8068,4.1496],[-74.8127,4.14],[-74.8163,4.1292],[-74.8119,4.1179],[-74.811,4.1114],[-74.8233,4.1018],[-74.8363,4.0746],[-74.8393,4.0607],[-74.8356,4.0477],[-74.8357,4.0406],[-74.8412,4.0352],[-74.8551,4.0339],[-74.8599,4.0288],[-74.8656,4.0135],[-74.8681,4.0133],[-74.8636,4.0044],[-74.8658,3.9987],[-74.8685,3.9974],[-74.8702,3.9922],[-74.8641,3.9821],[-74.8667,3.9793],[-74.8759,3.9782],[-74.8787,3.9721],[-74.8786,3.968],[-74.8745,3.9574],[-74.8667,3.949],[-74.8672,3.9467],[-74.8705,3.9459],[-74.8696,3.9408],[-74.8737,3.934],[-74.8752,3.9206],[-74.8921,3.9104],[-74.8958,3.9054],[-74.9013,3.906],[-74.9052,3.9025],[-74.8922,3.9067],[-74.8932,3.9026],[-74.9008,3.9007],[-74.9041,3.8972],[-74.9022,3.8916],[-74.8954,3.8895],[-74.8951,3.8874],[-74.9,3.8826],[-74.9075,3.8817],[-74.9041,3.8815],[-74.9045,3.8806],[-74.9103,3.879],[-74.9123,3.88],[-74.9155,3.8751],[-74.9157,3.8651],[-74.9197,3.8593],[-74.9272,3.8534],[-74.9417,3.8454],[-74.9434,3.8348],[-74.938,3.832],[-74.9364,3.8293],[-74.9377,3.8271],[-74.9409,3.8262],[-74.9441,3.8197],[-74.945,3.8149],[-74.9435,3.8121],[-74.9441,3.8088],[-74.9481,3.8053],[-74.953,3.8055],[-74.9562,3.7954],[-74.9556,3.7924],[-74.9588,3.7917],[-74.9687,3.7817],[-74.9725,3.7745],[-74.9729,3.7673],[-74.9767,3.7601],[-74.9741,3.7578],[-74.9693,3.7588],[-74.964,3.7508],[-74.9726,3.7466],[-74.9818,3.7381],[-74.982,3.7347],[-74.9769,3.7324],[-74.9787,3.7269],[-74.9769,3.7216],[-74.979,3.7173],[-74.9824,3.7131],[-74.9921,3.706],[-75.0031,3.7025],[-75.0079,3.6964],[-75.0106,3.69],[-75.02,3.688],[-75.0127,3.6884],[-75.0188,3.6855],[-75.0289,3.6865],[-75.0336,3.685],[-75.0356,3.6814],[-75.0362,3.6683],[-75.043,3.6655],[-75.0434,3.6568],[-75.0498,3.6587],[-75.0526,3.6569],[-75.0526,3.6528],[-75.0487,3.65],[-75.0508,3.646],[-75.0584,3.6412],[-75.066,3.6422],[-75.0747,3.6344],[-75.0768,3.6284],[-75.0836,3.6286],[-75.0876,3.6233],[-75.0876,3.6149],[-75.081,3.6025],[-75.0829,3.5933],[-75.0803,3.5792],[-75.083,3.5753],[-75.0881,3.5748],[-75.0906,3.5699],[-75.0875,3.564],[-75.0863,3.5583],[-75.0792,3.5529],[-75.0746,3.5511],[-75.0724,3.5464],[-75.0698,3.5454],[-75.0698,3.5394],[-75.0732,3.5324],[-75.0784,3.5295],[-75.0797,3.5269],[-75.0829,3.526],[-75.0896,3.5146],[-75.0942,3.5138],[-75.0972,3.5154],[-75.1005,3.5148],[-75.1046,3.5101],[-75.1081,3.5089],[-75.1143,3.5094],[-75.1186,3.505],[-75.1247,3.5037],[-75.1265,3.5012],[-75.1256,3.4974],[-75.1206,3.4905],[-75.1202,3.4758],[-75.115,3.4675],[-75.1077,3.4638],[-75.106,3.4615],[-75.1039,3.4568],[-75.1037,3.4503],[-75.1115,3.4441],[-75.1176,3.4439],[-75.1207,3.4423],[-75.1246,3.4365],[-75.1228,3.433],[-75.1235,3.4314],[-75.132,3.431],[-75.1358,3.4335],[-75.1471,3.4366],[-75.152,3.435],[-75.1548,3.4277],[-75.1541,3.4189],[-75.1567,3.4157],[-75.1616,3.4128],[-75.1667,3.4121],[-75.1731,3.4136],[-75.1778,3.4108],[-75.1783,3.4074],[-75.1744,3.3974],[-75.1754,3.3898],[-75.1728,3.3845],[-75.174,3.3786],[-75.1813,3.3713],[-75.1898,3.3671],[-75.1933,3.3591],[-75.1999,3.3509],[-75.2088,3.3518],[-75.2139,3.3542],[-75.2169,3.3536],[-75.2172,3.3466],[-75.2057,3.338],[-75.2041,3.3327],[-75.2249,3.3284],[-75.2243,3.3187],[-75.2383,3.3138],[-75.2403,3.31],[-75.238,3.2998],[-75.2391,3.2895],[-75.2347,3.2851],[-75.2338,3.2818],[-75.2348,3.2709],[-75.2335,3.2675],[-75.228,3.2619],[-75.2255,3.2505],[-75.226,3.2479],[-75.2302,3.2449],[-75.2305,3.2425],[-75.2235,3.2353],[-75.2249,3.2289],[-75.2281,3.2262],[-75.2307,3.2022],[-75.2338,3.1987],[-75.2454,3.1973],[-75.2467,3.1924],[-75.2534,3.1911],[-75.2618,3.1808],[-75.2661,3.1797],[-75.2702,3.1762],[-75.2718,3.1744],[-75.2696,3.174],[-75.2758,3.1597],[-75.2722,3.1457],[-75.2682,3.1434],[-75.2685,3.1408],[-75.2726,3.1398],[-75.2744,3.1363],[-75.2685,3.1238],[-75.2681,3.1198],[-75.2701,3.1136],[-75.2659,3.1055],[-75.269,3.0996],[-75.265,3.099],[-75.2615,3.0899],[-75.2591,3.0862],[-75.2553,3.0841],[-75.2506,3.0765],[-75.2476,3.0749],[-75.2408,3.0745],[-75.2378,3.0709],[-75.2373,3.068],[-75.2401,3.0617],[-75.2529,3.0565],[-75.259,3.0526],[-75.2631,3.0472],[-75.2689,3.0461],[-75.2696,3.0425],[-75.2678,3.0375],[-75.2562,3.0332],[-75.2554,3.0316],[-75.2588,3.0286],[-75.2642,3.0278],[-75.2673,3.0226],[-75.2703,3.0207],[-75.2703,3.0183],[-75.2667,3.0127],[-75.2717,3.0069],[-75.2703,3.0008],[-75.2718,2.9944],[-75.2775,2.9931],[-75.2818,2.9897],[-75.2862,2.9883],[-75.2876,2.9833],[-75.2948,2.9822],[-75.3012,2.9757],[-75.3013,2.9612],[-75.3059,2.9567],[-75.3084,2.9513],[-75.3096,2.938],[-75.3048,2.9345],[-75.307,2.9302],[-75.3045,2.9288],[-75.3046,2.9249],[-75.3004,2.9226],[-75.306,2.9218],[-75.3074,2.919],[-75.3056,2.9167],[-75.3004,2.9149],[-75.3014,2.9028],[-75.293,2.8972],[-75.2945,2.8928],[-75.2908,2.8846],[-75.2899,2.8779],[-75.2911,2.8661],[-75.2994,2.8545],[-75.2986,2.844],[-75.3,2.8412],[-75.3102,2.8368],[-75.3142,2.8329],[-75.3202,2.8113],[-75.3256,2.8055],[-75.3298,2.7947],[-75.3351,2.7892],[-75.3354,2.7792],[-75.342,2.7761],[-75.3501,2.7686],[-75.3636,2.7677],[-75.3678,2.7559],[-75.375,2.7536],[-75.3776,2.7503],[-75.3801,2.7436],[-75.3784,2.7387],[-75.3869,2.7274],[-75.3868,2.7284],[-75.3887,2.7258],[-75.3916,2.7249],[-75.392,2.7231],[-75.3944,2.7247],[-75.4038,2.7438],[-75.4066,2.7438],[-75.4117,2.7352],[-75.4226,2.7366],[-75.4236,2.7329],[-75.4193,2.7274],[-75.4239,2.7275],[-75.426,2.7209],[-75.4331,2.7198],[-75.4371,2.717],[-75.4335,2.7094],[-75.4321,2.7109],[-75.4309,2.7096],[-75.4318,2.7069],[-75.4343,2.7068],[-75.4347,2.7056],[-75.4306,2.7041],[-75.4296,2.7041],[-75.4293,2.709],[-75.4364,2.717],[-75.4254,2.7204],[-75.4233,2.7266],[-75.4185,2.7263],[-75.4225,2.7334],[-75.4222,2.7359],[-75.4189,2.7342],[-75.4119,2.7343],[-75.4057,2.7429],[-75.404,2.7431],[-75.3957,2.7252],[-75.3924,2.722],[-75.3856,2.728],[-75.3777,2.7384],[-75.3771,2.7489],[-75.3748,2.7519],[-75.3674,2.755],[-75.3634,2.7664],[-75.3613,2.7676],[-75.3517,2.7666],[-75.335,2.7776],[-75.3335,2.7811],[-75.3343,2.7863],[-75.3283,2.7896],[-75.3245,2.7958],[-75.3256,2.8036],[-75.3188,2.8127],[-75.3126,2.8328],[-75.3102,2.8352],[-75.2988,2.8402],[-75.2972,2.8441],[-75.2984,2.8505],[-75.2977,2.8544],[-75.2886,2.8668],[-75.2896,2.8717],[-75.2839,2.8825],[-75.2917,2.8897],[-75.2888,2.9016],[-75.2902,2.9088],[-75.2901,2.9186],[-75.2971,2.9301],[-75.3086,2.9387],[-75.3075,2.9505],[-75.3055,2.9554],[-75.3017,2.9577],[-75.2998,2.9622],[-75.3002,2.9714],[-75.2962,2.9798],[-75.2933,2.9815],[-75.2892,2.9794],[-75.2782,2.9914],[-75.2746,2.9923],[-75.2709,2.991],[-75.2697,2.9921],[-75.2684,3.0062],[-75.2648,3.0138],[-75.2656,3.0241],[-75.2614,3.0273],[-75.2559,3.0287],[-75.2542,3.0321],[-75.2553,3.0339],[-75.2662,3.038],[-75.2679,3.0411],[-75.2678,3.0447],[-75.2619,3.0464],[-75.2575,3.0519],[-75.2514,3.0558],[-75.24,3.0589],[-75.2346,3.0704],[-75.235,3.0728],[-75.2386,3.0761],[-75.2497,3.0773],[-75.2536,3.0839],[-75.2585,3.0877],[-75.2604,3.0912],[-75.2612,3.0945],[-75.2592,3.0975],[-75.2602,3.1],[-75.2587,3.1112],[-75.2592,3.1155],[-75.2613,3.1189],[-75.2575,3.1216],[-75.256,3.1252],[-75.2575,3.1272],[-75.2659,3.1294],[-75.2636,3.1395],[-75.2668,3.1408],[-75.2681,3.1457],[-75.273,3.15],[-75.2743,3.1608],[-75.2737,3.1636],[-75.265,3.1667],[-75.2646,3.1732],[-75.2527,3.1899],[-75.2461,3.1911],[-75.2435,3.1968],[-75.2342,3.1971],[-75.2283,3.2005],[-75.2218,3.2138],[-75.221,3.2193],[-75.2238,3.2246],[-75.2221,3.2378],[-75.2282,3.2409],[-75.2293,3.2431],[-75.2242,3.2489],[-75.226,3.2573],[-75.2257,3.2638],[-75.2321,3.2684],[-75.2304,3.2768],[-75.2371,3.2922],[-75.236,3.2973],[-75.2392,3.3071],[-75.2384,3.312],[-75.2253,3.3162],[-75.2219,3.3198],[-75.2231,3.3252],[-75.2219,3.3285],[-75.2037,3.3309],[-75.2035,3.3356],[-75.205,3.3387],[-75.2091,3.343],[-75.2165,3.3473],[-75.2152,3.3531],[-75.2123,3.3527],[-75.2065,3.3457],[-75.2034,3.3453],[-75.1943,3.3551],[-75.1876,3.367],[-75.1812,3.3692],[-75.1753,3.3761],[-75.172,3.3764],[-75.1713,3.3852],[-75.1741,3.4007],[-75.1723,3.4108],[-75.1696,3.4115],[-75.1619,3.4095],[-75.1573,3.411],[-75.155,3.4149],[-75.1482,3.4208],[-75.1525,3.4266],[-75.1479,3.435],[-75.1432,3.4347],[-75.132,3.4298],[-75.1228,3.4305],[-75.121,3.432],[-75.1232,3.4365],[-75.1213,3.44],[-75.118,3.4422],[-75.1108,3.4429],[-75.1022,3.4497],[-75.1039,3.4624],[-75.1071,3.466],[-75.1147,3.4693],[-75.1163,3.4781],[-75.1193,3.4841],[-75.1186,3.4905],[-75.1212,3.4956],[-75.1221,3.5021],[-75.1178,3.5028],[-75.1065,3.5006],[-75.1037,3.5036],[-75.1027,3.5098],[-75.1012,3.511],[-75.0969,3.51],[-75.0921,3.5113],[-75.087,3.5148],[-75.083,3.5216],[-75.0761,3.5256],[-75.0735,3.531],[-75.067,3.5359],[-75.0646,3.5399],[-75.0672,3.5483],[-75.0758,3.5548],[-75.082,3.5573],[-75.0828,3.5596],[-75.0829,3.5706],[-75.0795,3.5762],[-75.0796,3.5848],[-75.0775,3.5915],[-75.0794,3.6026],[-75.0791,3.613],[-75.0827,3.6167],[-75.0836,3.6209],[-75.0802,3.6221],[-75.0751,3.6209],[-75.0729,3.6226],[-75.0711,3.6249],[-75.0721,3.6318],[-75.0702,3.6357],[-75.0606,3.635],[-75.0546,3.6418],[-75.0508,3.6408],[-75.0481,3.6382],[-75.0422,3.6384],[-75.0411,3.6406],[-75.0405,3.6587],[-75.0365,3.6623],[-75.0343,3.6731],[-75.0304,3.6796],[-75.0204,3.6827],[-75.0157,3.6859],[-75.0049,3.686],[-75.0033,3.6885],[-75.0038,3.693],[-74.9984,3.6979],[-74.9968,3.703],[-74.9785,3.7063],[-74.9745,3.7128],[-74.9747,3.7216],[-74.9634,3.7232],[-74.963,3.7254],[-74.9654,3.7306],[-74.9678,3.7328],[-74.9723,3.7332],[-74.9742,3.7373],[-74.9742,3.7391],[-74.9712,3.7404],[-74.9674,3.7461],[-74.9639,3.7466],[-74.963,3.748],[-74.9638,3.7526],[-74.967,3.7581],[-74.9666,3.7663],[-74.9708,3.7715],[-74.9713,3.7743],[-74.9682,3.7797],[-74.962,3.7853],[-74.9497,3.7899],[-74.9443,3.799],[-74.9395,3.8027],[-74.9412,3.8079],[-74.9378,3.8149],[-74.9401,3.8228],[-74.9353,3.8292],[-74.9388,3.8358],[-74.9365,3.8468],[-74.9298,3.8507],[-74.9141,3.8549],[-74.9119,3.8598],[-74.9127,3.8693],[-74.9116,3.8723],[-74.905,3.8753],[-74.9039,3.8799],[-74.8968,3.8836],[-74.8937,3.8873],[-74.8946,3.8902],[-74.902,3.8927],[-74.9026,3.8977],[-74.8926,3.9017],[-74.8891,3.911],[-74.8751,3.9174],[-74.871,3.922],[-74.871,3.924],[-74.8736,3.9265],[-74.8721,3.9348],[-74.8635,3.9438],[-74.8616,3.9492],[-74.865,3.9523],[-74.872,3.955],[-74.8723,3.956],[-74.8693,3.9547],[-74.8722,3.9564],[-74.8753,3.9624],[-74.8773,3.9696],[-74.8767,3.9755],[-74.8743,3.9779],[-74.8669,3.9778],[-74.8634,3.9807],[-74.8637,3.9861],[-74.8689,3.9936],[-74.8684,3.9954],[-74.8622,3.9966],[-74.86,3.9988],[-74.8606,4.0029],[-74.8633,4.0067],[-74.8617,4.0123],[-74.8635,4.0137],[-74.8543,4.0329],[-74.8395,4.0333],[-74.8341,4.0407],[-74.8345,4.0506],[-74.8377,4.0621],[-74.8339,4.0755],[-74.8221,4.1007],[-74.8097,4.1104],[-74.8103,4.12],[-74.8133,4.1324],[-74.8112,4.1374],[-74.804,4.1447],[-74.8049,4.1486],[-74.8039,4.1564],[-74.8085,4.167],[-74.8151,4.1743],[-74.8183,4.1845],[-74.8163,4.1879],[-74.8048,4.1944],[-74.802,4.1983],[-74.801,4.2118],[-74.7959,4.2214],[-74.7935,4.2484],[-74.7856,4.2547],[-74.7806,4.2635],[-74.776,4.2726],[-74.7759,4.2819],[-74.7894,4.2883],[-74.7966,4.2886],[-74.8064,4.2862],[-74.81,4.2935],[-74.8122,4.2949],[-74.8251,4.2855],[-74.8331,4.2769],[-74.8552,4.2693],[-74.8633,4.2697],[-74.87,4.2666],[-74.8779,4.2658],[-74.8831,4.2749],[-74.8842,4.2822],[-74.8897,4.2868],[-74.8899,4.2889],[-74.8828,4.2996],[-74.8733,4.3045],[-74.8721,4.3077],[-74.8738,4.3104],[-74.8828,4.3103],[-74.8845,4.3124],[-74.8835,4.3162],[-74.8779,4.318],[-74.8734,4.3248],[-74.8647,4.3317],[-74.8568,4.3331],[-74.8553,4.3345],[-74.855,4.3433],[-74.8513,4.3576],[-74.8539,4.3658],[-74.8394,4.3792],[-74.8367,4.3984],[-74.8318,4.4058],[-74.8343,4.4124],[-74.83,4.4234],[-74.8329,4.4332],[-74.8317,4.4435],[-74.8291,4.4458],[-74.8161,4.4446],[-74.8072,4.452],[-74.8024,4.4628],[-74.8004,4.4823],[-74.7946,4.4982],[-74.7851,4.5055],[-74.7856,4.5077],[-74.7898,4.512],[-74.7957,4.5255],[-74.8034,4.5333],[-74.8039,4.5369],[-74.8005,4.5425],[-74.7995,4.5474],[-74.8009,4.5496],[-74.8059,4.552],[-74.8085,4.5587],[-74.8033,4.567],[-74.8038,4.5715],[-74.8117,4.5773],[-74.8137,4.5825],[-74.8136,4.5862],[-74.8118,4.5883],[-74.8048,4.5897],[-74.796,4.5867],[-74.7932,4.5879],[-74.7927,4.5915],[-74.7986,4.6009],[-74.8111,4.6051],[-74.8157,4.6102],[-74.8134,4.6172],[-74.8046,4.6227],[-74.7974,4.6312],[-74.7961,4.6411],[-74.7858,4.6469],[-74.785,4.6549],[-74.7882,4.6603],[-74.8067,4.672],[-74.8064,4.6794],[-74.8017,4.6877],[-74.8001,4.7057],[-74.8018,4.7075],[-74.8067,4.7073],[-74.8142,4.7129],[-74.8169,4.7175],[-74.8183,4.7244],[-74.8171,4.7282],[-74.8117,4.7353],[-74.7989,4.7436],[-74.7953,4.7453],[-74.7851,4.7465],[-74.7752,4.7507],[-74.7732,4.7551],[-74.7762,4.7568],[-74.7759,4.761],[-74.7697,4.7726],[-74.7607,4.7784],[-74.7451,4.7853],[-74.7426,4.7905],[-74.7425,4.7988],[-74.7451,4.8116],[-74.7431,4.8226],[-74.746,4.8299],[-74.7486,4.8329],[-74.7543,4.8312],[-74.7632,4.8356],[-74.7683,4.8429],[-74.7654,4.847],[-74.7565,4.8535],[-74.7536,4.8583],[-74.7508,4.8736],[-74.7534,4.8845],[-74.7481,4.8872],[-74.7401,4.8816],[-74.7366,4.8811],[-74.7358,4.8852],[-74.73,4.8946],[-74.733,4.9013],[-74.738,4.9017],[-74.7392,4.9068],[-74.7364,4.9158],[-74.7313,4.9255],[-74.7298,4.9372],[-74.7339,4.9416],[-74.7397,4.9435],[-74.7443,4.9472],[-74.7488,4.9541],[-74.7486,4.9576],[-74.7445,4.9639],[-74.7359,4.9707],[-74.7308,4.9769],[-74.7126,4.972],[-74.7083,4.9773],[-74.7053,4.9843],[-74.7201,4.9962],[-74.7275,4.9996],[-74.7365,5.0009],[-74.7399,5.0028],[-74.7421,5.0064],[-74.7417,5.012],[-74.736,5.0251],[-74.7276,5.0373],[-74.7257,5.0434],[-74.7264,5.0499],[-74.7219,5.0611],[-74.7221,5.0663]],[[-73.969,8.9889],[-73.9657,8.9935],[-73.9621,8.9952],[-73.9577,8.9949],[-73.9532,8.9922],[-73.969,8.9889]],[[-73.9868,8.9775],[-73.9845,8.9774],[-73.9887,8.9706],[-74.0047,8.9607],[-74.0048,8.9671],[-74.0034,8.9713],[-73.996,8.9761],[-73.9868,8.9775]],[[-73.9898,8.969],[-73.9845,8.9741],[-73.9847,8.9681],[-73.9872,8.9613],[-73.9926,8.9566],[-74.0004,8.9566],[-74.0032,8.9547],[-74.0057,8.955],[-74.0052,8.9588],[-73.9921,8.9687],[-73.9898,8.969]],[[-73.9968,8.9548],[-73.9925,8.9544],[-73.9957,8.9536],[-73.9968,8.9548]],[[-74.1244,8.9445],[-74.1201,8.9494],[-74.1087,8.9535],[-74.1123,8.9508],[-74.1198,8.9486],[-74.1248,8.9437],[-74.1244,8.9445]],[[-73.9976,8.9514],[-73.9962,8.9527],[-73.9935,8.9514],[-73.9949,8.9502],[-73.9976,8.9514]],[[-73.9326,8.9838],[-73.9342,8.9854],[-73.9327,8.9852],[-73.9326,8.9838]],[[-73.9251,8.9802],[-73.9291,8.9823],[-73.9257,8.9823],[-73.9242,8.9807],[-73.9251,8.9802]],[[-73.8976,8.9795],[-73.9009,8.9816],[-73.8942,8.9827],[-73.88,8.977],[-73.8617,8.9751],[-73.853,8.9693],[-73.85,8.9618],[-73.8502,8.9571],[-73.8531,8.9531],[-73.8623,8.9471],[-73.8619,8.9546],[-73.8633,8.9601],[-73.867,8.9649],[-73.8836,8.9718],[-73.8929,8.9795],[-73.8976,8.9795]],[[-73.8789,8.9777],[-73.884,8.9796],[-73.8747,8.9782],[-73.8789,8.9777]],[[-73.8596,8.9484],[-73.8552,8.9502],[-73.8596,8.9449],[-73.8629,8.9453],[-73.8596,8.9484]],[[-73.8704,8.9438],[-73.8732,8.9467],[-73.8823,8.9656],[-73.8793,8.9649],[-73.8702,8.9524],[-73.8704,8.9438]],[[-73.8734,8.9112],[-73.8738,8.9157],[-73.8723,8.9183],[-73.8715,8.9138],[-73.8734,8.9112]],[[-73.8684,8.9119],[-73.8677,8.9147],[-73.8671,8.9076],[-73.8649,8.9024],[-73.8672,8.8935],[-73.8699,8.8976],[-73.8708,8.9036],[-73.8684,8.9119]],[[-73.8412,8.8544],[-73.847,8.8579],[-73.8523,8.8663],[-73.8524,8.869],[-73.8503,8.8685],[-73.8389,8.8546],[-73.8412,8.8544]],[[-73.8298,8.8512],[-73.8234,8.8513],[-73.8157,8.8463],[-73.8135,8.8423],[-73.8151,8.842],[-73.8254,8.8487],[-73.8304,8.8499],[-73.8298,8.8512]],[[-73.7908,8.8046],[-73.7932,8.8076],[-73.7944,8.8141],[-73.7858,8.8097],[-73.7848,8.8058],[-73.7866,8.8016],[-73.7908,8.8046]],[[-73.7922,8.8045],[-73.7881,8.7996],[-73.7902,8.795],[-73.7918,8.7968],[-73.7922,8.8045]],[[-73.798,8.7463],[-73.7993,8.7502],[-73.7974,8.7586],[-73.7982,8.7657],[-73.7971,8.7688],[-73.7933,8.7569],[-73.798,8.7463]],[[-73.8096,8.7145],[-73.811,8.7216],[-73.8104,8.7308],[-73.806,8.7352],[-73.7971,8.7398],[-73.8032,8.7324],[-73.8033,8.7235],[-73.805,8.7182],[-73.8096,8.7145]],[[-73.8155,8.6792],[-73.8079,8.6922],[-73.8089,8.6867],[-73.8155,8.6792]],[[-73.7816,8.5665],[-73.7818,8.5694],[-73.7789,8.5652],[-73.7816,8.5665]],[[-73.781,8.5653],[-73.7738,8.5597],[-73.7764,8.555],[-73.7753,8.551],[-73.7806,8.5569],[-73.7823,8.5642],[-73.7822,8.5659],[-73.781,8.5653]],[[-73.7736,8.5514],[-73.7753,8.5551],[-73.7726,8.5593],[-73.771,8.5561],[-73.7736,8.5514]],[[-73.7776,8.5023],[-73.7836,8.507],[-73.781,8.5154],[-73.7774,8.5085],[-73.7764,8.5039],[-73.7776,8.5023]],[[-73.7659,8.4878],[-73.7734,8.499],[-73.7731,8.5015],[-73.7665,8.4915],[-73.7659,8.4878]],[[-73.758,8.4804],[-73.7625,8.4849],[-73.757,8.4808],[-73.758,8.4804]],[[-73.7534,8.4746],[-73.7579,8.4797],[-73.7545,8.479],[-73.7516,8.4751],[-73.7534,8.4746]],[[-73.7518,8.4665],[-73.7536,8.4724],[-73.7487,8.4681],[-73.7469,8.4619],[-73.7505,8.4638],[-73.7518,8.4665]],[[-73.7525,8.4632],[-73.7474,8.4554],[-73.7483,8.4497],[-73.7515,8.4447],[-73.7532,8.4537],[-73.7525,8.4632]],[[-73.7537,8.4627],[-73.7533,8.4578],[-73.755,8.4618],[-73.7539,8.4649],[-73.7537,8.4627]],[[-73.7527,8.4193],[-73.7521,8.422],[-73.7497,8.4235],[-73.7499,8.4206],[-73.7527,8.4193]],[[-73.7508,8.4193],[-73.7496,8.4192],[-73.7497,8.4169],[-73.7528,8.4139],[-73.7525,8.4183],[-73.7508,8.4193]],[[-73.7487,8.3833],[-73.7483,8.3946],[-73.7463,8.3894],[-73.7473,8.3841],[-73.7487,8.3833]],[[-73.7567,8.3342],[-73.7577,8.3397],[-73.7547,8.3441],[-73.7529,8.351],[-73.7547,8.3388],[-73.7567,8.3342]],[[-73.7573,8.2985],[-73.7578,8.3034],[-73.7555,8.3074],[-73.7573,8.2985]],[[-73.7758,8.1953],[-73.7784,8.2001],[-73.7774,8.2025],[-73.7729,8.1972],[-73.7742,8.1917],[-73.7758,8.1953]],[[-73.7855,8.1351],[-73.7767,8.1436],[-73.7779,8.1355],[-73.7806,8.1342],[-73.7855,8.1351]],[[-73.8108,8.1245],[-73.8098,8.1258],[-73.8084,8.1203],[-73.8122,8.118],[-73.8108,8.1245]],[[-73.8112,8.1241],[-73.8121,8.1195],[-73.8135,8.1187],[-73.8134,8.122],[-73.8112,8.1241]],[[-73.847,8.0924],[-73.8477,8.0901],[-73.8554,8.0898],[-73.8541,8.0918],[-73.847,8.0924]],[[-73.8456,8.0883],[-73.8476,8.0825],[-73.857,8.0801],[-73.8628,8.0732],[-73.8636,8.0838],[-73.8621,8.0874],[-73.8595,8.0873],[-73.857,8.0859],[-73.8579,8.0848],[-73.8538,8.0841],[-73.8456,8.0883]],[[-73.8664,8.0704],[-73.8695,8.0658],[-73.8694,8.0698],[-73.8664,8.0704]],[[-73.8677,8.0535],[-73.8687,8.0577],[-73.8673,8.0613],[-73.8649,8.0553],[-73.8662,8.0534],[-73.8677,8.0535]],[[-73.8652,8.0198],[-73.8689,8.0294],[-73.8686,8.0357],[-73.8649,8.0459],[-73.8637,8.0383],[-73.8662,8.0326],[-73.866,8.0281],[-73.8602,8.0219],[-73.8589,8.0173],[-73.8608,8.0152],[-73.8652,8.0198]],[[-73.8686,8.017],[-73.8622,8.0121],[-73.864,8.008],[-73.8653,8.0077],[-73.8674,8.0105],[-73.8678,8.014],[-73.8693,8.0157],[-73.8686,8.017]],[[-73.8687,8.013],[-73.8663,8.0049],[-73.8705,8.0003],[-73.873,8.0044],[-73.8721,8.0184],[-73.8687,8.013]],[[-73.8657,7.9868],[-73.8685,7.9951],[-73.8644,7.9982],[-73.8634,7.9919],[-73.8657,7.9868]],[[-73.8723,7.983],[-73.869,7.9856],[-73.8584,7.9731],[-73.8614,7.9726],[-73.8732,7.9778],[-73.8746,7.9812],[-73.8723,7.983]],[[-73.8619,7.971],[-73.8586,7.9668],[-73.8592,7.966],[-73.8649,7.9692],[-73.8657,7.9716],[-73.8644,7.9726],[-73.8619,7.971]],[[-73.8379,7.9216],[-73.8386,7.9315],[-73.8349,7.9397],[-73.8327,7.9331],[-73.8357,7.9275],[-73.8372,7.9208],[-73.8379,7.9216]],[[-73.8324,7.9218],[-73.8311,7.9246],[-73.8302,7.9241],[-73.8296,7.9173],[-73.8308,7.9164],[-73.8324,7.9218]],[[-73.8293,7.8823],[-73.8334,7.8883],[-73.8329,7.8976],[-73.8292,7.8938],[-73.8261,7.8848],[-73.8267,7.8828],[-73.8293,7.8823]],[[-73.8203,7.868],[-73.8241,7.8809],[-73.8211,7.8789],[-73.8192,7.875],[-73.8203,7.868]],[[-73.824,7.8243],[-73.8268,7.8389],[-73.8237,7.8506],[-73.8196,7.8407],[-73.8224,7.83],[-73.8221,7.8246],[-73.824,7.8243]],[[-73.8125,7.8321],[-73.8155,7.8348],[-73.8171,7.8417],[-73.8162,7.8441],[-73.8125,7.8416],[-73.8101,7.8372],[-73.8085,7.8324],[-73.8088,7.8266],[-73.8063,7.8226],[-73.8065,7.8196],[-73.8078,7.819],[-73.8107,7.821],[-73.811,7.829],[-73.8125,7.8321]],[[-73.8148,7.8317],[-73.8133,7.8301],[-73.8135,7.8231],[-73.8091,7.8175],[-73.8079,7.8144],[-73.8087,7.813],[-73.819,7.8194],[-73.8184,7.829],[-73.8167,7.8315],[-73.8148,7.8317]],[[-73.8076,7.8163],[-73.8067,7.8174],[-73.8065,7.8161],[-73.8076,7.8163]],[[-73.8199,7.8162],[-73.8128,7.8084],[-73.8111,7.7932],[-73.8194,7.7969],[-73.8217,7.8123],[-73.8213,7.8164],[-73.8199,7.8162]],[[-73.8095,7.811],[-73.8085,7.8123],[-73.8081,7.8108],[-73.8095,7.811]],[[-73.8095,7.7952],[-73.8098,7.803],[-73.8073,7.7974],[-73.808,7.7951],[-73.8095,7.7952]],[[-73.8224,7.8098],[-73.8209,7.8041],[-73.8216,7.8],[-73.8245,7.8024],[-73.8243,7.8073],[-73.8224,7.8098]],[[-73.8184,7.7398],[-73.8189,7.7409],[-73.8164,7.7432],[-73.812,7.7444],[-73.8136,7.7412],[-73.8184,7.7398]],[[-73.8366,7.7119],[-73.8371,7.7141],[-73.8346,7.7189],[-73.8343,7.7158],[-73.8366,7.7119]],[[-73.8329,7.702],[-73.8312,7.7007],[-73.832,7.6931],[-73.8337,7.6925],[-73.834,7.6988],[-73.8357,7.6922],[-73.8346,7.7014],[-73.8329,7.702]],[[-73.8402,7.632],[-73.843,7.6347],[-73.8429,7.6366],[-73.839,7.6353],[-73.839,7.6323],[-73.8402,7.632]],[[-73.8432,7.6113],[-73.8439,7.6153],[-73.8408,7.6223],[-73.8414,7.6147],[-73.8432,7.6113]],[[-73.8603,7.5755],[-73.8592,7.5855],[-73.8564,7.5874],[-73.8603,7.5755]],[[-73.8627,7.5545],[-73.8609,7.5602],[-73.858,7.5639],[-73.8575,7.5592],[-73.8627,7.5545]],[[-73.8656,7.5474],[-73.8597,7.5552],[-73.8615,7.5467],[-73.8688,7.5474],[-73.8648,7.5515],[-73.8656,7.5474]],[[-73.8695,7.5437],[-73.8662,7.5448],[-73.8641,7.5437],[-73.8679,7.5392],[-73.8737,7.5393],[-73.8736,7.5421],[-73.8695,7.5437]],[[-73.8749,7.5395],[-73.881,7.5317],[-73.8802,7.51],[-73.9022,7.5036],[-73.9069,7.5044],[-73.9029,7.5221],[-73.8947,7.5295],[-73.892,7.5345],[-73.895,7.5344],[-73.8914,7.5401],[-73.8885,7.5407],[-73.8881,7.5392],[-73.8864,7.5393],[-73.8748,7.5425],[-73.8749,7.5395]],[[-73.8772,7.5192],[-73.8768,7.5269],[-73.8701,7.531],[-73.8701,7.5245],[-73.8736,7.5204],[-73.8772,7.5192]],[[-73.8847,7.5038],[-73.8808,7.5048],[-73.8821,7.5032],[-73.8877,7.5026],[-73.8847,7.5038]],[[-73.8983,7.534],[-73.8982,7.5319],[-73.9023,7.5297],[-73.9019,7.5323],[-73.8983,7.534]],[[-73.9088,7.4811],[-73.9139,7.485],[-73.9125,7.4904],[-73.908,7.4799],[-73.9088,7.4811]],[[-73.9069,7.4809],[-73.9112,7.4893],[-73.9065,7.4843],[-73.9038,7.475],[-73.9037,7.4715],[-73.9055,7.4691],[-73.9069,7.4809]],[[-73.9051,7.4691],[-73.9043,7.4701],[-73.9047,7.4687],[-73.9051,7.4691]],[[-73.9141,7.4684],[-73.9134,7.4669],[-73.9175,7.4709],[-73.9141,7.4684]],[[-73.9136,7.457],[-73.9154,7.4617],[-73.9144,7.4653],[-73.9116,7.4632],[-73.9125,7.4573],[-73.9136,7.457]],[[-73.9098,7.4513],[-73.9079,7.448],[-73.9096,7.4493],[-73.9098,7.4513]],[[-73.9004,7.4376],[-73.9024,7.4397],[-73.9006,7.4395],[-73.9004,7.4376]],[[-73.8991,7.4327],[-73.8998,7.4346],[-73.8973,7.4315],[-73.8978,7.43],[-73.8991,7.4327]],[[-73.901,7.4325],[-73.8984,7.4284],[-73.8993,7.4224],[-73.9018,7.4307],[-73.901,7.4325]],[[-73.8997,7.4152],[-73.8982,7.4177],[-73.8984,7.4142],[-73.8997,7.4152]],[[-73.8968,7.4152],[-73.8967,7.417],[-73.8962,7.4154],[-73.8968,7.4152]],[[-73.8996,7.4145],[-73.8984,7.4106],[-73.8989,7.4084],[-73.9016,7.4065],[-73.9016,7.4108],[-73.8996,7.4145]],[[-73.906,7.386],[-73.9033,7.3895],[-73.9064,7.3842],[-73.906,7.386]],[[-73.908,7.3801],[-73.9039,7.3839],[-73.9055,7.3734],[-73.9073,7.3707],[-73.908,7.3801]],[[-73.9081,7.3794],[-73.9073,7.3675],[-73.9131,7.3547],[-73.9081,7.3794]],[[-73.9039,7.3634],[-73.9034,7.3694],[-73.903,7.36],[-73.9039,7.3634]],[[-73.9051,7.3631],[-73.9039,7.3592],[-73.9049,7.3542],[-73.9066,7.3595],[-73.9051,7.3631]],[[-73.9099,7.3585],[-73.9072,7.35],[-73.9082,7.3457],[-73.9093,7.3456],[-73.912,7.3538],[-73.9099,7.3585]],[[-73.917,7.3462],[-73.9155,7.3405],[-73.9121,7.3359],[-73.916,7.3226],[-73.9209,7.3265],[-73.9221,7.3298],[-73.9215,7.339],[-73.919,7.3458],[-73.9181,7.347],[-73.917,7.3462]],[[-73.9147,7.3402],[-73.9158,7.3453],[-73.9149,7.3447],[-73.9147,7.3402]],[[-73.9203,7.3429],[-73.9226,7.336],[-73.9225,7.3292],[-73.9207,7.3256],[-73.9158,7.3217],[-73.9164,7.3163],[-73.9223,7.3241],[-73.9262,7.3336],[-73.924,7.3412],[-73.92,7.3441],[-73.9203,7.3429]],[[-73.9233,7.3236],[-73.9211,7.3209],[-73.9239,7.3231],[-73.9233,7.3236]],[[-73.9252,7.3283],[-73.9245,7.3255],[-73.9259,7.3271],[-73.9252,7.3283]],[[-73.9267,7.3383],[-73.9281,7.335],[-73.9266,7.3295],[-73.9301,7.3363],[-73.9289,7.3397],[-73.9259,7.3424],[-73.9267,7.3383]],[[-73.9251,7.3391],[-73.9253,7.3416],[-73.9239,7.3426],[-73.9251,7.3391]],[[-73.9209,7.3439],[-73.9238,7.3433],[-73.9188,7.3483],[-73.9209,7.3439]],[[-73.9172,7.3471],[-73.9181,7.3496],[-73.9154,7.3465],[-73.9172,7.3471]],[[-73.9113,7.3708],[-73.9125,7.366],[-73.9129,7.3685],[-73.9113,7.3708]],[[-73.9119,7.3747],[-73.9113,7.3727],[-73.9125,7.3712],[-73.9119,7.3747]],[[-73.9179,7.2931],[-73.9104,7.2989],[-73.911,7.2944],[-73.9172,7.291],[-73.9198,7.2847],[-73.9238,7.283],[-73.9218,7.2902],[-73.9179,7.2931]],[[-73.9163,7.2871],[-73.9159,7.2907],[-73.9108,7.2936],[-73.9136,7.2878],[-73.9163,7.2871]],[[-73.9243,7.2827],[-73.9216,7.2816],[-73.9204,7.2795],[-73.9228,7.2721],[-73.9258,7.2796],[-73.9243,7.2827]],[[-73.9281,7.2624],[-73.9278,7.2674],[-73.9271,7.265],[-73.9281,7.2624]],[[-73.9309,7.2541],[-73.9295,7.2585],[-73.9291,7.256],[-73.9309,7.2541]],[[-73.9291,7.2543],[-73.9262,7.2583],[-73.9263,7.2554],[-73.9287,7.2515],[-73.9291,7.2543]],[[-73.9235,7.2523],[-73.9204,7.2379],[-73.9239,7.2334],[-73.9292,7.2368],[-73.9305,7.2437],[-73.9285,7.2482],[-73.9235,7.2523]],[[-73.9223,7.2524],[-73.9199,7.2487],[-73.9208,7.2427],[-73.9232,7.2487],[-73.9223,7.2524]],[[-73.9308,7.2425],[-73.9289,7.2352],[-73.9249,7.2332],[-73.9293,7.2299],[-73.9355,7.2353],[-73.931,7.2435],[-73.9308,7.2425]],[[-73.9285,7.2175],[-73.9304,7.222],[-73.929,7.2248],[-73.9271,7.2194],[-73.9285,7.2175]],[[-73.9448,7.1925],[-73.9433,7.1963],[-73.9384,7.1995],[-73.9448,7.1925]],[[-73.9348,7.1921],[-73.9344,7.1949],[-73.9313,7.1971],[-73.932,7.1917],[-73.9344,7.1909],[-73.9348,7.1921]],[[-73.9311,7.1896],[-73.9274,7.1866],[-73.9315,7.181],[-73.9309,7.176],[-73.9345,7.1799],[-73.9364,7.1845],[-73.9355,7.1869],[-73.9311,7.1896]],[[-73.9303,7.1783],[-73.9309,7.1806],[-73.929,7.1826],[-73.9287,7.18],[-73.9303,7.1783]],[[-73.9429,7.177],[-73.9408,7.1742],[-73.9423,7.1743],[-73.9445,7.1775],[-73.9429,7.177]],[[-73.9403,7.1742],[-73.9379,7.1712],[-73.9407,7.1731],[-73.9403,7.1742]],[[-73.944,7.1722],[-73.9393,7.1681],[-73.9357,7.1606],[-73.9431,7.1619],[-73.9451,7.1675],[-73.944,7.1722]],[[-73.9356,7.1604],[-73.9335,7.1587],[-73.9331,7.1548],[-73.9349,7.1562],[-73.9356,7.1604]],[[-73.9461,7.1774],[-73.9466,7.1819],[-73.9453,7.1792],[-73.9461,7.1774]],[[-73.9452,7.1877],[-73.9468,7.1825],[-73.945,7.189],[-73.9452,7.1877]],[[-73.9261,7.1504],[-73.926,7.1537],[-73.9253,7.1507],[-73.9261,7.1504]],[[-73.9269,7.1481],[-73.9265,7.1497],[-73.9259,7.1481],[-73.9269,7.1481]],[[-73.9289,7.1429],[-73.9291,7.1471],[-73.928,7.1477],[-73.927,7.1444],[-73.9289,7.1429]],[[-73.9304,7.1268],[-73.9316,7.128],[-73.9318,7.132],[-73.9304,7.1268]],[[-73.9247,7.1141],[-73.9278,7.1206],[-73.925,7.1156],[-73.9217,7.1145],[-73.9247,7.1141]],[[-73.9307,7.1092],[-73.9303,7.1129],[-73.928,7.1095],[-73.9279,7.1041],[-73.9307,7.1092]],[[-73.9187,7.0955],[-73.9249,7.0991],[-73.9245,7.103],[-73.9176,7.1029],[-73.9151,7.0984],[-73.9187,7.0955]],[[-73.9155,7.0961],[-73.9139,7.0968],[-73.9117,7.095],[-73.9144,7.0944],[-73.9155,7.0961]],[[-73.9153,7.0925],[-73.9095,7.0911],[-73.906,7.0867],[-73.9121,7.0863],[-73.9204,7.0883],[-73.9211,7.0919],[-73.9153,7.0925]],[[-73.9106,7.0823],[-73.915,7.0846],[-73.9055,7.0844],[-73.9059,7.0829],[-73.9106,7.0823]],[[-73.8863,7.0481],[-73.8913,7.0554],[-73.8912,7.0618],[-73.8893,7.0681],[-73.8848,7.0636],[-73.8815,7.0544],[-73.8828,7.0446],[-73.8803,7.039],[-73.882,7.0373],[-73.8863,7.0481]],[[-73.8789,7.0526],[-73.8824,7.0571],[-73.8823,7.0597],[-73.8787,7.056],[-73.8775,7.049],[-73.8789,7.0526]],[[-73.8712,7.0551],[-73.8728,7.057],[-73.8705,7.0578],[-73.8701,7.0555],[-73.8712,7.0551]],[[-73.8717,7.0491],[-73.8709,7.0535],[-73.8675,7.0497],[-73.867,7.0427],[-73.8697,7.0379],[-73.8719,7.0277],[-73.8732,7.027],[-73.8772,7.0335],[-73.8717,7.0491]],[[-73.8691,7.0346],[-73.8659,7.0412],[-73.8669,7.0361],[-73.8691,7.0346]],[[-73.8767,7.0295],[-73.8709,7.0203],[-73.8715,7.0173],[-73.8766,7.0132],[-73.878,7.0142],[-73.8755,7.0202],[-73.8778,7.0257],[-73.8767,7.0295]],[[-73.8774,7.013],[-73.8775,7.0105],[-73.8818,7.008],[-73.8798,7.0129],[-73.8774,7.013]],[[-73.8815,7.0134],[-73.8836,7.0127],[-73.8845,7.0141],[-73.8828,7.0205],[-73.8836,7.0278],[-73.8813,7.0311],[-73.8788,7.0305],[-73.8802,7.0267],[-73.8788,7.0254],[-73.8806,7.0216],[-73.8802,7.0145],[-73.8815,7.0134]],[[-73.8882,7.031],[-73.8865,7.029],[-73.8869,7.025],[-73.8901,7.0289],[-73.8902,7.0334],[-73.8882,7.031]],[[-73.8867,7.0316],[-73.8898,7.0353],[-73.8885,7.048],[-73.8853,7.0458],[-73.8878,7.0396],[-73.8872,7.0366],[-73.8836,7.0324],[-73.8867,7.0316]],[[-73.8811,7.0359],[-73.8802,7.0416],[-73.8822,7.0439],[-73.8827,7.0476],[-73.8809,7.0524],[-73.8759,7.0433],[-73.879,7.037],[-73.8811,7.0359]],[[-73.8771,7.0189],[-73.8773,7.0228],[-73.8764,7.0215],[-73.8771,7.0189]],[[-73.8848,7.0011],[-73.8855,7.0041],[-73.8814,7.0038],[-73.8848,7.0011]],[[-73.8882,6.9977],[-73.8884,7.0008],[-73.8875,6.9992],[-73.8882,6.9977]],[[-73.8949,6.9962],[-73.8935,6.9947],[-73.8944,6.992],[-73.8949,6.9962]],[[-73.9135,6.9758],[-73.9096,6.9831],[-73.9013,6.9822],[-73.9093,6.9777],[-73.9139,6.9696],[-73.9167,6.9694],[-73.917,6.9709],[-73.9135,6.9758]],[[-73.9089,6.9698],[-73.9044,6.9765],[-73.9074,6.9699],[-73.9092,6.9689],[-73.9089,6.9698]],[[-73.9175,6.9694],[-73.9219,6.9693],[-73.9222,6.9741],[-73.9163,6.9737],[-73.9201,6.9712],[-73.9175,6.9694]],[[-73.9174,6.9678],[-73.9164,6.9676],[-73.9173,6.9663],[-73.9237,6.9592],[-73.931,6.9556],[-73.9263,6.9619],[-73.9253,6.9672],[-73.9174,6.9678]],[[-73.9619,6.9448],[-73.9569,6.9466],[-73.9537,6.9446],[-73.9564,6.9425],[-73.9636,6.9427],[-73.9641,6.9444],[-73.9619,6.9448]],[[-73.9699,6.9427],[-73.9691,6.9425],[-73.9758,6.9385],[-73.9803,6.9373],[-73.9743,6.9421],[-73.9699,6.9427]],[[-73.9657,6.941],[-73.9625,6.9406],[-73.9679,6.9384],[-73.9728,6.934],[-73.9769,6.9255],[-73.9885,6.918],[-73.9985,6.9162],[-73.9956,6.9237],[-73.9898,6.9286],[-73.986,6.9391],[-73.9802,6.936],[-73.9657,6.941]],[[-74.0013,6.9191],[-74.0024,6.9145],[-74.0104,6.9059],[-74.0126,6.8972],[-74.0204,6.8918],[-74.0205,6.9019],[-74.0156,6.9045],[-74.0137,6.9072],[-74.0131,6.9123],[-74.0105,6.9158],[-73.9971,6.9277],[-74.0013,6.9191]],[[-74.0136,6.8918],[-74.0053,6.9033],[-74.0092,6.8933],[-74.0118,6.8904],[-74.0208,6.8856],[-74.0136,6.8918]],[[-74.0227,6.8914],[-74.029,6.8858],[-74.0337,6.8854],[-74.0295,6.8914],[-74.0298,6.8959],[-74.0241,6.903],[-74.0218,6.898],[-74.0227,6.8914]],[[-74.0209,6.9024],[-74.0231,6.9052],[-74.0223,6.908],[-74.0196,6.9113],[-74.0139,6.913],[-74.011,6.9158],[-74.0158,6.9047],[-74.0209,6.9024]],[[-74.0126,6.9152],[-74.0145,6.9132],[-74.0186,6.9129],[-74.0126,6.9152]],[[-74.0004,6.9273],[-73.998,6.9303],[-73.9986,6.9283],[-74.0004,6.9273]],[[-73.9953,6.932],[-73.9963,6.9311],[-73.996,6.9319],[-73.9953,6.932]],[[-73.9832,6.9383],[-73.983,6.9393],[-73.9803,6.94],[-73.9832,6.9383]],[[-73.9752,6.9416],[-73.9769,6.9405],[-73.9749,6.9419],[-73.9752,6.9416]],[[-74.0454,6.8733],[-74.0417,6.877],[-74.0365,6.8779],[-74.0399,6.8721],[-74.0445,6.8716],[-74.0454,6.8733]],[[-74.0459,6.8723],[-74.0451,6.8711],[-74.0413,6.8708],[-74.0432,6.866],[-74.051,6.8612],[-74.0564,6.8601],[-74.0507,6.8669],[-74.0495,6.8723],[-74.0459,6.8723]],[[-74.0427,6.8651],[-74.0392,6.8678],[-74.0399,6.8654],[-74.0441,6.863],[-74.0427,6.8651]],[[-74.0448,6.8646],[-74.0452,6.8627],[-74.0473,6.8628],[-74.0448,6.8646]],[[-74.0499,6.8613],[-74.0461,6.8623],[-74.0565,6.8517],[-74.0695,6.844],[-74.068,6.8502],[-74.0626,6.8562],[-74.0592,6.8589],[-74.0524,6.8594],[-74.0499,6.8613]],[[-74.0848,6.82],[-74.0838,6.8245],[-74.0806,6.828],[-74.0809,6.8317],[-74.0765,6.8395],[-74.0775,6.8302],[-74.0807,6.8208],[-74.0844,6.8185],[-74.0848,6.82]],[[-74.0993,6.8068],[-74.0889,6.8115],[-74.1017,6.7925],[-74.1085,6.7885],[-74.114,6.7891],[-74.1079,6.8015],[-74.1039,6.8041],[-74.1076,6.7988],[-74.1066,6.7985],[-74.1038,6.8032],[-74.0993,6.8068]],[[-74.1167,6.7942],[-74.118,6.792],[-74.1204,6.7936],[-74.1168,6.7984],[-74.1146,6.7971],[-74.1151,6.7945],[-74.1167,6.7942]],[[-74.1147,6.7975],[-74.1155,6.7994],[-74.1131,6.8043],[-74.1109,6.8049],[-74.1128,6.7986],[-74.1147,6.7975]],[[-74.1095,6.8037],[-74.109,6.8053],[-74.1079,6.8049],[-74.1095,6.8037]],[[-74.1335,6.7828],[-74.1352,6.7838],[-74.1323,6.7851],[-74.128,6.7855],[-74.1269,6.7844],[-74.1335,6.7828]],[[-74.1276,6.7828],[-74.1238,6.7842],[-74.1201,6.7828],[-74.1179,6.78],[-74.1198,6.7771],[-74.1223,6.7768],[-74.1228,6.7754],[-74.1243,6.7762],[-74.1285,6.7723],[-74.1324,6.7732],[-74.1344,6.7758],[-74.1348,6.7804],[-74.1276,6.7828]],[[-74.1196,6.7768],[-74.1177,6.7797],[-74.1143,6.7779],[-74.1057,6.779],[-74.1044,6.775],[-74.107,6.7728],[-74.1126,6.7768],[-74.1146,6.7768],[-74.1169,6.7735],[-74.116,6.7655],[-74.1208,6.7641],[-74.1227,6.7612],[-74.1256,6.7606],[-74.1238,6.7672],[-74.128,6.7725],[-74.1241,6.7756],[-74.1225,6.7749],[-74.1196,6.7768]],[[-74.1264,6.7621],[-74.1292,6.7578],[-74.1336,6.7565],[-74.1322,6.7615],[-74.1264,6.7621]],[[-74.1229,6.7602],[-74.1219,6.7601],[-74.1236,6.7571],[-74.128,6.7565],[-74.1229,6.7602]],[[-74.1354,6.7564],[-74.1405,6.7569],[-74.1426,6.7589],[-74.1419,6.7614],[-74.1347,6.7665],[-74.1341,6.7683],[-74.1369,6.7808],[-74.136,6.7819],[-74.1348,6.7811],[-74.1338,6.7739],[-74.1269,6.7704],[-74.1245,6.7663],[-74.1264,6.7625],[-74.1324,6.7618],[-74.1332,6.7581],[-74.1354,6.7564]],[[-74.1404,6.7565],[-74.1375,6.7544],[-74.1419,6.7526],[-74.1465,6.7461],[-74.1495,6.746],[-74.1441,6.7549],[-74.1422,6.7567],[-74.1404,6.7565]],[[-74.1403,6.7513],[-74.137,6.7532],[-74.139,6.7486],[-74.1438,6.7464],[-74.1403,6.7513]],[[-74.1602,6.7414],[-74.1564,6.7455],[-74.1595,6.7374],[-74.1633,6.7368],[-74.1602,6.7414]],[[-74.1659,6.7367],[-74.1792,6.7277],[-74.1848,6.7249],[-74.1889,6.7246],[-74.176,6.7348],[-74.1722,6.7411],[-74.1634,6.7403],[-74.1659,6.7367]],[[-74.1699,6.7215],[-74.1682,6.7228],[-74.1716,6.7198],[-74.1699,6.7215]],[[-74.2013,6.7208],[-74.1978,6.719],[-74.2043,6.7194],[-74.2013,6.7208]],[[-74.1928,6.7188],[-74.1907,6.7192],[-74.1948,6.7159],[-74.2049,6.7158],[-74.2132,6.7111],[-74.2189,6.7119],[-74.2169,6.7141],[-74.2069,6.7163],[-74.2039,6.7184],[-74.1928,6.7188]],[[-74.1738,6.7189],[-74.1726,6.718],[-74.1745,6.7183],[-74.1738,6.7189]],[[-74.2074,6.711],[-74.202,6.7138],[-74.1949,6.7135],[-74.1988,6.7095],[-74.209,6.7096],[-74.2074,6.711]],[[-74.1956,6.7108],[-74.1946,6.7132],[-74.1949,6.7113],[-74.1956,6.7108]],[[-74.2091,6.709],[-74.2085,6.7089],[-74.21,6.7083],[-74.2091,6.709]],[[-74.2094,6.7083],[-74.2059,6.7085],[-74.2079,6.7079],[-74.2094,6.7083]],[[-74.2057,6.7079],[-74.2037,6.7077],[-74.2051,6.7074],[-74.2057,6.7079]],[[-74.2344,6.709],[-74.2375,6.7035],[-74.243,6.7009],[-74.2428,6.7074],[-74.2375,6.7096],[-74.2344,6.709]],[[-74.245,6.7084],[-74.2467,6.6973],[-74.2506,6.6905],[-74.253,6.6898],[-74.2523,6.6928],[-74.2493,6.696],[-74.2476,6.7048],[-74.245,6.7084]],[[-74.2117,6.7163],[-74.2159,6.7163],[-74.2142,6.7185],[-74.2026,6.7212],[-74.2117,6.7163]],[[-74.2095,6.7164],[-74.2088,6.7179],[-74.2059,6.7184],[-74.2095,6.7164]],[[-74.2878,6.6688],[-74.2809,6.6718],[-74.2849,6.6674],[-74.2878,6.6688]],[[-74.2783,6.6673],[-74.2746,6.6703],[-74.2705,6.6694],[-74.2737,6.6658],[-74.2763,6.6657],[-74.2783,6.6673]],[[-74.2659,6.6695],[-74.2625,6.6699],[-74.2585,6.6682],[-74.2645,6.6621],[-74.2699,6.6627],[-74.2718,6.6654],[-74.2688,6.6688],[-74.2659,6.6695]],[[-74.2891,6.6626],[-74.3037,6.6583],[-74.3,6.6647],[-74.2946,6.6672],[-74.2876,6.667],[-74.2867,6.6649],[-74.2891,6.6626]],[[-74.2776,6.6613],[-74.2761,6.6595],[-74.2807,6.6609],[-74.2776,6.6613]],[[-74.2833,6.6578],[-74.2855,6.6592],[-74.2781,6.659],[-74.2833,6.6578]],[[-74.3088,6.6578],[-74.3148,6.6552],[-74.3123,6.6587],[-74.3063,6.6596],[-74.3088,6.6578]],[[-74.3008,6.6677],[-74.301,6.6683],[-74.2992,6.6685],[-74.3008,6.6677]],[[-74.3112,6.651],[-74.3072,6.6531],[-74.2995,6.6537],[-74.302,6.6516],[-74.3126,6.6487],[-74.3112,6.651]],[[-74.2997,6.6527],[-74.2985,6.6536],[-74.2976,6.6535],[-74.2997,6.6527]],[[-74.299,6.6525],[-74.2984,6.6525],[-74.3004,6.6518],[-74.299,6.6525]],[[-74.3085,6.6487],[-74.3059,6.6494],[-74.3102,6.6469],[-74.3085,6.6487]],[[-74.3095,6.6485],[-74.3127,6.6465],[-74.312,6.6476],[-74.3095,6.6485]],[[-74.3148,6.6485],[-74.3172,6.6453],[-74.3146,6.6494],[-74.3148,6.6485]],[[-74.3144,6.6486],[-74.3143,6.6498],[-74.3129,6.6509],[-74.3144,6.6486]],[[-74.3647,6.6339],[-74.3719,6.6224],[-74.3741,6.623],[-74.3765,6.6203],[-74.3841,6.617],[-74.3828,6.621],[-74.3747,6.6254],[-74.3698,6.6331],[-74.3647,6.6339]],[[-74.3748,6.6178],[-74.3736,6.6174],[-74.3771,6.609],[-74.3804,6.6056],[-74.3844,6.6045],[-74.3849,6.6058],[-74.3785,6.6166],[-74.3748,6.6178]],[[-74.3846,6.6116],[-74.3873,6.6061],[-74.3865,6.6092],[-74.3846,6.6116]],[[-74.3879,6.6108],[-74.3903,6.6065],[-74.3903,6.6098],[-74.388,6.6121],[-74.3879,6.6108]],[[-74.3866,6.6108],[-74.3845,6.6147],[-74.3848,6.6129],[-74.3866,6.6108]],[[-74.3831,6.6122],[-74.382,6.6141],[-74.3824,6.6126],[-74.3831,6.6122]],[[-74.3534,6.6354],[-74.3551,6.6377],[-74.3498,6.6382],[-74.3534,6.6354]],[[-74.3433,6.6384],[-74.3425,6.6387],[-74.3418,6.6382],[-74.3433,6.6384]],[[-74.3376,6.6385],[-74.3392,6.6388],[-74.3397,6.6395],[-74.3376,6.6385]],[[-74.3404,6.6372],[-74.3409,6.6375],[-74.3404,6.6376],[-74.3404,6.6372]],[[-74.3402,6.6451],[-74.3398,6.6438],[-74.3428,6.643],[-74.3508,6.6443],[-74.3462,6.6463],[-74.3402,6.6451]],[[-74.3743,6.6025],[-74.3732,6.6016],[-74.375,6.6006],[-74.3754,6.5974],[-74.3805,6.5944],[-74.3831,6.5906],[-74.386,6.5908],[-74.3866,6.5925],[-74.3841,6.5963],[-74.3743,6.6025]],[[-74.3907,6.5904],[-74.3959,6.5841],[-74.3999,6.5865],[-74.3939,6.5945],[-74.392,6.5943],[-74.3918,6.5975],[-74.3865,6.5992],[-74.3907,6.5904]],[[-74.4025,6.5855],[-74.3984,6.578],[-74.4014,6.5729],[-74.4032,6.5742],[-74.4032,6.5779],[-74.4051,6.5784],[-74.4059,6.5814],[-74.4063,6.5889],[-74.4048,6.5916],[-74.4025,6.5855]],[[-74.4085,6.5775],[-74.4076,6.5766],[-74.4078,6.5752],[-74.4085,6.5775]],[[-74.3995,6.5897],[-74.3973,6.5939],[-74.3923,6.5976],[-74.3979,6.5898],[-74.3995,6.5897]],[[-74.3868,6.6025],[-74.3864,6.6008],[-74.388,6.6004],[-74.3868,6.6025]],[[-74.4188,6.5527],[-74.4177,6.5579],[-74.4127,6.5644],[-74.4116,6.5722],[-74.4108,6.563],[-74.4144,6.5554],[-74.4188,6.5527]],[[-74.4079,6.5704],[-74.4063,6.5704],[-74.4048,6.5652],[-74.4104,6.5474],[-74.4056,6.5328],[-74.4065,6.5271],[-74.4097,6.5311],[-74.4112,6.5361],[-74.4163,6.5385],[-74.4198,6.5428],[-74.4197,6.548],[-74.4122,6.5561],[-74.4074,6.5673],[-74.4079,6.5704]],[[-74.4024,6.5533],[-74.4035,6.556],[-74.4029,6.5576],[-74.4024,6.5533]],[[-74.4108,6.5293],[-74.4066,6.5245],[-74.4101,6.5261],[-74.4118,6.5284],[-74.4108,6.5293]],[[-74.415,6.5369],[-74.4117,6.5347],[-74.4111,6.5311],[-74.4168,6.5352],[-74.4169,6.537],[-74.415,6.5369]],[[-74.4213,6.5369],[-74.417,6.532],[-74.4209,6.5349],[-74.4213,6.5369]],[[-74.4209,6.5385],[-74.4202,6.5373],[-74.4225,6.5401],[-74.4209,6.5385]],[[-74.4184,6.5386],[-74.4222,6.5425],[-74.4223,6.5449],[-74.4202,6.5473],[-74.4184,6.5386]],[[-74.4204,6.5473],[-74.4224,6.5456],[-74.4189,6.5509],[-74.4204,6.5473]],[[-74.4196,6.5446],[-74.4197,6.5463],[-74.4191,6.5453],[-74.4196,6.5446]],[[-74.409,6.5704],[-74.4092,6.5674],[-74.4096,6.5687],[-74.409,6.5704]],[[-74.3935,6.513],[-74.3973,6.5153],[-74.3988,6.52],[-74.3943,6.5168],[-74.3935,6.513]],[[-74.3988,6.5082],[-74.3994,6.5116],[-74.3988,6.5108],[-74.3988,6.5082]],[[-74.4004,6.5041],[-74.4009,6.505],[-74.3996,6.508],[-74.4004,6.5041]],[[-74.3908,6.5049],[-74.39,6.5059],[-74.3902,6.501],[-74.3908,6.5049]],[[-74.3891,6.501],[-74.3885,6.5022],[-74.3893,6.4987],[-74.3891,6.501]],[[-74.3863,6.4989],[-74.3866,6.501],[-74.386,6.4994],[-74.3863,6.4989]],[[-74.3985,6.499],[-74.3983,6.4971],[-74.4001,6.5018],[-74.399,6.5049],[-74.3985,6.499]],[[-74.3935,6.4868],[-74.3929,6.4903],[-74.3867,6.4957],[-74.3862,6.4937],[-74.3882,6.4891],[-74.3935,6.4868]],[[-74.4043,6.4834],[-74.4091,6.4741],[-74.4082,6.4806],[-74.4043,6.4834]],[[-74.3936,6.463],[-74.3904,6.4626],[-74.388,6.459],[-74.3936,6.463]],[[-74.3943,6.463],[-74.3926,6.4605],[-74.3879,6.4581],[-74.3872,6.4554],[-74.3938,6.4609],[-74.3943,6.463]],[[-74.3975,6.4619],[-74.3927,6.4578],[-74.389,6.4517],[-74.3936,6.4574],[-74.397,6.4593],[-74.3975,6.4619]],[[-74.3967,6.4544],[-74.391,6.4506],[-74.3897,6.4475],[-74.3921,6.448],[-74.3967,6.4526],[-74.3967,6.4544]],[[-74.4015,6.461],[-74.4009,6.4603],[-74.4011,6.4593],[-74.4015,6.461]],[[-74.395,6.4392],[-74.3978,6.4417],[-74.3915,6.4376],[-74.395,6.4392]],[[-74.3944,6.4402],[-74.3948,6.4407],[-74.3928,6.44],[-74.3944,6.4402]],[[-74.3916,6.4397],[-74.3882,6.4387],[-74.3861,6.436],[-74.3916,6.4397]],[[-74.383,6.4264],[-74.3854,6.4275],[-74.3882,6.4356],[-74.38,6.431],[-74.3778,6.4244],[-74.3739,6.4201],[-74.3751,6.4107],[-74.3772,6.4071],[-74.3778,6.4131],[-74.3763,6.4179],[-74.3788,6.4239],[-74.383,6.4264]],[[-74.3671,6.4307],[-74.3705,6.4337],[-74.3679,6.4327],[-74.3671,6.4307]],[[-74.3771,6.4276],[-74.3789,6.4306],[-74.3739,6.4271],[-74.3718,6.421],[-74.3726,6.4176],[-74.3771,6.4276]],[[-74.3718,6.4176],[-74.3707,6.42],[-74.3701,6.415],[-74.3732,6.4097],[-74.3718,6.4176]],[[-74.3727,6.416],[-74.3725,6.4142],[-74.3738,6.4129],[-74.3727,6.416]],[[-74.378,6.4277],[-74.3754,6.4232],[-74.3774,6.4245],[-74.378,6.4277]],[[-74.3693,6.4032],[-74.3683,6.4037],[-74.3721,6.4012],[-74.3715,6.4029],[-74.3693,6.4032]],[[-74.3733,6.4027],[-74.3755,6.3984],[-74.3796,6.3971],[-74.3792,6.3987],[-74.3733,6.4027]],[[-74.3711,6.3986],[-74.3691,6.4004],[-74.3716,6.397],[-74.3711,6.3986]],[[-74.3725,6.3981],[-74.3732,6.3954],[-74.3775,6.3935],[-74.3725,6.3981]],[[-74.4129,6.3932],[-74.4099,6.3927],[-74.4134,6.392],[-74.4163,6.393],[-74.4129,6.3932]],[[-74.4238,6.3926],[-74.4297,6.3852],[-74.435,6.3832],[-74.4369,6.3794],[-74.4421,6.3748],[-74.4386,6.3837],[-74.4258,6.3975],[-74.4209,6.3995],[-74.4148,6.3991],[-74.4238,6.3926]],[[-74.4193,6.3902],[-74.4177,6.3914],[-74.4157,6.3912],[-74.4193,6.3902]],[[-74.4064,6.3904],[-74.4063,6.3896],[-74.4087,6.3885],[-74.4064,6.3904]],[[-74.4172,6.3896],[-74.4172,6.3896],[-74.4172,6.3897],[-74.4172,6.3896]],[[-74.4423,6.3766],[-74.4425,6.371],[-74.4478,6.3668],[-74.4423,6.3766]],[[-74.4395,6.3687],[-74.4382,6.3717],[-74.4345,6.3729],[-74.438,6.3672],[-74.4393,6.367],[-74.4395,6.3687]],[[-74.4309,6.3693],[-74.4303,6.3665],[-74.4316,6.3652],[-74.4309,6.3693]],[[-74.4337,6.3686],[-74.4366,6.362],[-74.4394,6.3595],[-74.4387,6.3632],[-74.4337,6.3686]],[[-74.44,6.3624],[-74.4408,6.358],[-74.4441,6.3549],[-74.4441,6.3571],[-74.44,6.3624]],[[-74.4399,6.3561],[-74.4381,6.3582],[-74.4391,6.3562],[-74.4399,6.3561]],[[-74.4385,6.3566],[-74.4403,6.3473],[-74.4446,6.343],[-74.444,6.3508],[-74.4385,6.3566]],[[-74.4472,6.3452],[-74.4476,6.3422],[-74.4508,6.3404],[-74.4504,6.3437],[-74.4472,6.3452]],[[-74.4486,6.3455],[-74.4507,6.3451],[-74.4457,6.3545],[-74.4466,6.3477],[-74.4486,6.3455]],[[-74.4499,6.3533],[-74.4518,6.3532],[-74.4481,6.3608],[-74.4481,6.3568],[-74.4499,6.3533]],[[-74.444,6.3621],[-74.4453,6.3623],[-74.4441,6.3644],[-74.444,6.3621]],[[-74.4493,6.3627],[-74.45,6.3617],[-74.4499,6.3635],[-74.4493,6.3627]],[[-74.4492,6.3631],[-74.4486,6.366],[-74.4473,6.3661],[-74.4492,6.3631]],[[-74.4391,6.3663],[-74.4378,6.3669],[-74.4388,6.3652],[-74.4391,6.3663]],[[-74.4437,6.3656],[-74.4445,6.3645],[-74.4443,6.3656],[-74.4437,6.3656]],[[-74.4299,6.3952],[-74.4281,6.398],[-74.427,6.3983],[-74.4299,6.3952]],[[-74.4126,6.3966],[-74.4143,6.397],[-74.4108,6.3969],[-74.4126,6.3966]],[[-74.4488,6.3397],[-74.4479,6.3403],[-74.4488,6.3367],[-74.4516,6.3347],[-74.4518,6.3367],[-74.4488,6.3397]],[[-74.4463,6.3348],[-74.4442,6.3379],[-74.4451,6.3309],[-74.4509,6.3256],[-74.4511,6.3283],[-74.4463,6.3348]],[[-74.4527,6.3274],[-74.4513,6.325],[-74.4549,6.3226],[-74.4553,6.3256],[-74.4527,6.3274]],[[-74.4566,6.3235],[-74.4566,6.3205],[-74.4581,6.3193],[-74.4602,6.32],[-74.4566,6.3235]],[[-74.4583,6.3341],[-74.46,6.33],[-74.4619,6.3288],[-74.4607,6.3327],[-74.4583,6.3341]],[[-74.4592,6.3346],[-74.4625,6.332],[-74.4607,6.336],[-74.4572,6.3379],[-74.4592,6.3346]],[[-74.4643,6.3146],[-74.4619,6.3184],[-74.4585,6.3176],[-74.4598,6.3156],[-74.4643,6.3146]],[[-74.4881,6.2997],[-74.4831,6.3051],[-74.4785,6.306],[-74.482,6.3041],[-74.4844,6.2987],[-74.4881,6.2997]],[[-74.4786,6.3046],[-74.4775,6.3062],[-74.4789,6.3007],[-74.483,6.2987],[-74.4826,6.3016],[-74.4786,6.3046]],[[-74.4799,6.3042],[-74.482,6.3031],[-74.4818,6.3038],[-74.4799,6.3042]],[[-74.4837,6.2985],[-74.4888,6.2927],[-74.4909,6.2874],[-74.4962,6.2838],[-74.5011,6.2825],[-74.5075,6.278],[-74.5094,6.2748],[-74.5127,6.2742],[-74.5187,6.2762],[-74.5145,6.2814],[-74.5025,6.2871],[-74.4961,6.2948],[-74.49,6.299],[-74.4837,6.2985]],[[-74.4884,6.289],[-74.4857,6.2941],[-74.4787,6.298],[-74.4786,6.2956],[-74.484,6.2924],[-74.4861,6.2893],[-74.4884,6.289]],[[-74.4848,6.2903],[-74.4836,6.2923],[-74.4784,6.295],[-74.4803,6.2923],[-74.4848,6.2903]],[[-74.4908,6.2842],[-74.4873,6.2857],[-74.4903,6.283],[-74.4923,6.2829],[-74.4908,6.2842]],[[-74.4971,6.283],[-74.5014,6.2812],[-74.4991,6.2834],[-74.4971,6.283]],[[-74.5079,6.2766],[-74.5023,6.2807],[-74.5054,6.2769],[-74.5079,6.2766]],[[-74.5087,6.2868],[-74.5116,6.2861],[-74.5068,6.2888],[-74.5087,6.2868]],[[-74.5052,6.2881],[-74.5046,6.2897],[-74.5018,6.2906],[-74.5052,6.2881]],[[-74.5059,6.2904],[-74.5087,6.29],[-74.5051,6.2911],[-74.5059,6.2904]],[[-74.5036,6.2922],[-74.5048,6.2916],[-74.5057,6.2919],[-74.5036,6.2922]],[[-74.5482,6.2461],[-74.5466,6.2478],[-74.5471,6.2467],[-74.5482,6.2461]],[[-74.5537,6.2396],[-74.5528,6.2422],[-74.5495,6.2442],[-74.5537,6.2396]],[[-74.5467,6.2419],[-74.5452,6.2438],[-74.5447,6.2426],[-74.5467,6.2419]],[[-74.5502,6.2351],[-74.5469,6.2378],[-74.5486,6.2352],[-74.5502,6.2351]],[[-74.5695,6.2168],[-74.5686,6.2177],[-74.5686,6.215],[-74.572,6.211],[-74.5731,6.2121],[-74.5695,6.2168]],[[-74.571,6.2113],[-74.5679,6.2147],[-74.5683,6.2112],[-74.571,6.21],[-74.571,6.2113]],[[-74.5697,6.2102],[-74.5682,6.2107],[-74.5702,6.2085],[-74.5709,6.2096],[-74.5697,6.2102]],[[-74.569,6.2094],[-74.568,6.2099],[-74.5644,6.1958],[-74.5725,6.1887],[-74.5738,6.1908],[-74.5692,6.1988],[-74.5701,6.2082],[-74.569,6.2094]],[[-74.5732,6.1887],[-74.5733,6.1868],[-74.5716,6.1876],[-74.5708,6.1839],[-74.5731,6.1779],[-74.5732,6.1887]],[[-74.5768,6.1869],[-74.5772,6.1784],[-74.5812,6.1758],[-74.5779,6.1866],[-74.5768,6.1869]],[[-74.5783,6.2084],[-74.5754,6.202],[-74.5762,6.1972],[-74.5785,6.1938],[-74.5792,6.1971],[-74.5778,6.1993],[-74.5796,6.2083],[-74.5783,6.2084]],[[-74.581,6.2052],[-74.5804,6.2024],[-74.5815,6.2055],[-74.581,6.2052]],[[-74.5815,6.2048],[-74.581,6.2027],[-74.5818,6.2037],[-74.5815,6.2048]],[[-74.5778,6.175],[-74.5822,6.171],[-74.5839,6.172],[-74.5778,6.175]],[[-74.592,6.1652],[-74.5916,6.1664],[-74.5898,6.1673],[-74.592,6.1652]],[[-74.585,6.1652],[-74.5824,6.1664],[-74.5846,6.1636],[-74.585,6.1652]],[[-74.5838,6.1642],[-74.5816,6.1659],[-74.5817,6.1622],[-74.587,6.1573],[-74.5838,6.1642]],[[-74.5869,6.1636],[-74.5865,6.1615],[-74.5897,6.1567],[-74.5984,6.1475],[-74.5996,6.1483],[-74.5961,6.1583],[-74.5899,6.1633],[-74.5867,6.1645],[-74.5869,6.1636]],[[-74.5992,6.1478],[-74.5991,6.142],[-74.5965,6.1363],[-74.5982,6.1185],[-74.595,6.1145],[-74.5953,6.1117],[-74.5984,6.11],[-74.6024,6.1129],[-74.6082,6.1207],[-74.61,6.1271],[-74.6081,6.1356],[-74.5992,6.1478]],[[-74.5971,6.1245],[-74.598,6.127],[-74.5964,6.1307],[-74.5971,6.1245]],[[-74.6126,6.1124],[-74.6106,6.11],[-74.6124,6.1075],[-74.6134,6.1132],[-74.6126,6.1124]],[[-74.6076,6.1092],[-74.6036,6.1067],[-74.5967,6.0956],[-74.5894,6.091],[-74.5851,6.0846],[-74.5909,6.0881],[-74.6034,6.0905],[-74.6095,6.0936],[-74.6143,6.0984],[-74.6149,6.1025],[-74.61,6.1089],[-74.6082,6.1082],[-74.6076,6.1092]],[[-74.5937,6.096],[-74.5962,6.1006],[-74.5928,6.097],[-74.5926,6.0957],[-74.5937,6.096]],[[-74.5896,6.0853],[-74.5821,6.0812],[-74.5848,6.0795],[-74.5889,6.0794],[-74.5916,6.0854],[-74.5896,6.0853]],[[-74.5962,6.0882],[-74.5911,6.0864],[-74.5986,6.0877],[-74.5962,6.0882]],[[-74.615,6.0983],[-74.6128,6.0957],[-74.6151,6.0968],[-74.6155,6.0991],[-74.615,6.0983]],[[-74.6127,6.1237],[-74.609,6.1146],[-74.6116,6.116],[-74.6127,6.1237]],[[-74.6055,6.1477],[-74.6066,6.1453],[-74.608,6.1446],[-74.6055,6.1477]],[[-74.5727,6.081],[-74.5676,6.0796],[-74.5644,6.0761],[-74.5655,6.0749],[-74.5727,6.081]],[[-74.5596,6.0752],[-74.5606,6.079],[-74.5584,6.0775],[-74.5581,6.0748],[-74.5596,6.0734],[-74.5596,6.0752]],[[-74.5779,6.0426],[-74.5774,6.0481],[-74.572,6.0549],[-74.5711,6.0498],[-74.5787,6.0378],[-74.5779,6.0426]],[[-74.577,6.0379],[-74.5703,6.049],[-74.5663,6.0373],[-74.5661,6.031],[-74.5704,6.0207],[-74.5735,6.022],[-74.5796,6.0285],[-74.577,6.0379]],[[-74.5667,6.0212],[-74.5652,6.0261],[-74.5648,6.0147],[-74.5667,6.0212]],[[-74.5692,5.9876],[-74.5611,6.0028],[-74.5603,5.9948],[-74.5613,5.9904],[-74.5692,5.9876]],[[-74.5581,5.9909],[-74.5563,6.0006],[-74.5543,5.9953],[-74.5581,5.9909]],[[-74.5611,5.9876],[-74.5599,5.9885],[-74.5609,5.9846],[-74.5671,5.9789],[-74.5704,5.9785],[-74.5745,5.9811],[-74.5815,5.9806],[-74.5802,5.9825],[-74.5681,5.983],[-74.5611,5.9876]],[[-74.6019,5.9809],[-74.6073,5.9686],[-74.6087,5.9756],[-74.6062,5.9795],[-74.6019,5.9809]],[[-74.6128,5.9698],[-74.6112,5.963],[-74.6049,5.9577],[-74.6025,5.9537],[-74.6025,5.9457],[-74.6062,5.9468],[-74.6098,5.9538],[-74.6134,5.9567],[-74.6145,5.9645],[-74.6128,5.9698]],[[-74.601,5.9514],[-74.6019,5.9563],[-74.5994,5.9551],[-74.601,5.9514]],[[-74.5952,5.9482],[-74.5906,5.9417],[-74.5907,5.9315],[-74.593,5.933],[-74.5951,5.9372],[-74.5952,5.9406],[-74.5978,5.9459],[-74.5977,5.9482],[-74.5952,5.9482]],[[-74.5977,5.945],[-74.5934,5.9328],[-74.5907,5.9306],[-74.5875,5.9305],[-74.585,5.9267],[-74.5814,5.9262],[-74.5807,5.923],[-74.5843,5.9232],[-74.5881,5.9288],[-74.597,5.9312],[-74.599,5.9368],[-74.5977,5.945]],[[-74.585,5.923],[-74.5905,5.9256],[-74.5925,5.9287],[-74.5881,5.9278],[-74.5848,5.9244],[-74.585,5.923]],[[-74.5894,5.9249],[-74.586,5.9218],[-74.5853,5.9119],[-74.5868,5.9128],[-74.5894,5.9249]],[[-74.5844,5.9127],[-74.5846,5.9219],[-74.5807,5.9112],[-74.5825,5.9066],[-74.5859,5.9112],[-74.5844,5.9127]],[[-74.5859,5.909],[-74.5833,5.9062],[-74.5836,5.899],[-74.5883,5.8953],[-74.5927,5.8949],[-74.5888,5.9007],[-74.5876,5.908],[-74.5859,5.909]],[[-74.5881,5.9114],[-74.5894,5.9096],[-74.5907,5.9106],[-74.5952,5.9227],[-74.6005,5.9257],[-74.6025,5.9358],[-74.6001,5.9315],[-74.5936,5.9277],[-74.5901,5.9214],[-74.5881,5.9114]],[[-74.6024,5.9321],[-74.602,5.9283],[-74.6037,5.9297],[-74.6024,5.9321]],[[-74.6042,5.9321],[-74.6043,5.9303],[-74.6066,5.9338],[-74.6088,5.9511],[-74.6068,5.9465],[-74.6028,5.9447],[-74.6042,5.9321]],[[-74.601,5.9366],[-74.6005,5.9426],[-74.5988,5.9441],[-74.5982,5.9407],[-74.5997,5.9368],[-74.5978,5.9319],[-74.601,5.9366]],[[-74.6149,5.9691],[-74.6134,5.9743],[-74.6128,5.9718],[-74.6149,5.9691]],[[-74.587,5.9821],[-74.5967,5.9843],[-74.6021,5.9825],[-74.6031,5.9845],[-74.5984,5.9862],[-74.5882,5.9836],[-74.587,5.9821]],[[-74.6005,5.8937],[-74.5953,5.8945],[-74.5874,5.8932],[-74.5949,5.8872],[-74.6134,5.8883],[-74.6005,5.8937]],[[-74.6306,5.8748],[-74.6309,5.8782],[-74.6289,5.882],[-74.6241,5.8855],[-74.6181,5.8864],[-74.6267,5.8787],[-74.6298,5.8732],[-74.6306,5.8748]],[[-74.6255,5.8788],[-74.6219,5.8822],[-74.6183,5.8827],[-74.6192,5.8807],[-74.6255,5.8788]],[[-74.635,5.8736],[-74.6312,5.8655],[-74.6325,5.8588],[-74.648,5.8485],[-74.652,5.8443],[-74.6506,5.8479],[-74.6453,5.8535],[-74.6441,5.8574],[-74.6392,5.8621],[-74.635,5.8736]],[[-74.6477,5.8445],[-74.6462,5.8465],[-74.643,5.8475],[-74.6483,5.8427],[-74.6477,5.8445]],[[-74.6477,5.8427],[-74.6415,5.8474],[-74.6483,5.8402],[-74.6477,5.8427]],[[-74.6457,5.8403],[-74.6414,5.8435],[-74.6478,5.8327],[-74.6457,5.8229],[-74.6408,5.8131],[-74.6422,5.8061],[-74.6462,5.8019],[-74.6473,5.7972],[-74.648,5.8004],[-74.6454,5.8155],[-74.6506,5.831],[-74.6495,5.8377],[-74.6457,5.8403]],[[-74.6511,5.8248],[-74.6487,5.8208],[-74.6492,5.816],[-74.651,5.8177],[-74.6522,5.8226],[-74.6511,5.8248]],[[-74.6516,5.786],[-74.6519,5.7883],[-74.6479,5.7968],[-74.6473,5.7924],[-74.6505,5.7837],[-74.6516,5.786]],[[-74.6535,5.7854],[-74.653,5.7801],[-74.655,5.7766],[-74.6557,5.78],[-74.6535,5.7854]],[[-74.6588,5.7802],[-74.6571,5.7705],[-74.661,5.7659],[-74.6626,5.7694],[-74.6588,5.7802]],[[-74.6552,5.7669],[-74.6551,5.7726],[-74.6532,5.7751],[-74.6516,5.7708],[-74.6533,5.7619],[-74.6548,5.7628],[-74.6552,5.7669]],[[-74.6546,5.758],[-74.655,5.7611],[-74.6525,5.7583],[-74.6524,5.753],[-74.6546,5.758]],[[-74.6567,5.7576],[-74.6544,5.7545],[-74.6565,5.7477],[-74.6589,5.7523],[-74.658,5.7568],[-74.6567,5.7576]],[[-74.6522,5.7511],[-74.6479,5.7446],[-74.6493,5.7417],[-74.6522,5.7464],[-74.6522,5.7511]],[[-74.6542,5.7448],[-74.6523,5.7396],[-74.6534,5.7402],[-74.6542,5.7448]],[[-74.6581,5.7446],[-74.657,5.7379],[-74.6593,5.7399],[-74.6605,5.7442],[-74.6595,5.7469],[-74.6581,5.7446]],[[-74.6539,5.7383],[-74.653,5.7395],[-74.6507,5.7371],[-74.6518,5.7302],[-74.6537,5.7321],[-74.6539,5.7383]],[[-74.6582,5.7342],[-74.6564,5.7309],[-74.6568,5.7251],[-74.6594,5.7301],[-74.6582,5.7342]],[[-74.6538,5.7255],[-74.6516,5.7271],[-74.6436,5.7237],[-74.6363,5.7188],[-74.6357,5.7147],[-74.6521,5.7226],[-74.6538,5.7255]],[[-74.6531,5.7209],[-74.6467,5.7153],[-74.6404,5.7133],[-74.6392,5.7092],[-74.6346,5.7043],[-74.6333,5.7006],[-74.6363,5.7034],[-74.6439,5.7043],[-74.6462,5.7114],[-74.6553,5.723],[-74.6531,5.7209]],[[-74.6318,5.7007],[-74.6381,5.7092],[-74.6388,5.7134],[-74.6324,5.7085],[-74.6296,5.6991],[-74.6305,5.6936],[-74.6344,5.6886],[-74.6319,5.6935],[-74.6318,5.7007]],[[-74.6296,5.6892],[-74.6265,5.6934],[-74.6246,5.6993],[-74.6214,5.6946],[-74.6212,5.6921],[-74.63,5.6789],[-74.6345,5.6679],[-74.6355,5.6749],[-74.6338,5.6825],[-74.6296,5.6892]],[[-74.6286,5.6794],[-74.6266,5.6835],[-74.6239,5.6861],[-74.6286,5.6794]],[[-74.6337,5.6679],[-74.6313,5.6715],[-74.6321,5.6663],[-74.6337,5.6679]],[[-74.6309,5.6687],[-74.628,5.6636],[-74.6284,5.6607],[-74.6316,5.6655],[-74.6309,5.6687]],[[-74.6361,5.6635],[-74.6263,5.6526],[-74.6256,5.6486],[-74.6282,5.646],[-74.6314,5.645],[-74.6333,5.6508],[-74.6371,5.6563],[-74.6361,5.6635]],[[-74.6367,5.6484],[-74.6345,5.6473],[-74.6338,5.6426],[-74.6381,5.649],[-74.6367,5.6484]],[[-74.6275,5.6431],[-74.6258,5.6394],[-74.6258,5.6348],[-74.6321,5.6304],[-74.6275,5.6431]],[[-74.6372,5.6298],[-74.6405,5.6198],[-74.6456,5.6129],[-74.6437,5.6245],[-74.6372,5.6298]],[[-74.6375,5.6558],[-74.6338,5.65],[-74.6371,5.6528],[-74.6375,5.6558]],[[-74.6366,5.6738],[-74.6359,5.6685],[-74.6381,5.6718],[-74.6366,5.6738]],[[-74.6348,5.6819],[-74.6354,5.6784],[-74.6385,5.6751],[-74.6391,5.6774],[-74.6348,5.6819]],[[-74.6554,5.7221],[-74.6536,5.7192],[-74.6546,5.7181],[-74.6594,5.7246],[-74.6554,5.7221]],[[-74.6589,5.725],[-74.6613,5.7281],[-74.6606,5.7315],[-74.6589,5.725]],[[-74.662,5.744],[-74.6621,5.7413],[-74.665,5.7416],[-74.662,5.744]],[[-74.6535,5.7461],[-74.6539,5.7511],[-74.6527,5.7481],[-74.6535,5.7461]],[[-74.6445,5.5951],[-74.6457,5.5959],[-74.6442,5.6041],[-74.6432,5.5983],[-74.6445,5.5951]],[[-74.6482,5.5947],[-74.6505,5.585],[-74.6508,5.5895],[-74.6482,5.5947]],[[-74.6492,5.5723],[-74.649,5.5803],[-74.6458,5.5847],[-74.6475,5.5792],[-74.6463,5.5692],[-74.6492,5.5723]],[[-74.6506,5.5714],[-74.6453,5.5656],[-74.6389,5.5632],[-74.6364,5.5602],[-74.6334,5.5521],[-74.6353,5.5468],[-74.6384,5.5462],[-74.6397,5.5567],[-74.6418,5.5609],[-74.6496,5.5646],[-74.6514,5.5668],[-74.6521,5.571],[-74.6506,5.5714]],[[-74.6376,5.5646],[-74.6429,5.5673],[-74.6401,5.5677],[-74.6376,5.5646]],[[-74.6491,5.5608],[-74.6437,5.5583],[-74.6418,5.5553],[-74.6422,5.5518],[-74.6464,5.5545],[-74.6504,5.5614],[-74.6491,5.5608]],[[-74.6616,5.5238],[-74.657,5.5234],[-74.6617,5.5203],[-74.669,5.5184],[-74.6662,5.5224],[-74.6616,5.5238]],[[-74.6716,5.5217],[-74.6731,5.5071],[-74.676,5.5141],[-74.6716,5.5217]],[[-74.6688,5.4906],[-74.6709,5.4959],[-74.6712,5.5021],[-74.6688,5.4906]],[[-74.6661,5.4427],[-74.6607,5.4405],[-74.6648,5.4403],[-74.6685,5.4419],[-74.6723,5.4409],[-74.6661,5.4427]],[[-74.6751,5.4265],[-74.679,5.4308],[-74.6779,5.4369],[-74.6739,5.4255],[-74.6751,5.4265]],[[-74.6707,5.4291],[-74.6739,5.4328],[-74.6696,5.4307],[-74.6707,5.4291]],[[-74.6676,5.4038],[-74.668,5.4018],[-74.6709,5.4022],[-74.6676,5.4038]],[[-74.6844,5.4034],[-74.686,5.4017],[-74.6869,5.4023],[-74.6855,5.4044],[-74.6844,5.4034]],[[-74.7033,5.3715],[-74.6997,5.3659],[-74.7014,5.363],[-74.7062,5.3693],[-74.705,5.3721],[-74.7033,5.3715]],[[-74.7024,5.3533],[-74.7043,5.3613],[-74.7034,5.3618],[-74.7004,5.3572],[-74.7005,5.3549],[-74.7024,5.3533]],[[-74.7122,5.3197],[-74.7116,5.3206],[-74.7115,5.3169],[-74.7133,5.3155],[-74.7122,5.3197]],[[-74.7271,5.2598],[-74.7268,5.2663],[-74.7255,5.2621],[-74.7271,5.2598]],[[-74.723,5.0872],[-74.7204,5.0915],[-74.7181,5.0918],[-74.723,5.0872]],[[-74.7292,5.0746],[-74.734,5.0789],[-74.7335,5.0837],[-74.7315,5.0857],[-74.7271,5.0745],[-74.7292,5.0746]],[[-74.7288,5.0399],[-74.7271,5.046],[-74.7268,5.0413],[-74.7292,5.037],[-74.7288,5.0399]],[[-74.7096,4.9777],[-74.7109,4.9742],[-74.7144,4.9737],[-74.7096,4.9777]],[[-74.7357,4.9392],[-74.7407,4.9432],[-74.7313,4.9388],[-74.7298,4.9349],[-74.7306,4.9316],[-74.7334,4.9379],[-74.7357,4.9392]],[[-74.7353,4.9388],[-74.7327,4.9346],[-74.7366,4.939],[-74.7353,4.9388]],[[-74.7384,4.8871],[-74.7369,4.8864],[-74.7375,4.8841],[-74.7428,4.8864],[-74.7384,4.8871]],[[-74.7511,4.89],[-74.7498,4.889],[-74.7563,4.8855],[-74.7556,4.8888],[-74.7511,4.89]],[[-74.7589,4.8531],[-74.755,4.8581],[-74.7566,4.8545],[-74.7589,4.8531]],[[-74.7495,4.8308],[-74.751,4.8317],[-74.7492,4.8322],[-74.7467,4.8292],[-74.7495,4.8308]],[[-74.7538,4.8297],[-74.7459,4.8254],[-74.7447,4.8212],[-74.7469,4.8134],[-74.7518,4.8249],[-74.7567,4.8302],[-74.7538,4.8297]],[[-74.7577,4.7819],[-74.7532,4.7845],[-74.7483,4.7844],[-74.7577,4.7819]],[[-74.7775,4.751],[-74.7754,4.7546],[-74.7739,4.7547],[-74.7748,4.7513],[-74.7802,4.7486],[-74.7775,4.751]],[[-74.785,4.7487],[-74.7914,4.7469],[-74.795,4.7478],[-74.7881,4.7507],[-74.785,4.7487]],[[-74.7849,4.7499],[-74.7809,4.7503],[-74.7842,4.7492],[-74.7849,4.7499]],[[-74.8129,4.7386],[-74.8123,4.7394],[-74.8095,4.74],[-74.8129,4.7386]],[[-74.8115,4.7384],[-74.8085,4.7395],[-74.8151,4.7353],[-74.8137,4.7378],[-74.8115,4.7384]],[[-74.8021,4.7026],[-74.8045,4.7058],[-74.802,4.7059],[-74.8021,4.7026]],[[-74.801,4.6671],[-74.8076,4.671],[-74.8076,4.6754],[-74.8065,4.671],[-74.8028,4.6696],[-74.801,4.6671]],[[-74.7982,4.632],[-74.7997,4.6339],[-74.798,4.6401],[-74.7967,4.6391],[-74.7966,4.6349],[-74.7971,4.6321],[-74.7982,4.632]],[[-74.7913,4.2849],[-74.7931,4.286],[-74.7855,4.2845],[-74.7913,4.2849]],[[-74.8008,4.2138],[-74.8007,4.2159],[-74.7988,4.2175],[-74.8008,4.2138]],[[-74.8159,4.1747],[-74.8198,4.18],[-74.8187,4.185],[-74.8159,4.1747]],[[-74.81,4.1407],[-74.8054,4.1481],[-74.8053,4.1438],[-74.81,4.1407]],[[-74.8133,4.1259],[-74.8146,4.1284],[-74.814,4.1299],[-74.8133,4.1259]],[[-74.8124,4.1235],[-74.8125,4.1252],[-74.8114,4.1218],[-74.8124,4.1235]],[[-74.8644,4.0134],[-74.8613,4.0183],[-74.8637,4.0139],[-74.862,4.0119],[-74.8634,4.0075],[-74.8652,4.0117],[-74.8644,4.0134]],[[-74.8624,4.0035],[-74.8614,3.9984],[-74.8659,3.9967],[-74.8624,4.0035]],[[-74.8668,3.9462],[-74.867,3.9507],[-74.8627,3.9495],[-74.8639,3.9448],[-74.8694,3.9401],[-74.8702,3.9455],[-74.8668,3.9462]],[[-74.8753,3.9184],[-74.8726,3.9244],[-74.8731,3.9198],[-74.8753,3.9184]],[[-74.8779,3.9183],[-74.8794,3.9166],[-74.8811,3.9167],[-74.8779,3.9183]],[[-74.9073,3.879],[-74.9046,3.8797],[-74.9053,3.8756],[-74.9107,3.8738],[-74.9129,3.8699],[-74.9141,3.8757],[-74.9073,3.879]],[[-74.9171,3.8624],[-74.913,3.8671],[-74.913,3.8639],[-74.9173,3.8573],[-74.9171,3.8624]],[[-74.9157,3.8579],[-74.9127,3.8613],[-74.9145,3.8551],[-74.9181,3.8547],[-74.9157,3.8579]],[[-74.9186,3.8573],[-74.9265,3.8533],[-74.9177,3.8618],[-74.9186,3.8573]],[[-74.9413,3.8435],[-74.9409,3.8458],[-74.9371,3.8472],[-74.9376,3.845],[-74.9413,3.8435]],[[-74.94,3.8346],[-74.942,3.8361],[-74.9425,3.8385],[-74.9408,3.8419],[-74.9382,3.8426],[-74.9407,3.8399],[-74.9405,3.8386],[-74.9388,3.8405],[-74.94,3.8346]],[[-74.9421,3.8188],[-74.9426,3.8205],[-74.9405,3.8221],[-74.9383,3.8145],[-74.9418,3.8085],[-74.941,3.8161],[-74.9421,3.8188]],[[-74.9435,3.8179],[-74.9421,3.8151],[-74.9433,3.8129],[-74.9446,3.8146],[-74.9435,3.8179]],[[-74.9454,3.8057],[-74.9438,3.8067],[-74.9427,3.8052],[-74.9495,3.7936],[-74.95,3.797],[-74.953,3.7981],[-74.9527,3.8024],[-74.9514,3.8043],[-74.9479,3.8042],[-74.9454,3.8057]],[[-74.942,3.8035],[-74.9415,3.8065],[-74.9398,3.8033],[-74.9413,3.8025],[-74.942,3.8035]],[[-74.9425,3.8033],[-74.9423,3.8018],[-74.9433,3.8014],[-74.9425,3.8033]],[[-74.9538,3.7968],[-74.9506,3.7933],[-74.9534,3.791],[-74.9591,3.7897],[-74.9547,3.7921],[-74.9553,3.796],[-74.9538,3.7968]],[[-74.9748,3.7586],[-74.9755,3.7607],[-74.971,3.7709],[-74.9673,3.7657],[-74.9676,3.7629],[-74.9692,3.7595],[-74.9748,3.7586]],[[-74.9758,3.7401],[-74.9729,3.7329],[-74.9679,3.7322],[-74.9661,3.7302],[-74.9637,3.7236],[-74.9739,3.723],[-74.9764,3.7197],[-74.9749,3.7154],[-74.976,3.7122],[-74.9821,3.7068],[-74.9912,3.7058],[-74.9785,3.714],[-74.9756,3.7226],[-74.9777,3.7265],[-74.9761,3.7326],[-74.9777,3.7347],[-74.9808,3.7353],[-74.9812,3.737],[-74.9758,3.7401]],[[-74.9812,3.706],[-74.9791,3.7098],[-74.9766,3.7103],[-74.9778,3.7073],[-74.9812,3.706]],[[-74.9785,3.7164],[-74.9788,3.7142],[-74.9833,3.7118],[-74.9785,3.7164]],[[-74.9989,3.701],[-74.9989,3.6983],[-75.0041,3.6937],[-75.0048,3.6878],[-75.006,3.6865],[-75.0108,3.6868],[-75.0113,3.688],[-75.0086,3.69],[-75.0029,3.6996],[-74.9989,3.701]],[[-75.0215,3.6842],[-75.0198,3.6842],[-75.0266,3.6839],[-75.0215,3.6842]],[[-75.0281,3.684],[-75.0261,3.683],[-75.0314,3.6831],[-75.0266,3.6821],[-75.0208,3.6829],[-75.0302,3.6803],[-75.034,3.6748],[-75.0335,3.6819],[-75.0307,3.6841],[-75.0281,3.684]],[[-75.0428,3.6599],[-75.0421,3.6655],[-75.0365,3.6665],[-75.037,3.6638],[-75.0428,3.6599]],[[-75.0483,3.6578],[-75.0422,3.6555],[-75.043,3.6401],[-75.0442,3.6388],[-75.0511,3.6443],[-75.0484,3.6471],[-75.0479,3.6499],[-75.0519,3.6535],[-75.0521,3.6561],[-75.0511,3.6577],[-75.0483,3.6578]],[[-75.0634,3.6419],[-75.0588,3.6402],[-75.0621,3.6372],[-75.0687,3.6382],[-75.0658,3.6416],[-75.0634,3.6419]],[[-75.0733,3.6281],[-75.0723,3.6288],[-75.0721,3.6263],[-75.0751,3.6218],[-75.0821,3.624],[-75.0854,3.6225],[-75.086,3.6244],[-75.0842,3.6271],[-75.0761,3.6261],[-75.0733,3.6281]],[[-75.0866,3.622],[-75.0862,3.6185],[-75.0808,3.6098],[-75.0813,3.6053],[-75.0871,3.6151],[-75.0866,3.622]],[[-75.0821,3.594],[-75.0821,3.596],[-75.0803,3.5979],[-75.0821,3.594]],[[-75.0801,3.5938],[-75.0791,3.5968],[-75.0782,3.5926],[-75.0796,3.5867],[-75.0801,3.5938]],[[-75.086,3.561],[-75.089,3.5714],[-75.0841,3.5737],[-75.0832,3.5666],[-75.086,3.561]],[[-75.0786,3.5535],[-75.0797,3.5547],[-75.075,3.5531],[-75.0786,3.5535]],[[-75.0701,3.5461],[-75.0723,3.547],[-75.0734,3.5511],[-75.0694,3.549],[-75.0701,3.5461]],[[-75.068,3.5464],[-75.0668,3.5466],[-75.0659,3.5418],[-75.0673,3.5368],[-75.068,3.5464]],[[-75.0811,3.5251],[-75.0823,3.5259],[-75.0795,3.5265],[-75.0783,3.5292],[-75.0758,3.5304],[-75.0777,3.5258],[-75.0811,3.5251]],[[-75.0873,3.5179],[-75.0858,3.5209],[-75.0863,3.5176],[-75.0873,3.5179]],[[-75.0972,3.5146],[-75.0942,3.5124],[-75.1001,3.5125],[-75.0994,3.5144],[-75.0972,3.5146]],[[-75.113,3.5029],[-75.1166,3.5045],[-75.113,3.5081],[-75.1107,3.5079],[-75.1076,3.5047],[-75.109,3.5026],[-75.113,3.5029]],[[-75.1175,3.4745],[-75.1198,3.4774],[-75.1191,3.4806],[-75.1175,3.4745]],[[-75.1531,3.4203],[-75.1533,3.4244],[-75.1517,3.4215],[-75.1531,3.4203]],[[-75.1604,3.4128],[-75.1591,3.4134],[-75.1636,3.411],[-75.1655,3.4124],[-75.1604,3.4128]],[[-75.1779,3.4078],[-75.1771,3.4106],[-75.1751,3.4113],[-75.1779,3.4078]],[[-75.1761,3.4075],[-75.1733,3.4104],[-75.1748,3.4028],[-75.1761,3.4075]],[[-75.2083,3.3509],[-75.2018,3.3501],[-75.2055,3.3464],[-75.2083,3.3509]],[[-75.2363,3.2876],[-75.2382,3.2909],[-75.2366,3.29],[-75.2363,3.2876]],[[-75.227,3.2255],[-75.2273,3.2268],[-75.2248,3.2278],[-75.227,3.2255]],[[-75.2247,3.2255],[-75.2254,3.2191],[-75.2279,3.216],[-75.2268,3.2248],[-75.2247,3.2255]],[[-75.2263,3.2164],[-75.2232,3.2217],[-75.2217,3.2192],[-75.2225,3.214],[-75.23,3.2005],[-75.2286,3.2128],[-75.2263,3.2164]],[[-75.2679,3.1752],[-75.2646,3.1779],[-75.2635,3.1773],[-75.2665,3.172],[-75.266,3.1676],[-75.2728,3.1653],[-75.2679,3.1752]],[[-75.2677,3.1388],[-75.2661,3.1395],[-75.2654,3.1375],[-75.2685,3.1319],[-75.2684,3.1289],[-75.2708,3.1312],[-75.2714,3.1347],[-75.2677,3.1388]],[[-75.2672,3.1303],[-75.2678,3.1311],[-75.2669,3.1327],[-75.2672,3.1303]],[[-75.2699,3.1387],[-75.2728,3.1361],[-75.2725,3.138],[-75.2699,3.1387]],[[-75.2649,3.1248],[-75.2668,3.1258],[-75.2667,3.1283],[-75.259,3.1259],[-75.2588,3.1216],[-75.2619,3.1195],[-75.2597,3.1141],[-75.2601,3.1118],[-75.2608,3.1144],[-75.2632,3.1156],[-75.2649,3.1248]],[[-75.2577,3.1228],[-75.2581,3.1264],[-75.2567,3.1247],[-75.2577,3.1228]],[[-75.2629,3.1146],[-75.2611,3.1137],[-75.2603,3.1107],[-75.2608,3.1028],[-75.2627,3.1073],[-75.2676,3.1101],[-75.2685,3.1162],[-75.2665,3.1202],[-75.2666,3.1247],[-75.2649,3.124],[-75.2629,3.1146]],[[-75.2647,3.1071],[-75.2624,3.1045],[-75.2636,3.1025],[-75.2633,3.0977],[-75.2657,3.1024],[-75.2647,3.1071]],[[-75.2608,3.1003],[-75.2616,3.1018],[-75.2604,3.1022],[-75.2608,3.1003]],[[-75.2619,3.0982],[-75.2616,3.1001],[-75.2601,3.0982],[-75.2606,3.0965],[-75.2619,3.0982]],[[-75.2635,3.0972],[-75.263,3.096],[-75.2636,3.0961],[-75.2635,3.0972]],[[-75.2364,3.0696],[-75.2378,3.0734],[-75.2356,3.0713],[-75.2364,3.0696]],[[-75.266,3.0138],[-75.2675,3.0172],[-75.2699,3.0184],[-75.2697,3.0207],[-75.2662,3.019],[-75.2652,3.0165],[-75.266,3.0138]],[[-75.2704,3.0048],[-75.2713,3.0067],[-75.2697,3.0083],[-75.2704,3.0048]],[[-75.2729,2.9926],[-75.2699,2.9974],[-75.2699,2.9947],[-75.2729,2.9926]],[[-75.2853,2.9851],[-75.2852,2.988],[-75.2818,2.9886],[-75.2853,2.9851]],[[-75.2892,2.9824],[-75.2879,2.9816],[-75.2901,2.981],[-75.2892,2.9824]],[[-75.298,2.978],[-75.2971,2.9789],[-75.2974,2.9776],[-75.298,2.978]],[[-75.305,2.9316],[-75.3037,2.934],[-75.3022,2.9317],[-75.2984,2.9299],[-75.2961,2.9238],[-75.2926,2.9205],[-75.2913,2.9162],[-75.2927,2.909],[-75.2969,2.9119],[-75.2954,2.9206],[-75.3014,2.9248],[-75.3012,2.9296],[-75.305,2.9316]],[[-75.2908,2.915],[-75.2904,2.9137],[-75.2913,2.9124],[-75.2908,2.915]],[[-75.2916,2.909],[-75.2909,2.9118],[-75.2908,2.9097],[-75.2916,2.909]],[[-75.2943,2.9095],[-75.2927,2.908],[-75.2928,2.9059],[-75.2975,2.9019],[-75.3007,2.9032],[-75.2991,2.9129],[-75.3014,2.9175],[-75.2987,2.9192],[-75.2979,2.9218],[-75.2954,2.9193],[-75.2971,2.9114],[-75.2943,2.9095]],[[-75.2911,2.9058],[-75.2911,2.9085],[-75.2899,2.9051],[-75.2911,2.9058]],[[-75.2922,2.9057],[-75.2895,2.9024],[-75.2916,2.8978],[-75.2973,2.9014],[-75.2922,2.9057]],[[-75.3021,2.9181],[-75.3022,2.917],[-75.3055,2.9175],[-75.3067,2.9196],[-75.305,2.9212],[-75.3014,2.921],[-75.3021,2.9181]],[[-75.3005,2.9211],[-75.2999,2.9221],[-75.2983,2.9214],[-75.3008,2.919],[-75.3005,2.9211]],[[-75.3024,2.9244],[-75.3039,2.9251],[-75.3034,2.9284],[-75.3044,2.9297],[-75.3015,2.9287],[-75.3024,2.9244]],[[-75.2927,2.8906],[-75.293,2.8916],[-75.2922,2.8929],[-75.2927,2.8906]],[[-75.2887,2.8772],[-75.2889,2.8847],[-75.2854,2.8817],[-75.2887,2.8772]],[[-75.2879,2.8772],[-75.2873,2.8764],[-75.289,2.8752],[-75.2879,2.8772]],[[-75.334,2.7867],[-75.3338,2.7898],[-75.3283,2.7938],[-75.3262,2.7997],[-75.3249,2.7965],[-75.3282,2.7907],[-75.334,2.7867]],[[-75.3433,2.7741],[-75.3391,2.7772],[-75.3371,2.7774],[-75.3433,2.7741]],[[-75.3523,2.7684],[-75.3507,2.768],[-75.3546,2.7681],[-75.3523,2.7684]],[[-75.3782,2.7454],[-75.3782,2.7411],[-75.3794,2.7439],[-75.3782,2.7454]],[[-75.3808,2.7345],[-75.3807,2.735],[-75.38,2.7356],[-75.3808,2.7345]],[[-75.4187,2.7348],[-75.4203,2.736],[-75.418,2.7352],[-75.4187,2.7348]],[[-75.422,2.7309],[-75.4231,2.7324],[-75.4232,2.7335],[-75.422,2.7309]],[[-75.4219,2.7263],[-75.4222,2.7265],[-75.4213,2.7265],[-75.4219,2.7263]]]}},{"type":"Feature","properties":{"nombre":"Pozo El Coco","tipo":"laguna"},"geometry":{"type":"Polygon","coordinates":[[[-73.8802,7.1837],[-73.879,7.1854],[-73.8808,7.1869],[-73.8823,7.1848],[-73.8802,7.1837]]]}},{"type":"Feature","properties":{"nombre":"Ciénaga El Paneleo","tipo":"laguna"},"geometry":{"type":"Polygon","coordinates":[[[-73.9422,7.3802],[-73.9429,7.381],[-73.9423,7.3792],[-73.9456,7.3768],[-73.9473,7.3721],[-73.9451,7.3727],[-73.9445,7.3757],[-73.9412,7.3783],[-73.9412,7.3803],[-73.9422,7.3802]]]}},{"type":"Feature","properties":{"nombre":null,"tipo":"laguna"},"geometry":{"type":"Polygon","coordinates":[[[-73.9379,7.4067],[-73.938,7.4085],[-73.9407,7.4053],[-73.9426,7.4062],[-73.9413,7.4046],[-73.9438,7.4059],[-73.9462,7.4054],[-73.9451,7.4034],[-73.9493,7.4015],[-73.9443,7.3976],[-73.9413,7.3976],[-73.9399,7.3965],[-73.9403,7.3952],[-73.943,7.3962],[-73.9422,7.3931],[-73.9381,7.3955],[-73.9368,7.3976],[-73.9386,7.4017],[-73.9386,7.4028],[-73.9373,7.4023],[-73.9383,7.404],[-73.9374,7.4052],[-73.939,7.4058],[-73.9379,7.4067]]]}},{"type":"Feature","properties":{"nombre":null,"tipo":"laguna"},"geometry":{"type":"Polygon","coordinates":[[[-73.9433,7.4251],[-73.9456,7.4261],[-73.9462,7.424],[-73.9451,7.4243],[-73.944,7.4218],[-73.9418,7.4216],[-73.944,7.4239],[-73.9433,7.4251]]]}},{"type":"Feature","properties":{"nombre":null,"tipo":"laguna"},"geometry":{"type":"Polygon","coordinates":[[[-73.941,7.4202],[-73.9448,7.4214],[-73.9475,7.4246],[-73.9438,7.4203],[-73.9443,7.4188],[-73.9459,7.4187],[-73.944,7.4166],[-73.9434,7.4177],[-73.9422,7.4173],[-73.9397,7.4143],[-73.9421,7.413],[-73.9428,7.4135],[-73.9423,7.4146],[-73.9453,7.4142],[-73.943,7.4117],[-73.9384,7.4125],[-73.94,7.413],[-73.9391,7.4146],[-73.943,7.4198],[-73.9388,7.4189],[-73.941,7.4202]]]}},{"type":"Feature","properties":{"nombre":null,"tipo":"laguna"},"geometry":{"type":"Polygon","coordinates":[[[-73.9506,7.3368],[-73.9523,7.3377],[-73.9591,7.3329],[-73.9558,7.3336],[-73.955,7.3302],[-73.9538,7.3297],[-73.9544,7.3313],[-73.9528,7.3331],[-73.9538,7.3348],[-73.9518,7.3372],[-73.9502,7.3357],[-73.9506,7.3368]]]}},{"type":"Feature","properties":{"nombre":null,"tipo":"laguna"},"geometry":{"type":"Polygon","coordinates":[[[-73.9437,7.4494],[-73.9445,7.4472],[-73.9438,7.4448],[-73.9413,7.4457],[-73.9427,7.4493],[-73.9437,7.4494]]]}},{"type":"Feature","properties":{"nombre":"Poza Las Palmas","tipo":"laguna"},"geometry":{"type":"Polygon","coordinates":[[[-73.8757,7.1556],[-73.8819,7.1549],[-73.8827,7.1519],[-73.8813,7.1487],[-73.8768,7.1482],[-73.8741,7.1465],[-73.8757,7.1556]]]}},{"type":"Feature","properties":{"nombre":null,"tipo":"laguna"},"geometry":{"type":"Polygon","coordinates":[[[-73.7436,7.4805],[-73.7497,7.4792],[-73.7518,7.477],[-73.7536,7.4782],[-73.7548,7.4757],[-73.7535,7.47],[-73.747,7.4696],[-73.7465,7.4681],[-73.7446,7.4684],[-73.7458,7.4699],[-73.7439,7.4711],[-73.7457,7.4708],[-73.7448,7.4725],[-73.7464,7.4737],[-73.7479,7.4729],[-73.7483,7.4752],[-73.7448,7.4757],[-73.7429,7.4738],[-73.7432,7.4765],[-73.7406,7.4767],[-73.7412,7.4791],[-73.7436,7.4766],[-73.7448,7.4772],[-73.7442,7.4786],[-73.7456,7.4775],[-73.7466,7.4788],[-73.7466,7.4798],[-73.7436,7.4805]]]}},{"type":"Feature","properties":{"nombre":null,"tipo":"laguna"},"geometry":{"type":"Polygon","coordinates":[[[-73.6865,7.4335],[-73.6877,7.4366],[-73.69,7.4365],[-73.6923,7.4329],[-73.6942,7.4331],[-73.6949,7.4313],[-73.6963,7.4319],[-73.6954,7.4303],[-73.697,7.4275],[-73.6937,7.426],[-73.6938,7.4251],[-73.6894,7.4258],[-73.6891,7.4266],[-73.6914,7.4268],[-73.6927,7.4295],[-73.695,7.4306],[-73.692,7.4304],[-73.6912,7.4322],[-73.6886,7.4332],[-73.6894,7.4312],[-73.6875,7.4304],[-73.686,7.4316],[-73.6865,7.4335]]]}},{"type":"Feature","properties":{"nombre":null,"tipo":"laguna"},"geometry":{"type":"Polygon","coordinates":[[[-73.7668,7.4212],[-73.7709,7.4197],[-73.7663,7.4179],[-73.763,7.4185],[-73.7635,7.4198],[-73.7662,7.4189],[-73.7653,7.4205],[-73.7668,7.4212]]]}},{"type":"Feature","properties":{"nombre":null,"tipo":"laguna"},"geometry":{"type":"Polygon","coordinates":[[[-73.7776,7.1345],[-73.7778,7.1368],[-73.7784,7.1344],[-73.7806,7.1364],[-73.7819,7.1356],[-73.7793,7.1331],[-73.778,7.1332],[-73.7776,7.1345]]]}},{"type":"Feature","properties":{"nombre":null,"tipo":"laguna"},"geometry":{"type":"Polygon","coordinates":[[[-73.9401,7.4104],[-73.9447,7.4102],[-73.9424,7.4092],[-73.9422,7.407],[-73.942,7.409],[-73.94,7.4094],[-73.9401,7.4104]]]}},{"type":"Feature","properties":{"nombre":null,"tipo":"laguna"},"geometry":{"type":"Polygon","coordinates":[[[-73.9305,7.4177],[-73.9315,7.419],[-73.9339,7.4188],[-73.9296,7.414],[-73.9314,7.4175],[-73.9305,7.4177]]]}},{"type":"Feature","properties":{"nombre":null,"tipo":"laguna"},"geometry":{"type":"Polygon","coordinates":[[[-73.9312,7.4079],[-73.9325,7.4084],[-73.9328,7.4072],[-73.9363,7.4055],[-73.9299,7.406],[-73.9297,7.407],[-73.9312,7.4079]]]}},{"type":"Feature","properties":{"nombre":null,"tipo":"laguna"},"geometry":{"type":"Polygon","coordinates":[[[-73.9061,7.2714],[-73.907,7.2745],[-73.9098,7.2758],[-73.9061,7.2714]]]}},{"type":"Feature","properties":{"nombre":null,"tipo":"laguna"},"geometry":{"type":"Polygon","coordinates":[[[-73.9137,7.2487],[-73.9146,7.25],[-73.9155,7.2496],[-73.9135,7.2473],[-73.9113,7.2471],[-73.9124,7.2487],[-73.9137,7.2487]]]}},{"type":"Feature","properties":{"nombre":null,"tipo":"laguna"},"geometry":{"type":"Polygon","coordinates":[[[-73.9399,7.3686],[-73.9427,7.3686],[-73.9421,7.3659],[-73.9449,7.3638],[-73.9453,7.3617],[-73.9448,7.3634],[-73.9439,7.3625],[-73.9395,7.367],[-73.9408,7.368],[-73.9399,7.3686]]]}},{"type":"Feature","properties":{"nombre":null,"tipo":"laguna"},"geometry":{"type":"Polygon","coordinates":[[[-73.9394,7.3626],[-73.9399,7.3632],[-73.9439,7.3615],[-73.9447,7.359],[-73.9461,7.3589],[-73.9458,7.3576],[-73.9436,7.3589],[-73.9437,7.3604],[-73.9394,7.3626]]]}},{"type":"Feature","properties":{"nombre":null,"tipo":"laguna"},"geometry":{"type":"Polygon","coordinates":[[[-73.9389,7.4361],[-73.9403,7.4381],[-73.94,7.4362],[-73.9415,7.4366],[-73.9448,7.4336],[-73.9425,7.4316],[-73.9417,7.4339],[-73.9409,7.4312],[-73.9418,7.4298],[-73.938,7.4289],[-73.9392,7.4335],[-73.9411,7.4345],[-73.9389,7.4361]]]}},{"type":"Feature","properties":{"nombre":null,"tipo":"laguna"},"geometry":{"type":"Polygon","coordinates":[[[-73.9478,7.4124],[-73.9522,7.4185],[-73.9473,7.4113],[-73.9478,7.4124]]]}},{"type":"Feature","properties":{"nombre":null,"tipo":"laguna"},"geometry":{"type":"Polygon","coordinates":[[[-73.854,7.392],[-73.8586,7.3925],[-73.8574,7.3897],[-73.8545,7.3902],[-73.8541,7.3879],[-73.853,7.3917],[-73.854,7.392]]]}},{"type":"Feature","properties":{"nombre":null,"tipo":"laguna"},"geometry":{"type":"Polygon","coordinates":[[[-73.8574,7.1364],[-73.8591,7.1372],[-73.8603,7.1359],[-73.8546,7.1303],[-73.8548,7.1283],[-73.8543,7.1304],[-73.8493,7.1301],[-73.8548,7.1311],[-73.8574,7.1364]]]}},{"type":"Feature","properties":{"nombre":null,"tipo":"laguna"},"geometry":{"type":"Polygon","coordinates":[[[-73.8747,7.8884],[-73.8707,7.8928],[-73.8746,7.8902],[-73.8747,7.8884]]]}},{"type":"Feature","properties":{"nombre":null,"tipo":"laguna"},"geometry":{"type":"Polygon","coordinates":[[[-73.7292,7.8716],[-73.7327,7.8796],[-73.7328,7.8776],[-73.7292,7.8716]]]}},{"type":"Feature","properties":{"nombre":null,"tipo":"laguna"},"geometry":{"type":"Polygon","coordinates":[[[-73.6949,7.8996],[-73.6932,7.8994],[-73.6937,7.9023],[-73.6926,7.9064],[-73.6947,7.9038],[-73.696,7.9051],[-73.697,7.9046],[-73.6969,7.9033],[-73.6951,7.9028],[-73.697,7.9013],[-73.6949,7.8996]]]}},{"type":"Feature","properties":{"nombre":null,"tipo":"laguna"},"geometry":{"type":"Polygon","coordinates":[[[-73.6649,7.8852],[-73.6631,7.8877],[-73.6636,7.8904],[-73.666,7.8875],[-73.6649,7.8852]]]}},{"type":"Feature","properties":{"nombre":null,"tipo":"laguna"},"geometry":{"type":"Polygon","coordinates":[[[-73.8923,7.8719],[-73.8926,7.8739],[-73.894,7.8712],[-73.8961,7.8703],[-73.8916,7.8672],[-73.8897,7.8644],[-73.8892,7.8703],[-73.8911,7.8727],[-73.8923,7.8719]]]}},{"type":"Feature","properties":{"nombre":null,"tipo":"laguna"},"geometry":{"type":"Polygon","coordinates":[[[-73.8761,7.87],[-73.8782,7.8723],[-73.8794,7.8718],[-73.8781,7.8689],[-73.8792,7.8655],[-73.8773,7.8668],[-73.8739,7.8657],[-73.8737,7.871],[-73.8761,7.87]]]}},{"type":"Feature","properties":{"nombre":"Laguna Pozo Negro","tipo":"laguna"},"geometry":{"type":"Polygon","coordinates":[[[-72.9031,7.428],[-72.9027,7.4291],[-72.9043,7.429],[-72.9038,7.4275],[-72.9024,7.4276],[-72.9031,7.428]]]}},{"type":"Feature","properties":{"nombre":"Laguna Larga","tipo":"laguna"},"geometry":{"type":"Polygon","coordinates":[[[-72.8613,7.3479],[-72.8603,7.349],[-72.8607,7.351],[-72.8617,7.3504],[-72.8613,7.3479]]]}},{"type":"Feature","properties":{"nombre":"Lagunas Verdes","tipo":"laguna"},"geometry":{"type":"Polygon","coordinates":[[[-72.8354,7.2996],[-72.8345,7.3012],[-72.8359,7.3018],[-72.8354,7.2996]]]}},{"type":"Feature","properties":{"nombre":"Laguna La Pintada","tipo":"laguna"},"geometry":{"type":"Polygon","coordinates":[[[-72.8416,7.3574],[-72.8399,7.3593],[-72.8413,7.3589],[-72.8416,7.3574]]]}},{"type":"Feature","properties":{"nombre":"Laguna Páez","tipo":"laguna"},"geometry":{"type":"Polygon","coordinates":[[[-72.8629,7.3757],[-72.8639,7.3767],[-72.8665,7.3755],[-72.8654,7.3748],[-72.8629,7.3757]]]}},{"type":"Feature","properties":{"nombre":"Laguna Surcura","tipo":"laguna"},"geometry":{"type":"Polygon","coordinates":[[[-72.8322,7.3439],[-72.8322,7.3463],[-72.8335,7.3471],[-72.8339,7.3458],[-72.8322,7.3439]]]}},{"type":"Feature","properties":{"nombre":"Lagunas El Cornal","tipo":"laguna"},"geometry":{"type":"MultiPolygon","coordinates":[[[[-72.7189,7.2585],[-72.7187,7.2595],[-72.7195,7.2601],[-72.7189,7.2585]]],[[[-72.7214,7.2616],[-72.7216,7.2609],[-72.7207,7.2603],[-72.7214,7.2616]]]]}},{"type":"Feature","properties":{"nombre":"Laguna Negra","tipo":"laguna"},"geometry":{"type":"Polygon","coordinates":[[[-72.8317,7.3686],[-72.8308,7.3717],[-72.8326,7.3702],[-72.8317,7.3686]]]}},{"type":"Feature","properties":{"nombre":"Laguna El Pico","tipo":"laguna"},"geometry":{"type":"Polygon","coordinates":[[[-72.8556,7.3801],[-72.8542,7.3837],[-72.8569,7.3817],[-72.8556,7.3801]]]}},{"type":"Feature","properties":{"nombre":"Laguna Quelpa","tipo":"laguna"},"geometry":{"type":"Polygon","coordinates":[[[-72.8522,7.3937],[-72.8528,7.3951],[-72.8541,7.3949],[-72.8543,7.392],[-72.8532,7.3919],[-72.8534,7.3934],[-72.8522,7.3937]]]}},{"type":"Feature","properties":{"nombre":"Laguna Tapada","tipo":"laguna"},"geometry":{"type":"Polygon","coordinates":[[[-72.8339,7.3072],[-72.8339,7.3084],[-72.8355,7.306],[-72.8325,7.3064],[-72.8339,7.3072]]]}},{"type":"Feature","properties":{"nombre":"Laguna Torrecillas","tipo":"laguna"},"geometry":{"type":"Polygon","coordinates":[[[-72.796,7.2909],[-72.7962,7.2938],[-72.7971,7.2913],[-72.796,7.2909]]]}},{"type":"Feature","properties":{"nombre":"Laguna El Salado","tipo":"laguna"},"geometry":{"type":"Polygon","coordinates":[[[-72.7016,7.0159],[-72.7002,7.015],[-72.6985,7.0167],[-72.7001,7.0173],[-72.7016,7.0159]]]}},{"type":"Feature","properties":{"nombre":"Laguna Sisota","tipo":"laguna"},"geometry":{"type":"Polygon","coordinates":[[[-72.7433,6.8991],[-72.7439,6.9022],[-72.7445,6.9002],[-72.7433,6.8991]]]}},{"type":"Feature","properties":{"nombre":"Laguna Samaná","tipo":"laguna"},"geometry":{"type":"Polygon","coordinates":[[[-72.7484,6.9821],[-72.7472,6.981],[-72.7461,6.9831],[-72.7485,6.9836],[-72.7484,6.9821]]]}},{"type":"Feature","properties":{"nombre":"Laguna El Mortiño","tipo":"laguna"},"geometry":{"type":"Polygon","coordinates":[[[-72.7249,7.0273],[-72.7232,7.0278],[-72.7252,7.0294],[-72.7249,7.0273]]]}},{"type":"Feature","properties":{"nombre":"Laguna Colorada","tipo":"laguna"},"geometry":{"type":"Polygon","coordinates":[[[-72.7141,6.9675],[-72.7149,6.9706],[-72.7153,6.9687],[-72.7141,6.9675]]]}},{"type":"Feature","properties":{"nombre":"Laguna de Ortices","tipo":"laguna"},"geometry":{"type":"Polygon","coordinates":[[[-72.8664,6.7087],[-72.8666,6.7118],[-72.8682,6.7128],[-72.8703,6.7113],[-72.8716,6.7072],[-72.8706,6.7064],[-72.8664,6.7087]]]}},{"type":"Feature","properties":{"nombre":null,"tipo":"laguna"},"geometry":{"type":"Polygon","coordinates":[[[-73.8024,7.1069],[-73.8037,7.1072],[-73.8013,7.1053],[-73.8015,7.104],[-73.804,7.1045],[-73.8062,7.1026],[-73.8031,7.1031],[-73.8057,7.1013],[-73.8027,7.1007],[-73.8035,7.0999],[-73.8029,7.0982],[-73.8005,7.0994],[-73.8014,7.0995],[-73.8018,7.102],[-73.8007,7.1043],[-73.801,7.1069],[-73.8024,7.1069]]]}},{"type":"Feature","properties":{"nombre":null,"tipo":"laguna"},"geometry":{"type":"Polygon","coordinates":[[[-73.9426,7.0252],[-73.9453,7.0262],[-73.9465,7.0254],[-73.9446,7.0247],[-73.9441,7.0211],[-73.9439,7.0247],[-73.9426,7.0241],[-73.9426,7.0252]]]}},{"type":"Feature","properties":{"nombre":"Laguna del Miedo","tipo":"laguna"},"geometry":{"type":"Polygon","coordinates":[[[-73.9464,7.0227],[-73.9489,7.0241],[-73.9522,7.0212],[-73.9511,7.0204],[-73.9507,7.0162],[-73.9494,7.0184],[-73.9482,7.0179],[-73.9482,7.0157],[-73.9471,7.0162],[-73.9472,7.0183],[-73.9497,7.0198],[-73.9484,7.0205],[-73.9482,7.0226],[-73.9477,7.0204],[-73.9471,7.0209],[-73.9464,7.0185],[-73.9448,7.0179],[-73.9464,7.0227]]]}},{"type":"Feature","properties":{"nombre":null,"tipo":"laguna"},"geometry":{"type":"Polygon","coordinates":[[[-73.8606,6.9373],[-73.8613,6.9393],[-73.8622,6.9385],[-73.8636,6.942],[-73.8634,6.9362],[-73.8597,6.9308],[-73.8559,6.9279],[-73.856,6.9203],[-73.8528,6.9191],[-73.8526,6.9201],[-73.8552,6.9217],[-73.8554,6.9287],[-73.8593,6.9316],[-73.8606,6.9373]]]}},{"type":"Feature","properties":{"nombre":null,"tipo":"laguna"},"geometry":{"type":"Polygon","coordinates":[[[-73.8684,7.0997],[-73.8693,7.0992],[-73.8646,7.0977],[-73.8626,7.0959],[-73.8631,7.0942],[-73.8654,7.0929],[-73.865,7.092],[-73.8621,7.0922],[-73.8612,7.0946],[-73.8603,7.0945],[-73.8604,7.0977],[-73.8665,7.0982],[-73.8684,7.0997]]]}},{"type":"Feature","properties":{"nombre":"Poza del Macho","tipo":"laguna"},"geometry":{"type":"Polygon","coordinates":[[[-73.7944,7.1046],[-73.7956,7.1072],[-73.7969,7.1064],[-73.7964,7.1047],[-73.7944,7.1046]]]}},{"type":"Feature","properties":{"nombre":null,"tipo":"laguna"},"geometry":{"type":"Polygon","coordinates":[[[-73.7918,7.1075],[-73.7893,7.1088],[-73.7873,7.1119],[-73.7902,7.111],[-73.7902,7.1089],[-73.7963,7.1085],[-73.7937,7.1075],[-73.793,7.1037],[-73.793,7.1063],[-73.7918,7.1075]]]}},{"type":"Feature","properties":{"nombre":null,"tipo":"laguna"},"geometry":{"type":"Polygon","coordinates":[[[-73.7845,7.1129],[-73.7858,7.1128],[-73.7836,7.111],[-73.7863,7.1093],[-73.7823,7.1073],[-73.784,7.1091],[-73.7833,7.1115],[-73.7839,7.1134],[-73.7845,7.1129]]]}},{"type":"Feature","properties":{"nombre":null,"tipo":"laguna"},"geometry":{"type":"Polygon","coordinates":[[[-73.6113,7.1015],[-73.6125,7.102],[-73.6153,7.0996],[-73.6122,7.0982],[-73.6132,7.1003],[-73.6122,7.1015],[-73.6071,7.1007],[-73.608,7.1016],[-73.6113,7.1015]]]}},{"type":"Feature","properties":{"nombre":"<Null>","tipo":"laguna"},"geometry":{"type":"Polygon","coordinates":[[[-73.0285,6.8826],[-73.0309,6.883],[-73.0296,6.8795],[-73.0264,6.8786],[-73.0285,6.8806],[-73.0285,6.8826]]]}},{"type":"Feature","properties":{"nombre":null,"tipo":"laguna"},"geometry":{"type":"Polygon","coordinates":[[[-73.0387,6.8574],[-73.0404,6.8566],[-73.0402,6.8556],[-73.0384,6.8552],[-73.032,6.8491],[-73.0306,6.8493],[-73.0298,6.8507],[-73.0304,6.8517],[-73.0315,6.8509],[-73.032,6.8525],[-73.0334,6.8523],[-73.0348,6.8548],[-73.0387,6.8574]]]}},{"type":"Feature","properties":{"nombre":null,"tipo":"laguna"},"geometry":{"type":"Polygon","coordinates":[[[-73.07,6.8562],[-73.0695,6.8572],[-73.0708,6.858],[-73.0708,6.856],[-73.0722,6.8556],[-73.0715,6.8534],[-73.0749,6.852],[-73.0748,6.8508],[-73.0731,6.8503],[-73.0719,6.8522],[-73.0709,6.8518],[-73.0691,6.8549],[-73.07,6.8562]]]}},{"type":"Feature","properties":{"nombre":"Laguna Brava","tipo":"laguna"},"geometry":{"type":"Polygon","coordinates":[[[-72.946,7.6555],[-72.9444,7.6592],[-72.9459,7.6607],[-72.9442,7.6628],[-72.9447,7.6645],[-72.9482,7.6591],[-72.9474,7.6552],[-72.9487,7.6541],[-72.9473,7.6517],[-72.9446,7.652],[-72.9441,7.6557],[-72.946,7.6555]]]}},{"type":"Feature","properties":{"nombre":"Laguna Las Barcinas","tipo":"laguna"},"geometry":{"type":"Polygon","coordinates":[[[-72.9342,7.6608],[-72.9353,7.6631],[-72.9373,7.661],[-72.9363,7.6593],[-72.9342,7.6608]]]}},{"type":"Feature","properties":{"nombre":"Pozo Las Cabras","tipo":"laguna"},"geometry":{"type":"Polygon","coordinates":[[[-72.9339,7.6537],[-72.9332,7.6557],[-72.9356,7.6559],[-72.9368,7.6533],[-72.9347,7.6523],[-72.9339,7.6537]]]}},{"type":"Feature","properties":{"nombre":"Laguna Cazadero","tipo":"laguna"},"geometry":{"type":"Polygon","coordinates":[[[-72.9658,7.6419],[-72.9643,7.6437],[-72.9652,7.645],[-72.9674,7.6431],[-72.9658,7.6419]]]}},{"type":"Feature","properties":{"nombre":"Laguna Pozo Negro","tipo":"laguna"},"geometry":{"type":"Polygon","coordinates":[[[-72.9421,7.6407],[-72.9407,7.6418],[-72.9412,7.6434],[-72.9431,7.6424],[-72.943,7.6407],[-72.9421,7.6407]]]}},{"type":"Feature","properties":{"nombre":"Laguna De Los Bueyes","tipo":"laguna"},"geometry":{"type":"Polygon","coordinates":[[[-72.9497,7.6842],[-72.9487,7.6862],[-72.95,7.6859],[-72.9505,7.6841],[-72.9518,7.6848],[-72.9529,7.684],[-72.9514,7.6826],[-72.9497,7.6842]]]}},{"type":"Feature","properties":{"nombre":"Laguna Ciega","tipo":"laguna"},"geometry":{"type":"Polygon","coordinates":[[[-72.9524,7.663],[-72.9488,7.6657],[-72.9504,7.666],[-72.9524,7.663]]]}},{"type":"Feature","properties":{"nombre":"Laguna Pozo Negro","tipo":"laguna"},"geometry":{"type":"Polygon","coordinates":[[[-72.9685,7.6709],[-72.9673,7.6713],[-72.9675,7.6724],[-72.9694,7.672],[-72.9685,7.6709]]]}},{"type":"Feature","properties":{"nombre":"Lago de Pantano Uribe","tipo":"laguna"},"geometry":{"type":"Polygon","coordinates":[[[-73.2272,7.0042],[-73.2267,7.0116],[-73.2278,7.0108],[-73.2285,7.0043],[-73.2272,7.0042]]]}},{"type":"Feature","properties":{"nombre":null,"tipo":"laguna"},"geometry":{"type":"Polygon","coordinates":[[[-73.9426,7.1042],[-73.9457,7.1059],[-73.9451,7.1094],[-73.9468,7.1103],[-73.9469,7.1059],[-73.9456,7.1051],[-73.9466,7.1045],[-73.945,7.1033],[-73.9461,7.1009],[-73.9452,7.1016],[-73.9442,7.0999],[-73.9426,7.1042]],[[-73.9441,7.1027],[-73.9445,7.1043],[-73.9431,7.1035],[-73.9441,7.1027]]]}},{"type":"Feature","properties":{"nombre":"Poza El Pipatón","tipo":"laguna"},"geometry":{"type":"Polygon","coordinates":[[[-73.7779,7.0892],[-73.777,7.0899],[-73.7778,7.0918],[-73.7787,7.0898],[-73.7779,7.0892]]]}},{"type":"Feature","properties":{"nombre":null,"tipo":"laguna"},"geometry":{"type":"Polygon","coordinates":[[[-73.7356,7.0462],[-73.7346,7.0466],[-73.7359,7.0491],[-73.7348,7.0529],[-73.7364,7.0544],[-73.7372,7.0478],[-73.7356,7.0462]]]}},{"type":"Feature","properties":{"nombre":"Ciénaga de Los Patos","tipo":"laguna"},"geometry":{"type":"Polygon","coordinates":[[[-73.8587,6.9525],[-73.8559,6.9533],[-73.8565,6.9548],[-73.8573,6.9537],[-73.8596,6.9543],[-73.8587,6.9525]]]}},{"type":"Feature","properties":{"nombre":null,"tipo":"laguna"},"geometry":{"type":"Polygon","coordinates":[[[-73.72,7.8007],[-73.7173,7.8035],[-73.7177,7.8045],[-73.7207,7.8022],[-73.72,7.8007]]]}},{"type":"Feature","properties":{"nombre":null,"tipo":"laguna"},"geometry":{"type":"Polygon","coordinates":[[[-73.4659,7.5595],[-73.4666,7.5588],[-73.4653,7.5565],[-73.462,7.5567],[-73.4653,7.5577],[-73.4659,7.5595]]]}},{"type":"Feature","properties":{"nombre":"Laguna de Galapagos","tipo":"laguna"},"geometry":{"type":"Polygon","coordinates":[[[-73.2392,7.382],[-73.2387,7.3833],[-73.2402,7.3855],[-73.24,7.3833],[-73.241,7.3832],[-73.2392,7.382]]]}},{"type":"Feature","properties":{"nombre":"Laguna Pozo Buenavista","tipo":"laguna"},"geometry":{"type":"Polygon","coordinates":[[[-72.9369,7.6325],[-72.939,7.6311],[-72.9365,7.6312],[-72.9369,7.6325]]]}},{"type":"Feature","properties":{"nombre":"Poza Chiqueros","tipo":"laguna"},"geometry":{"type":"Polygon","coordinates":[[[-73.8471,6.962],[-73.8513,6.9635],[-73.8522,6.9625],[-73.8515,6.9607],[-73.8476,6.9598],[-73.8459,6.9602],[-73.8471,6.962]]]}},{"type":"Feature","properties":{"nombre":"Poza El Limón ","tipo":"ciénaga"},"geometry":{"type":"Polygon","coordinates":[[[-73.9308,7.4679],[-73.9332,7.47],[-73.9369,7.468],[-73.9404,7.4692],[-73.941,7.4723],[-73.9388,7.4747],[-73.939,7.4764],[-73.9409,7.4734],[-73.9429,7.4744],[-73.9431,7.4718],[-73.9456,7.4701],[-73.9456,7.4687],[-73.95,7.4696],[-73.9512,7.4684],[-73.9492,7.4678],[-73.9469,7.4653],[-73.9457,7.4663],[-73.942,7.4645],[-73.9415,7.4629],[-73.9433,7.4631],[-73.9421,7.4612],[-73.9437,7.4608],[-73.9434,7.4597],[-73.9409,7.4579],[-73.9398,7.4582],[-73.9402,7.4572],[-73.9388,7.4558],[-73.9389,7.4582],[-73.9403,7.4593],[-73.9373,7.4597],[-73.9356,7.4662],[-73.9398,7.4682],[-73.9368,7.4677],[-73.9335,7.4697],[-73.9308,7.4679]]]}},{"type":"Feature","properties":{"nombre":"Ciénaga Manati Blanco","tipo":"ciénaga"},"geometry":{"type":"Polygon","coordinates":[[[-73.9122,7.2329],[-73.9131,7.2328],[-73.9133,7.2304],[-73.9143,7.2309],[-73.9134,7.2295],[-73.912,7.2297],[-73.9122,7.2329]]]}},{"type":"Feature","properties":{"nombre":"Ciénaga Corredor","tipo":"ciénaga"},"geometry":{"type":"Polygon","coordinates":[[[-73.8996,7.2804],[-73.903,7.2838],[-73.9014,7.2767],[-73.9002,7.2765],[-73.8999,7.2747],[-73.8983,7.2774],[-73.8973,7.2775],[-73.8969,7.2764],[-73.8957,7.2774],[-73.8959,7.275],[-73.893,7.2744],[-73.8945,7.2726],[-73.8934,7.2717],[-73.8915,7.2753],[-73.8919,7.282],[-73.8937,7.2809],[-73.8956,7.2824],[-73.8985,7.28],[-73.8996,7.2804]]]}},{"type":"Feature","properties":{"nombre":"Ciénaga Montecristo","tipo":"ciénaga"},"geometry":{"type":"Polygon","coordinates":[[[-73.898,7.3108],[-73.899,7.312],[-73.8976,7.3144],[-73.8981,7.3155],[-73.8989,7.3134],[-73.9027,7.3109],[-73.894,7.3059],[-73.8921,7.2981],[-73.8896,7.296],[-73.8909,7.3054],[-73.8924,7.3084],[-73.898,7.3108]]]}},{"type":"Feature","properties":{"nombre":"Ciénaga Yarirí","tipo":"ciénaga"},"geometry":{"type":"Polygon","coordinates":[[[-73.882,7.3482],[-73.8749,7.3518],[-73.8743,7.3531],[-73.8764,7.3543],[-73.8744,7.3553],[-73.8773,7.3543],[-73.8806,7.3558],[-73.8857,7.3625],[-73.8895,7.3645],[-73.8914,7.3643],[-73.8936,7.3595],[-73.8924,7.3555],[-73.8897,7.3512],[-73.8862,7.3501],[-73.8854,7.3484],[-73.8878,7.3426],[-73.8894,7.3412],[-73.8884,7.3408],[-73.8867,7.3426],[-73.8825,7.3431],[-73.8822,7.3446],[-73.8839,7.3442],[-73.8842,7.345],[-73.882,7.3482]]]}},{"type":"Feature","properties":{"nombre":"Ciénaga de Paredes","tipo":"ciénaga"},"geometry":{"type":"Polygon","coordinates":[[[-73.7685,7.4747],[-73.7719,7.4754],[-73.7736,7.4704],[-73.7759,7.4701],[-73.7751,7.4646],[-73.7759,7.4623],[-73.7746,7.4592],[-73.7716,7.4578],[-73.7721,7.452],[-73.7773,7.4519],[-73.7802,7.4556],[-73.7813,7.454],[-73.7847,7.454],[-73.785,7.4527],[-73.7832,7.4528],[-73.7857,7.4512],[-73.7837,7.4478],[-73.7924,7.4454],[-73.7928,7.4433],[-73.7958,7.4426],[-73.7976,7.4402],[-73.7978,7.4369],[-73.7947,7.4383],[-73.7927,7.4328],[-73.7938,7.4318],[-73.7913,7.4318],[-73.7919,7.4302],[-73.7946,7.4305],[-73.7919,7.4279],[-73.7894,7.4295],[-73.7853,7.427],[-73.7858,7.4243],[-73.7914,7.4237],[-73.7923,7.4221],[-73.7859,7.4179],[-73.7823,7.4181],[-73.7795,7.4228],[-73.7773,7.4243],[-73.7776,7.4255],[-73.7813,7.4272],[-73.7806,7.4305],[-73.7777,7.4318],[-73.7777,7.4343],[-73.7683,7.4338],[-73.7666,7.431],[-73.7655,7.4361],[-73.7682,7.4373],[-73.7681,7.4406],[-73.7675,7.4425],[-73.7649,7.4437],[-73.7651,7.4481],[-73.763,7.4499],[-73.758,7.4517],[-73.7556,7.4489],[-73.7543,7.4437],[-73.7508,7.4449],[-73.7492,7.4422],[-73.7478,7.4422],[-73.7456,7.4446],[-73.741,7.4446],[-73.7392,7.4468],[-73.7398,7.4511],[-73.7387,7.4564],[-73.7424,7.4553],[-73.7536,7.4562],[-73.7544,7.4586],[-73.7532,7.4635],[-73.7546,7.46],[-73.7592,7.4566],[-73.7637,7.4579],[-73.7673,7.457],[-73.7662,7.4588],[-73.7674,7.46],[-73.7734,7.4597],[-73.7748,7.4626],[-73.7749,7.4663],[-73.7746,7.4679],[-73.7732,7.4683],[-73.7747,7.4693],[-73.7693,7.4711],[-73.768,7.4738],[-73.7685,7.4747]],[[-73.7719,7.4733],[-73.7714,7.4744],[-73.7698,7.473],[-73.7703,7.4707],[-73.7729,7.471],[-73.7729,7.4727],[-73.771,7.472],[-73.7709,7.4734],[-73.7719,7.4733]]]}},{"type":"Feature","properties":{"nombre":"Ciénaga El Llanito","tipo":"ciénaga"},"geometry":{"type":"Polygon","coordinates":[[[-73.8497,7.1953],[-73.8506,7.1969],[-73.8498,7.1983],[-73.8517,7.1986],[-73.8567,7.1947],[-73.8565,7.1934],[-73.8643,7.1912],[-73.8704,7.1908],[-73.8715,7.1871],[-73.8732,7.1863],[-73.8758,7.1867],[-73.8758,7.188],[-73.8771,7.1881],[-73.8766,7.1833],[-73.8735,7.1818],[-73.8779,7.1824],[-73.8783,7.1812],[-73.8707,7.1765],[-73.8688,7.178],[-73.8651,7.1773],[-73.863,7.1798],[-73.8601,7.1806],[-73.861,7.1783],[-73.8618,7.1776],[-73.8627,7.1783],[-73.8648,7.1755],[-73.8754,7.1757],[-73.8794,7.1781],[-73.879,7.1802],[-73.8804,7.1812],[-73.8814,7.1796],[-73.883,7.18],[-73.8851,7.1782],[-73.8854,7.1758],[-73.884,7.1757],[-73.8828,7.1728],[-73.8776,7.173],[-73.8712,7.1709],[-73.8703,7.1646],[-73.8715,7.1571],[-73.8707,7.1547],[-73.867,7.1536],[-73.8681,7.1501],[-73.8674,7.1448],[-73.8653,7.1455],[-73.8677,7.1477],[-73.8669,7.1505],[-73.8659,7.1514],[-73.8646,7.15],[-73.8627,7.15],[-73.8562,7.1541],[-73.854,7.1539],[-73.855,7.1543],[-73.8547,7.1551],[-73.8517,7.1586],[-73.8504,7.1621],[-73.8491,7.1602],[-73.8481,7.1607],[-73.8513,7.1653],[-73.849,7.1677],[-73.8491,7.1692],[-73.8445,7.1652],[-73.8473,7.1687],[-73.8446,7.1683],[-73.8419,7.1716],[-73.8427,7.1758],[-73.8473,7.1784],[-73.8481,7.1925],[-73.8497,7.1953]]]}},{"type":"Feature","properties":{"nombre":"Ciénaga de Vija","tipo":"ciénaga"},"geometry":{"type":"Polygon","coordinates":[[[-73.9601,7.428],[-73.9592,7.4301],[-73.9574,7.4293],[-73.9601,7.4365],[-73.9587,7.4344],[-73.9585,7.4379],[-73.9522,7.4363],[-73.9526,7.4383],[-73.9515,7.4402],[-73.9496,7.4395],[-73.9502,7.4404],[-73.9486,7.4418],[-73.9517,7.4406],[-73.9531,7.4383],[-73.9525,7.4412],[-73.9533,7.4419],[-73.9533,7.4396],[-73.9559,7.4394],[-73.9568,7.4383],[-73.9584,7.4413],[-73.956,7.4417],[-73.9582,7.4423],[-73.9583,7.4433],[-73.9556,7.4428],[-73.9564,7.4442],[-73.9552,7.4444],[-73.9541,7.4427],[-73.953,7.4443],[-73.9527,7.4427],[-73.9511,7.4422],[-73.9507,7.444],[-73.9493,7.4435],[-73.9475,7.4453],[-73.949,7.4451],[-73.9498,7.4466],[-73.9499,7.445],[-73.952,7.4452],[-73.95,7.4494],[-73.9512,7.4505],[-73.951,7.4489],[-73.952,7.4496],[-73.9513,7.448],[-73.9538,7.4485],[-73.9537,7.4507],[-73.9556,7.449],[-73.9541,7.4534],[-73.9563,7.4523],[-73.9582,7.4487],[-73.9593,7.4508],[-73.958,7.4518],[-73.9599,7.4516],[-73.9606,7.4534],[-73.9621,7.4489],[-73.9605,7.4456],[-73.9609,7.4438],[-73.9618,7.4437],[-73.9635,7.4464],[-73.9651,7.446],[-73.9633,7.4414],[-73.9641,7.4391],[-73.9658,7.439],[-73.9648,7.4397],[-73.9655,7.4414],[-73.9644,7.4422],[-73.9662,7.4444],[-73.9665,7.4432],[-73.9675,7.4433],[-73.9662,7.4416],[-73.9675,7.4413],[-73.9666,7.4401],[-73.9685,7.4401],[-73.9679,7.4392],[-73.9733,7.441],[-73.972,7.4385],[-73.9683,7.4382],[-73.9694,7.4366],[-73.9689,7.4351],[-73.9668,7.4379],[-73.9655,7.4371],[-73.9672,7.4359],[-73.9664,7.435],[-73.9679,7.433],[-73.9678,7.4318],[-73.9665,7.433],[-73.9675,7.4298],[-73.9661,7.4318],[-73.9641,7.4305],[-73.9645,7.4335],[-73.9635,7.4322],[-73.9648,7.4347],[-73.9639,7.4358],[-73.9623,7.4307],[-73.9637,7.4287],[-73.9628,7.4277],[-73.9617,7.4293],[-73.9601,7.428]],[[-73.9562,7.4455],[-73.9575,7.4455],[-73.9574,7.4469],[-73.9546,7.4468],[-73.9545,7.4457],[-73.9562,7.4455]],[[-73.96,7.4407],[-73.9593,7.4395],[-73.9602,7.4396],[-73.9609,7.4378],[-73.9622,7.4381],[-73.9607,7.4413],[-73.96,7.4407]]]}},{"type":"Feature","properties":{"nombre":"Ciénaga Rabón","tipo":"ciénaga"},"geometry":{"type":"Polygon","coordinates":[[[-73.9322,7.3814],[-73.9333,7.3847],[-73.9349,7.3851],[-73.9358,7.3816],[-73.9334,7.3801],[-73.935,7.3787],[-73.9364,7.3738],[-73.9379,7.3727],[-73.9371,7.3686],[-73.9353,7.3755],[-73.9334,7.3789],[-73.932,7.3789],[-73.9322,7.3814]]]}},{"type":"Feature","properties":{"nombre":"Ciénaga Pajaral","tipo":"ciénaga"},"geometry":{"type":"Polygon","coordinates":[[[-73.9492,7.3841],[-73.9507,7.3848],[-73.9506,7.3863],[-73.952,7.3864],[-73.953,7.3818],[-73.9584,7.3845],[-73.961,7.3809],[-73.9624,7.3818],[-73.9634,7.3811],[-73.9636,7.3799],[-73.9603,7.3767],[-73.9604,7.3726],[-73.9624,7.3709],[-73.9615,7.3685],[-73.9594,7.3699],[-73.9586,7.3723],[-73.9496,7.3749],[-73.9466,7.3793],[-73.9451,7.3798],[-73.944,7.3833],[-73.9446,7.3849],[-73.9477,7.3862],[-73.9484,7.3853],[-73.9475,7.3839],[-73.9492,7.3841]]]}},{"type":"Feature","properties":{"nombre":"Ciénaga El Zuliba","tipo":"ciénaga"},"geometry":{"type":"Polygon","coordinates":[[[-73.9251,7.3971],[-73.9264,7.4009],[-73.9277,7.4013],[-73.9271,7.3982],[-73.9293,7.3971],[-73.9316,7.3975],[-73.9315,7.3952],[-73.933,7.3934],[-73.9322,7.3912],[-73.9304,7.391],[-73.9288,7.3926],[-73.9278,7.3918],[-73.9275,7.3947],[-73.9258,7.3961],[-73.926,7.3938],[-73.9246,7.3915],[-73.9232,7.3941],[-73.9217,7.3926],[-73.9213,7.3899],[-73.9184,7.3887],[-73.9185,7.3861],[-73.9198,7.386],[-73.9204,7.3839],[-73.9241,7.3844],[-73.9231,7.3819],[-73.9218,7.3822],[-73.9205,7.3803],[-73.9209,7.3789],[-73.9275,7.3775],[-73.9283,7.3799],[-73.9302,7.377],[-73.9204,7.3784],[-73.9171,7.3756],[-73.9166,7.3764],[-73.9197,7.3788],[-73.9177,7.3797],[-73.9167,7.3822],[-73.9173,7.3886],[-73.9205,7.3921],[-73.92,7.3931],[-73.9251,7.3971]]]}},{"type":"Feature","properties":{"nombre":"Ciénaga Cantagallo","tipo":"ciénaga"},"geometry":{"type":"Polygon","coordinates":[[[-73.9333,7.4027],[-73.9353,7.404],[-73.937,7.4035],[-73.936,7.4004],[-73.9348,7.4025],[-73.9349,7.3954],[-73.9372,7.3945],[-73.937,7.3934],[-73.9389,7.392],[-73.937,7.3926],[-73.9375,7.3907],[-73.9339,7.3896],[-73.9328,7.3918],[-73.9344,7.3939],[-73.9321,7.3956],[-73.9334,7.3983],[-73.9333,7.4027]]]}},{"type":"Feature","properties":{"nombre":"Ciénaga Canaletal","tipo":"ciénaga"},"geometry":{"type":"Polygon","coordinates":[[[-73.9078,7.5493],[-73.91,7.5497],[-73.9104,7.5478],[-73.9147,7.5472],[-73.916,7.5449],[-73.9226,7.5444],[-73.925,7.5419],[-73.9247,7.5402],[-73.9264,7.5396],[-73.9265,7.5369],[-73.9303,7.5338],[-73.9289,7.5283],[-73.9312,7.5268],[-73.9304,7.5228],[-73.932,7.5194],[-73.9319,7.508],[-73.9338,7.5023],[-73.9303,7.4983],[-73.9276,7.4968],[-73.9284,7.4943],[-73.9274,7.4932],[-73.9243,7.4945],[-73.925,7.496],[-73.9237,7.4994],[-73.9205,7.4999],[-73.9177,7.5024],[-73.9073,7.5252],[-73.9081,7.5286],[-73.9066,7.5283],[-73.9047,7.5315],[-73.9066,7.5343],[-73.9032,7.5353],[-73.9014,7.5415],[-73.8999,7.5428],[-73.9003,7.5463],[-73.9037,7.5453],[-73.9024,7.5492],[-73.9078,7.5493]]]}},{"type":"Feature","properties":{"nombre":"Ciénaga San Luis","tipo":"ciénaga"},"geometry":{"type":"Polygon","coordinates":[[[-73.8976,7.8352],[-73.8968,7.8341],[-73.8982,7.8336],[-73.8949,7.8315],[-73.8928,7.8346],[-73.8932,7.8364],[-73.8949,7.8351],[-73.8971,7.836],[-73.8976,7.8352]]]}},{"type":"Feature","properties":{"nombre":"Ciénaga El Potrero","tipo":"ciénaga"},"geometry":{"type":"Polygon","coordinates":[[[-73.8892,7.8185],[-73.8897,7.8175],[-73.8935,7.817],[-73.9005,7.8186],[-73.8993,7.817],[-73.8977,7.817],[-73.8966,7.8137],[-73.8939,7.8141],[-73.8888,7.8113],[-73.886,7.814],[-73.8859,7.8177],[-73.8878,7.8192],[-73.8871,7.821],[-73.8843,7.8224],[-73.8872,7.8215],[-73.8892,7.8185]]]}},{"type":"Feature","properties":{"nombre":"Ciénaga San Antonio","tipo":"ciénaga"},"geometry":{"type":"Polygon","coordinates":[[[-73.8883,7.8056],[-73.8877,7.8093],[-73.8897,7.8081],[-73.891,7.8086],[-73.8915,7.807],[-73.893,7.8079],[-73.8935,7.8067],[-73.8948,7.8084],[-73.8961,7.8048],[-73.8989,7.8057],[-73.9002,7.8073],[-73.9068,7.8066],[-73.9012,7.8053],[-73.9027,7.8038],[-73.9016,7.8022],[-73.9034,7.7978],[-73.9059,7.7988],[-73.9062,7.8],[-73.9074,7.7988],[-73.9051,7.7976],[-73.9053,7.7963],[-73.9071,7.7968],[-73.9087,7.7957],[-73.91,7.7967],[-73.9102,7.7954],[-73.9075,7.7939],[-73.9066,7.7916],[-73.9054,7.7915],[-73.9011,7.7966],[-73.8994,7.7957],[-73.8969,7.8018],[-73.8942,7.8013],[-73.8948,7.8053],[-73.8931,7.8051],[-73.8926,7.8031],[-73.8901,7.8044],[-73.8897,7.8028],[-73.8876,7.8031],[-73.8873,7.805],[-73.8883,7.8056]]]}},{"type":"Feature","properties":{"nombre":"Pozo El Socorro","tipo":"ciénaga"},"geometry":{"type":"Polygon","coordinates":[[[-73.858,7.8135],[-73.8593,7.8142],[-73.8624,7.8132],[-73.8631,7.8118],[-73.8651,7.8125],[-73.8657,7.8115],[-73.8603,7.8091],[-73.8521,7.8092],[-73.8516,7.8111],[-73.8524,7.8124],[-73.8569,7.8125],[-73.858,7.8135]]]}},{"type":"Feature","properties":{"nombre":"Ciénaga El Piñal","tipo":"ciénaga"},"geometry":{"type":"Polygon","coordinates":[[[-73.8874,7.791],[-73.8885,7.794],[-73.8906,7.791],[-73.8939,7.7905],[-73.8921,7.7896],[-73.893,7.7883],[-73.8957,7.7878],[-73.8931,7.7871],[-73.8938,7.783],[-73.8962,7.7824],[-73.8988,7.785],[-73.8983,7.7827],[-73.8994,7.7821],[-73.898,7.7806],[-73.8982,7.7778],[-73.8961,7.7796],[-73.8946,7.7791],[-73.8956,7.7779],[-73.8951,7.777],[-73.894,7.7774],[-73.8941,7.7764],[-73.8918,7.7776],[-73.8916,7.7745],[-73.8892,7.7758],[-73.8892,7.7804],[-73.8871,7.7805],[-73.8875,7.7813],[-73.8842,7.7855],[-73.8865,7.7879],[-73.8874,7.791]]]}},{"type":"Feature","properties":{"nombre":"Ciénaga El Popal","tipo":"ciénaga"},"geometry":{"type":"Polygon","coordinates":[[[-73.8741,7.7522],[-73.8732,7.752],[-73.8753,7.7495],[-73.8744,7.749],[-73.8771,7.7467],[-73.8766,7.7453],[-73.8785,7.7448],[-73.8768,7.7421],[-73.876,7.7422],[-73.8762,7.7438],[-73.8741,7.7478],[-73.8707,7.7489],[-73.8698,7.7518],[-73.8681,7.753],[-73.8677,7.7537],[-73.8701,7.7566],[-73.8675,7.7576],[-73.8673,7.7592],[-73.8722,7.7619],[-73.8726,7.7647],[-73.8748,7.7663],[-73.8792,7.7669],[-73.8808,7.7685],[-73.8856,7.7701],[-73.89,7.767],[-73.8888,7.7659],[-73.8908,7.7644],[-73.8916,7.7664],[-73.8907,7.7668],[-73.894,7.7657],[-73.8959,7.7667],[-73.8956,7.7684],[-73.8962,7.7667],[-73.8988,7.7653],[-73.8984,7.7635],[-73.8998,7.7626],[-73.8981,7.7631],[-73.8974,7.7621],[-73.9027,7.7586],[-73.9046,7.7592],[-73.9037,7.7617],[-73.9062,7.7626],[-73.9067,7.7595],[-73.9124,7.7531],[-73.9101,7.7505],[-73.9133,7.7462],[-73.9116,7.7456],[-73.9107,7.7473],[-73.9073,7.7484],[-73.9077,7.7493],[-73.9048,7.7522],[-73.905,7.7532],[-73.9023,7.7536],[-73.9017,7.7511],[-73.8992,7.751],[-73.898,7.7542],[-73.898,7.7524],[-73.8971,7.7523],[-73.8965,7.7572],[-73.8904,7.7609],[-73.8894,7.7609],[-73.8872,7.7565],[-73.8865,7.76],[-73.8843,7.7615],[-73.8849,7.7628],[-73.8817,7.7618],[-73.882,7.7608],[-73.8795,7.7641],[-73.8804,7.7597],[-73.8797,7.7587],[-73.8827,7.7584],[-73.8808,7.757],[-73.8825,7.7553],[-73.8814,7.7534],[-73.8821,7.7522],[-73.8804,7.7515],[-73.8806,7.7487],[-73.8787,7.7515],[-73.8799,7.7489],[-73.8785,7.7476],[-73.8794,7.7469],[-73.8786,7.7454],[-73.8755,7.7504],[-73.8769,7.7525],[-73.8741,7.7522]]]}},{"type":"Feature","properties":{"nombre":null,"tipo":"ciénaga"},"geometry":{"type":"Polygon","coordinates":[[[-73.8442,7.7773],[-73.8504,7.7771],[-73.8524,7.7735],[-73.8479,7.7665],[-73.8445,7.7637],[-73.8436,7.7661],[-73.8459,7.7658],[-73.8471,7.7707],[-73.8497,7.773],[-73.8494,7.7755],[-73.8453,7.7743],[-73.8456,7.7763],[-73.8442,7.7773]]]}},{"type":"Feature","properties":{"nombre":"Ciénaga de Las Pavas","tipo":"ciénaga"},"geometry":{"type":"Polygon","coordinates":[[[-73.8522,7.6802],[-73.8527,7.6813],[-73.854,7.68],[-73.8556,7.6807],[-73.8564,7.679],[-73.8534,7.6778],[-73.8569,7.6749],[-73.8567,7.6727],[-73.855,7.6725],[-73.8553,7.6702],[-73.863,7.6628],[-73.8603,7.6635],[-73.8605,7.6562],[-73.8569,7.6495],[-73.8588,7.6467],[-73.8594,7.6481],[-73.8626,7.6467],[-73.8614,7.6449],[-73.8593,7.645],[-73.8608,7.6387],[-73.8574,7.6369],[-73.8567,7.6383],[-73.8574,7.6409],[-73.8558,7.6435],[-73.8577,7.6454],[-73.8561,7.6494],[-73.858,7.6512],[-73.8587,7.6563],[-73.8546,7.6616],[-73.8534,7.6588],[-73.8522,7.6589],[-73.8525,7.6617],[-73.8497,7.6633],[-73.8494,7.6659],[-73.846,7.6698],[-73.8476,7.6723],[-73.8456,7.6739],[-73.8467,7.6751],[-73.8495,7.6726],[-73.8508,7.6652],[-73.8525,7.6637],[-73.8519,7.6657],[-73.8546,7.6693],[-73.8514,7.6715],[-73.8532,7.6746],[-73.8522,7.6802]]]}},{"type":"Feature","properties":{"nombre":null,"tipo":"ciénaga"},"geometry":{"type":"Polygon","coordinates":[[[-73.8467,7.6814],[-73.8455,7.6874],[-73.8475,7.6881],[-73.8486,7.6838],[-73.8481,7.6808],[-73.8493,7.6797],[-73.8482,7.6778],[-73.8468,7.6792],[-73.8467,7.6814]]]}},{"type":"Feature","properties":{"nombre":"Ciénaga Cimiticito","tipo":"ciénaga"},"geometry":{"type":"Polygon","coordinates":[[[-73.8856,7.554],[-73.8863,7.5549],[-73.8872,7.5531],[-73.8857,7.5525],[-73.8863,7.5504],[-73.885,7.5516],[-73.8846,7.55],[-73.8834,7.5515],[-73.8797,7.5498],[-73.8781,7.5509],[-73.8758,7.5506],[-73.8759,7.5487],[-73.8746,7.5495],[-73.8745,7.5511],[-73.8756,7.551],[-73.8764,7.5528],[-73.8793,7.5527],[-73.8805,7.5543],[-73.883,7.553],[-73.8856,7.554]]]}},{"type":"Feature","properties":{"nombre":null,"tipo":"ciénaga"},"geometry":{"type":"Polygon","coordinates":[[[-73.8762,7.5571],[-73.8803,7.5585],[-73.8833,7.5553],[-73.8781,7.5563],[-73.877,7.5546],[-73.8758,7.5556],[-73.8762,7.5571]]]}},{"type":"Feature","properties":{"nombre":"Ciénaga Totó","tipo":"ciénaga"},"geometry":{"type":"Polygon","coordinates":[[[-73.8689,7.5827],[-73.8688,7.5843],[-73.8727,7.5841],[-73.8689,7.5827]]]}},{"type":"Feature","properties":{"nombre":"Ciénaga Totó","tipo":"ciénaga"},"geometry":{"type":"Polygon","coordinates":[[[-73.8664,7.5873],[-73.8701,7.5893],[-73.8711,7.5888],[-73.8707,7.5861],[-73.8685,7.587],[-73.8665,7.5863],[-73.8664,7.5873]]]}},{"type":"Feature","properties":{"nombre":null,"tipo":"ciénaga"},"geometry":{"type":"Polygon","coordinates":[[[-73.864,7.725],[-73.8689,7.7282],[-73.8706,7.7246],[-73.8703,7.7228],[-73.8694,7.7225],[-73.8675,7.7249],[-73.8669,7.7243],[-73.869,7.7228],[-73.8692,7.72],[-73.8675,7.7191],[-73.8651,7.7199],[-73.8635,7.7216],[-73.864,7.725]]]}},{"type":"Feature","properties":{"nombre":null,"tipo":"ciénaga"},"geometry":{"type":"Polygon","coordinates":[[[-73.7372,7.816],[-73.737,7.8177],[-73.7337,7.8191],[-73.7329,7.8208],[-73.7348,7.8218],[-73.7357,7.8255],[-73.7404,7.8239],[-73.7415,7.821],[-73.74,7.8192],[-73.741,7.8146],[-73.7399,7.8136],[-73.7345,7.8141],[-73.7343,7.8149],[-73.7372,7.816]]]}},{"type":"Feature","properties":{"nombre":null,"tipo":"ciénaga"},"geometry":{"type":"Polygon","coordinates":[[[-73.7178,7.8356],[-73.7193,7.8396],[-73.7199,7.8372],[-73.7225,7.8347],[-73.7193,7.8345],[-73.7201,7.8325],[-73.7302,7.8277],[-73.7314,7.828],[-73.7317,7.8307],[-73.733,7.8306],[-73.7317,7.826],[-73.7336,7.8264],[-73.7339,7.8251],[-73.7304,7.8218],[-73.7282,7.8221],[-73.7244,7.8294],[-73.7216,7.8293],[-73.7216,7.8309],[-73.7201,7.8315],[-73.718,7.8309],[-73.7178,7.8356]]]}},{"type":"Feature","properties":{"nombre":"Ciénaga La Consulta","tipo":"ciénaga"},"geometry":{"type":"Polygon","coordinates":[[[-73.7477,7.7894],[-73.7492,7.7902],[-73.7526,7.7882],[-73.752,7.7836],[-73.7495,7.7811],[-73.7468,7.7821],[-73.7459,7.7853],[-73.7445,7.7856],[-73.7457,7.7895],[-73.7477,7.7894]]]}},{"type":"Feature","properties":{"nombre":null,"tipo":"ciénaga"},"geometry":{"type":"Polygon","coordinates":[[[-73.7229,7.7871],[-73.7217,7.7885],[-73.7222,7.7898],[-73.7249,7.7889],[-73.7244,7.7867],[-73.7277,7.7888],[-73.7297,7.7839],[-73.7296,7.7796],[-73.7267,7.7789],[-73.7237,7.7798],[-73.7229,7.7871]]]}},{"type":"Feature","properties":{"nombre":null,"tipo":"ciénaga"},"geometry":{"type":"Polygon","coordinates":[[[-73.729,7.7902],[-73.7282,7.7915],[-73.7289,7.7942],[-73.7314,7.7944],[-73.7325,7.7924],[-73.732,7.7912],[-73.729,7.7902]]]}},{"type":"Feature","properties":{"nombre":"Ciénaga El Jobo","tipo":"ciénaga"},"geometry":{"type":"Polygon","coordinates":[[[-73.7598,7.7099],[-73.7605,7.7112],[-73.7625,7.7091],[-73.7647,7.7086],[-73.7668,7.7036],[-73.7669,7.7003],[-73.7683,7.6989],[-73.7746,7.6965],[-73.7796,7.6835],[-73.776,7.6821],[-73.7687,7.6889],[-73.7685,7.6945],[-73.7654,7.6975],[-73.764,7.7037],[-73.7618,7.7055],[-73.7598,7.7099]]]}},{"type":"Feature","properties":{"nombre":null,"tipo":"ciénaga"},"geometry":{"type":"Polygon","coordinates":[[[-73.7689,7.7175],[-73.7729,7.7169],[-73.7719,7.7152],[-73.7722,7.7113],[-73.7684,7.7164],[-73.7689,7.7175]]]}},{"type":"Feature","properties":{"nombre":null,"tipo":"ciénaga"},"geometry":{"type":"Polygon","coordinates":[[[-73.7729,7.7208],[-73.7736,7.7234],[-73.7759,7.7246],[-73.7758,7.7224],[-73.7731,7.719],[-73.7716,7.719],[-73.7695,7.7219],[-73.7709,7.7223],[-73.7729,7.7208]]]}},{"type":"Feature","properties":{"nombre":"Ciénaga El Paraiso","tipo":"ciénaga"},"geometry":{"type":"Polygon","coordinates":[[[-73.6288,7.6648],[-73.6305,7.6665],[-73.6334,7.6666],[-73.6359,7.6634],[-73.6328,7.6642],[-73.6311,7.661],[-73.6284,7.6593],[-73.6278,7.6622],[-73.6288,7.6648]]]}},{"type":"Feature","properties":{"nombre":"Ciénaga El Taguí","tipo":"ciénaga"},"geometry":{"type":"Polygon","coordinates":[[[-73.644,7.6354],[-73.6446,7.6425],[-73.6486,7.6431],[-73.6497,7.6412],[-73.6463,7.6397],[-73.645,7.6357],[-73.644,7.6354]]]}},{"type":"Feature","properties":{"nombre":"Ciénaga La Esperanza","tipo":"ciénaga"},"geometry":{"type":"Polygon","coordinates":[[[-73.6291,7.6428],[-73.6318,7.6438],[-73.6332,7.6424],[-73.6384,7.642],[-73.6364,7.6402],[-73.6349,7.6415],[-73.6291,7.6428]]]}},{"type":"Feature","properties":{"nombre":null,"tipo":"ciénaga"},"geometry":{"type":"Polygon","coordinates":[[[-73.6295,7.8356],[-73.6309,7.8368],[-73.6307,7.8384],[-73.6319,7.8385],[-73.634,7.8341],[-73.6363,7.8322],[-73.6356,7.83],[-73.635,7.8313],[-73.6336,7.8299],[-73.6343,7.8285],[-73.6321,7.8311],[-73.6312,7.8293],[-73.6306,7.8297],[-73.6315,7.8327],[-73.6326,7.8324],[-73.6332,7.8335],[-73.632,7.8351],[-73.6295,7.8356]]]}},{"type":"Feature","properties":{"nombre":null,"tipo":"ciénaga"},"geometry":{"type":"Polygon","coordinates":[[[-73.6373,7.8234],[-73.6392,7.8233],[-73.6386,7.822],[-73.6401,7.8198],[-73.6369,7.8181],[-73.6367,7.8199],[-73.635,7.8195],[-73.6337,7.8227],[-73.6373,7.8234]]]}},{"type":"Feature","properties":{"nombre":null,"tipo":"ciénaga"},"geometry":{"type":"Polygon","coordinates":[[[-73.6163,7.8229],[-73.6207,7.8224],[-73.6207,7.8185],[-73.6181,7.8184],[-73.6161,7.8195],[-73.6153,7.8207],[-73.6163,7.8229]]]}},{"type":"Feature","properties":{"nombre":null,"tipo":"ciénaga"},"geometry":{"type":"Polygon","coordinates":[[[-73.7451,7.6635],[-73.746,7.6632],[-73.7459,7.6609],[-73.7427,7.6598],[-73.743,7.6629],[-73.7451,7.6635]]]}},{"type":"Feature","properties":{"nombre":null,"tipo":"ciénaga"},"geometry":{"type":"Polygon","coordinates":[[[-73.8775,7.8291],[-73.8782,7.832],[-73.8766,7.8367],[-73.8776,7.8437],[-73.8797,7.8448],[-73.884,7.8438],[-73.8873,7.8395],[-73.8872,7.8369],[-73.8819,7.8308],[-73.8765,7.8182],[-73.8659,7.8201],[-73.8623,7.8164],[-73.8594,7.8166],[-73.8566,7.8182],[-73.8566,7.8209],[-73.8543,7.8188],[-73.8551,7.8174],[-73.8525,7.8193],[-73.8496,7.817],[-73.8499,7.816],[-73.8492,7.8166],[-73.8509,7.8195],[-73.8563,7.8218],[-73.8592,7.8262],[-73.8608,7.8254],[-73.861,7.8346],[-73.8628,7.8373],[-73.8647,7.8368],[-73.8657,7.8321],[-73.8719,7.833],[-73.8723,7.8347],[-73.8713,7.8356],[-73.8682,7.8344],[-73.8668,7.8355],[-73.8675,7.8372],[-73.8721,7.8374],[-73.8707,7.8419],[-73.872,7.8423],[-73.8745,7.8399],[-73.874,7.8322],[-73.8763,7.8289],[-73.8775,7.8291]]]}},{"type":"Feature","properties":{"nombre":null,"tipo":"ciénaga"},"geometry":{"type":"Polygon","coordinates":[[[-73.8665,7.799],[-73.8673,7.7992],[-73.8681,7.7962],[-73.8699,7.7954],[-73.8683,7.7941],[-73.8657,7.7955],[-73.8664,7.7966],[-73.8638,7.7971],[-73.8628,7.7951],[-73.8644,7.7946],[-73.8654,7.7928],[-73.8594,7.7855],[-73.8584,7.7867],[-73.8588,7.7934],[-73.856,7.7945],[-73.8617,7.7946],[-73.8592,7.7964],[-73.8629,7.7977],[-73.8612,7.7985],[-73.8617,7.7997],[-73.8665,7.799]]]}},{"type":"Feature","properties":{"nombre":"Cienaga Los Ruchos","tipo":"ciénaga"},"geometry":{"type":"Polygon","coordinates":[[[-73.7049,7.8271],[-73.7077,7.8238],[-73.7037,7.8219],[-73.7019,7.8232],[-73.7044,7.8241],[-73.7049,7.8271]]]}},{"type":"Feature","properties":{"nombre":"Ciénaga El Higo Amarillo","tipo":"ciénaga"},"geometry":{"type":"Polygon","coordinates":[[[-73.7713,7.6697],[-73.7681,7.676],[-73.7694,7.6761],[-73.7738,7.6728],[-73.7771,7.6695],[-73.7785,7.6663],[-73.7824,7.6669],[-73.7832,7.6655],[-73.7822,7.6623],[-73.7839,7.6613],[-73.7819,7.6579],[-73.7813,7.6495],[-73.7831,7.647],[-73.783,7.6439],[-73.7808,7.6439],[-73.7801,7.6423],[-73.775,7.641],[-73.773,7.6422],[-73.7732,7.6478],[-73.772,7.6477],[-73.7718,7.6441],[-73.7696,7.6415],[-73.7637,7.6444],[-73.7665,7.6487],[-73.7669,7.6534],[-73.7584,7.6617],[-73.758,7.6646],[-73.7611,7.6644],[-73.7617,7.6652],[-73.7617,7.6676],[-73.7601,7.6686],[-73.7713,7.6697]]]}},{"type":"Feature","properties":{"nombre":null,"tipo":"ciénaga"},"geometry":{"type":"Polygon","coordinates":[[[-73.8808,7.7737],[-73.8783,7.7738],[-73.8785,7.7758],[-73.8815,7.7787],[-73.8827,7.7782],[-73.8828,7.776],[-73.8823,7.773],[-73.8808,7.7737]]]}},{"type":"Feature","properties":{"nombre":null,"tipo":"ciénaga"},"geometry":{"type":"Polygon","coordinates":[[[-73.8126,7.5671],[-73.8124,7.5714],[-73.8139,7.5719],[-73.8137,7.5669],[-73.8146,7.5673],[-73.8149,7.5665],[-73.8134,7.5628],[-73.8114,7.5638],[-73.8126,7.5671]]]}},{"type":"Feature","properties":{"nombre":null,"tipo":"ciénaga"},"geometry":{"type":"Polygon","coordinates":[[[-73.6972,7.81],[-73.6978,7.8113],[-73.6998,7.8081],[-73.699,7.8064],[-73.6963,7.8055],[-73.6974,7.8073],[-73.6959,7.8077],[-73.6954,7.8048],[-73.6966,7.8034],[-73.6953,7.8025],[-73.6951,7.8044],[-73.6922,7.8048],[-73.6921,7.8089],[-73.6953,7.8088],[-73.6972,7.81]]]}},{"type":"Feature","properties":{"nombre":null,"tipo":"ciénaga"},"geometry":{"type":"Polygon","coordinates":[[[-73.6883,7.8054],[-73.6902,7.8067],[-73.6901,7.803],[-73.6922,7.8016],[-73.6916,7.8004],[-73.688,7.8045],[-73.6883,7.8054]]]}},{"type":"Feature","properties":{"nombre":null,"tipo":"ciénaga"},"geometry":{"type":"Polygon","coordinates":[[[-73.656,7.8112],[-73.6589,7.8146],[-73.6625,7.8154],[-73.6642,7.8144],[-73.6635,7.8127],[-73.6609,7.8118],[-73.6606,7.81],[-73.6603,7.811],[-73.656,7.8112]]]}},{"type":"Feature","properties":{"nombre":null,"tipo":"ciénaga"},"geometry":{"type":"Polygon","coordinates":[[[-73.6458,7.796],[-73.6467,7.7984],[-73.6462,7.801],[-73.6525,7.8048],[-73.653,7.8097],[-73.6559,7.8103],[-73.6579,7.8061],[-73.6568,7.7998],[-73.6539,7.7964],[-73.6488,7.7952],[-73.6483,7.7942],[-73.6452,7.7937],[-73.6444,7.7943],[-73.6458,7.796]]]}},{"type":"Feature","properties":{"nombre":"Ciénaga El Suan","tipo":"ciénaga"},"geometry":{"type":"Polygon","coordinates":[[[-73.7697,7.6377],[-73.7817,7.6376],[-73.7823,7.6357],[-73.7762,7.6284],[-73.7712,7.6268],[-73.7697,7.6276],[-73.7689,7.631],[-73.7673,7.6318],[-73.7658,7.6346],[-73.7669,7.6365],[-73.7697,7.6377]]]}},{"type":"Feature","properties":{"nombre":null,"tipo":"ciénaga"},"geometry":{"type":"Polygon","coordinates":[[[-73.7602,7.6253],[-73.7635,7.6272],[-73.7649,7.625],[-73.7615,7.6248],[-73.7611,7.6233],[-73.7619,7.6226],[-73.7602,7.6216],[-73.7593,7.6229],[-73.7602,7.6253]]]}},{"type":"Feature","properties":{"nombre":"Ciénaga Ron Blanco","tipo":"ciénaga"},"geometry":{"type":"Polygon","coordinates":[[[-73.7638,7.6066],[-73.7642,7.6144],[-73.761,7.6208],[-73.7666,7.6255],[-73.7719,7.6226],[-73.7714,7.6177],[-73.7687,7.6087],[-73.7664,7.6061],[-73.7638,7.6066]]]}},{"type":"Feature","properties":{"nombre":"Ciénaga Las Lajas","tipo":"ciénaga"},"geometry":{"type":"Polygon","coordinates":[[[-73.782,7.611],[-73.7838,7.61],[-73.7773,7.6035],[-73.7778,7.6064],[-73.782,7.611]]]}},{"type":"Feature","properties":{"nombre":"Ciénaga Pariri","tipo":"ciénaga"},"geometry":{"type":"Polygon","coordinates":[[[-73.7639,7.5053],[-73.7678,7.5045],[-73.7668,7.5029],[-73.7646,7.5025],[-73.7639,7.5053]]]}},{"type":"Feature","properties":{"nombre":null,"tipo":"ciénaga"},"geometry":{"type":"Polygon","coordinates":[[[-73.6892,7.7546],[-73.6891,7.756],[-73.6858,7.7584],[-73.6858,7.7618],[-73.688,7.762],[-73.6898,7.7603],[-73.6907,7.7559],[-73.6899,7.7542],[-73.6892,7.7546]]]}},{"type":"Feature","properties":{"nombre":null,"tipo":"ciénaga"},"geometry":{"type":"Polygon","coordinates":[[[-73.6825,7.758],[-73.6823,7.7591],[-73.685,7.76],[-73.6871,7.7548],[-73.6839,7.7533],[-73.683,7.7548],[-73.684,7.7572],[-73.6825,7.758]]]}},{"type":"Feature","properties":{"nombre":null,"tipo":"ciénaga"},"geometry":{"type":"Polygon","coordinates":[[[-73.8102,7.6678],[-73.8131,7.6718],[-73.8177,7.6694],[-73.8163,7.6661],[-73.8149,7.6671],[-73.811,7.6669],[-73.8102,7.6678]]]}},{"type":"Feature","properties":{"nombre":null,"tipo":"ciénaga"},"geometry":{"type":"Polygon","coordinates":[[[-73.6747,7.8373],[-73.6739,7.8391],[-73.6716,7.8398],[-73.6739,7.8429],[-73.6738,7.8445],[-73.676,7.8441],[-73.677,7.8428],[-73.6759,7.8479],[-73.6769,7.8491],[-73.6795,7.8456],[-73.6798,7.839],[-73.682,7.8393],[-73.6838,7.8365],[-73.682,7.8269],[-73.6826,7.8223],[-73.6815,7.8222],[-73.681,7.8206],[-73.6802,7.8207],[-73.6799,7.8242],[-73.679,7.8243],[-73.6804,7.8304],[-73.6783,7.8321],[-73.6785,7.8303],[-73.6756,7.8284],[-73.6732,7.8283],[-73.6705,7.829],[-73.67,7.8303],[-73.6726,7.8343],[-73.6751,7.835],[-73.6724,7.8361],[-73.6747,7.8373]]]}},{"type":"Feature","properties":{"nombre":null,"tipo":"ciénaga"},"geometry":{"type":"Polygon","coordinates":[[[-73.6567,7.8159],[-73.6553,7.8191],[-73.6532,7.8151],[-73.6514,7.815],[-73.6502,7.8162],[-73.6521,7.8197],[-73.656,7.8214],[-73.6574,7.8242],[-73.6604,7.8241],[-73.6601,7.8222],[-73.6625,7.8223],[-73.6631,7.8211],[-73.6601,7.8201],[-73.6642,7.8181],[-73.6645,7.8165],[-73.6623,7.8172],[-73.6587,7.8149],[-73.6565,7.8151],[-73.6567,7.8159]]]}},{"type":"Feature","properties":{"nombre":null,"tipo":"ciénaga"},"geometry":{"type":"Polygon","coordinates":[[[-73.659,7.8359],[-73.6569,7.8386],[-73.6591,7.8379],[-73.661,7.84],[-73.665,7.8333],[-73.6642,7.8319],[-73.662,7.8315],[-73.659,7.8359]]]}},{"type":"Feature","properties":{"nombre":null,"tipo":"ciénaga"},"geometry":{"type":"Polygon","coordinates":[[[-73.6866,7.8172],[-73.688,7.8189],[-73.6897,7.8186],[-73.6909,7.8162],[-73.6931,7.8172],[-73.6913,7.8148],[-73.692,7.8123],[-73.6903,7.8119],[-73.6902,7.8096],[-73.6879,7.8082],[-73.6859,7.8082],[-73.6829,7.8107],[-73.6836,7.8153],[-73.6866,7.8172]]]}},{"type":"Feature","properties":{"nombre":null,"tipo":"ciénaga"},"geometry":{"type":"Polygon","coordinates":[[[-73.8752,7.7916],[-73.8763,7.793],[-73.8786,7.7915],[-73.8808,7.7924],[-73.8793,7.7895],[-73.8759,7.7878],[-73.8752,7.7916]]]}},{"type":"Feature","properties":{"nombre":null,"tipo":"ciénaga"},"geometry":{"type":"Polygon","coordinates":[[[-73.8672,7.7901],[-73.8692,7.7899],[-73.8691,7.7876],[-73.8684,7.7891],[-73.8664,7.7872],[-73.8641,7.7883],[-73.8672,7.7901]]]}},{"type":"Feature","properties":{"nombre":null,"tipo":"ciénaga"},"geometry":{"type":"Polygon","coordinates":[[[-73.6778,7.8242],[-73.6783,7.8218],[-73.6771,7.8193],[-73.6794,7.8176],[-73.6822,7.818],[-73.683,7.82],[-73.6816,7.8213],[-73.6854,7.8213],[-73.6813,7.813],[-73.6737,7.8139],[-73.6719,7.8155],[-73.6704,7.8194],[-73.6723,7.8218],[-73.6742,7.8203],[-73.6759,7.8205],[-73.6749,7.8218],[-73.6778,7.8242]]]}},{"type":"Feature","properties":{"nombre":null,"tipo":"ciénaga"},"geometry":{"type":"Polygon","coordinates":[[[-73.739,7.769],[-73.7362,7.7697],[-73.7343,7.773],[-73.7366,7.7746],[-73.7376,7.7741],[-73.7407,7.77],[-73.739,7.769]]]}},{"type":"Feature","properties":{"nombre":"Ciénaga de Colorado","tipo":"ciénaga"},"geometry":{"type":"Polygon","coordinates":[[[-73.7979,7.5275],[-73.7997,7.53],[-73.8009,7.5378],[-73.8024,7.5398],[-73.8081,7.5431],[-73.8114,7.5473],[-73.8112,7.5548],[-73.8206,7.5582],[-73.8234,7.5638],[-73.8248,7.5635],[-73.8252,7.5561],[-73.8281,7.5512],[-73.8292,7.5416],[-73.8323,7.5344],[-73.8322,7.5309],[-73.8342,7.528],[-73.8341,7.5247],[-73.8328,7.5232],[-73.8363,7.5206],[-73.8364,7.5189],[-73.8322,7.5187],[-73.8324,7.5138],[-73.8272,7.5126],[-73.8241,7.5203],[-73.8198,7.5249],[-73.817,7.5253],[-73.8103,7.5232],[-73.8047,7.5239],[-73.8004,7.5217],[-73.7979,7.523],[-73.7979,7.5275]]]}},{"type":"Feature","properties":{"nombre":"Ciénaga Brava","tipo":"ciénaga"},"geometry":{"type":"Polygon","coordinates":[[[-73.9217,7.8789],[-73.9243,7.8797],[-73.9247,7.8776],[-73.9219,7.8759],[-73.9237,7.8757],[-73.9241,7.8746],[-73.9256,7.8765],[-73.9277,7.876],[-73.9291,7.8732],[-73.9274,7.8724],[-73.93,7.8713],[-73.9299,7.8688],[-73.9289,7.8685],[-73.9281,7.8699],[-73.9258,7.8671],[-73.9264,7.8661],[-73.9253,7.8638],[-73.928,7.8658],[-73.9293,7.8648],[-73.9307,7.8669],[-73.934,7.8623],[-73.9306,7.8625],[-73.9293,7.8575],[-73.9269,7.8574],[-73.9276,7.8554],[-73.9297,7.8549],[-73.9297,7.8533],[-73.932,7.8534],[-73.9294,7.8513],[-73.93,7.8498],[-73.9263,7.853],[-73.9231,7.8522],[-73.9232,7.8482],[-73.921,7.8466],[-73.923,7.8433],[-73.9212,7.8441],[-73.9201,7.8424],[-73.9201,7.8404],[-73.9218,7.8381],[-73.9212,7.8353],[-73.9175,7.8362],[-73.9198,7.846],[-73.9174,7.8464],[-73.9149,7.8453],[-73.9154,7.8481],[-73.9129,7.8478],[-73.9111,7.8529],[-73.9124,7.8537],[-73.9114,7.8548],[-73.9132,7.8571],[-73.9093,7.8568],[-73.9055,7.8632],[-73.9085,7.8674],[-73.9097,7.8675],[-73.9177,7.875],[-73.9192,7.8752],[-73.9191,7.8785],[-73.9217,7.8789]],[[-73.922,7.8577],[-73.9225,7.8608],[-73.9217,7.8614],[-73.919,7.8609],[-73.919,7.8587],[-73.9178,7.8589],[-73.9189,7.8544],[-73.9212,7.8521],[-73.9231,7.8551],[-73.922,7.8577]]]}},{"type":"Feature","properties":{"nombre":"Ciénaga Gallinazo","tipo":"ciénaga"},"geometry":{"type":"Polygon","coordinates":[[[-73.8949,7.8454],[-73.8939,7.8491],[-73.8947,7.8496],[-73.9006,7.8453],[-73.9016,7.8465],[-73.902,7.8443],[-73.9067,7.8432],[-73.9059,7.8413],[-73.9027,7.843],[-73.8981,7.8433],[-73.8972,7.8444],[-73.8954,7.8427],[-73.8945,7.8435],[-73.8949,7.8454]]]}},{"type":"Feature","properties":{"nombre":"Ciénaga La Tigra","tipo":"ciénaga"},"geometry":{"type":"Polygon","coordinates":[[[-73.7661,7.6487],[-73.7634,7.6465],[-73.7623,7.6388],[-73.7567,7.6346],[-73.7491,7.6361],[-73.7487,7.6405],[-73.7464,7.6425],[-73.7502,7.6458],[-73.7477,7.646],[-73.7438,7.6438],[-73.7384,7.6429],[-73.737,7.645],[-73.7406,7.6497],[-73.7433,7.6572],[-73.7578,7.6656],[-73.7601,7.6686],[-73.7617,7.6676],[-73.7617,7.6652],[-73.7611,7.6644],[-73.758,7.6646],[-73.7584,7.6617],[-73.7669,7.6534],[-73.7661,7.6487]]]}},{"type":"Feature","properties":{"nombre":null,"tipo":"ciénaga"},"geometry":{"type":"Polygon","coordinates":[[[-73.7034,7.7994],[-73.7062,7.8002],[-73.7055,7.8045],[-73.7088,7.8003],[-73.7099,7.795],[-73.7084,7.7955],[-73.7081,7.7975],[-73.7034,7.7994]]]}},{"type":"Feature","properties":{"nombre":null,"tipo":"ciénaga"},"geometry":{"type":"Polygon","coordinates":[[[-73.6804,7.8562],[-73.687,7.8559],[-73.6879,7.8534],[-73.6861,7.8519],[-73.6934,7.8511],[-73.6891,7.8442],[-73.6855,7.8498],[-73.6819,7.8529],[-73.6804,7.8562]]]}},{"type":"Feature","properties":{"nombre":null,"tipo":"ciénaga"},"geometry":{"type":"Polygon","coordinates":[[[-73.6979,7.8335],[-73.6947,7.8344],[-73.6911,7.8392],[-73.6909,7.8412],[-73.6919,7.8421],[-73.6906,7.8436],[-73.6915,7.8449],[-73.6957,7.8429],[-73.7004,7.8366],[-73.7008,7.8325],[-73.6979,7.8335]]]}},{"type":"Feature","properties":{"nombre":null,"tipo":"ciénaga"},"geometry":{"type":"Polygon","coordinates":[[[-73.6702,7.81],[-73.6726,7.8114],[-73.6777,7.8098],[-73.6799,7.8073],[-73.6801,7.8047],[-73.6775,7.8085],[-73.6702,7.81]]]}},{"type":"Feature","properties":{"nombre":null,"tipo":"ciénaga"},"geometry":{"type":"Polygon","coordinates":[[[-73.6599,7.8049],[-73.6588,7.8066],[-73.6604,7.8074],[-73.6618,7.8114],[-73.6668,7.8137],[-73.668,7.8098],[-73.6666,7.8075],[-73.6676,7.8025],[-73.6669,7.8015],[-73.664,7.8007],[-73.665,7.804],[-73.6611,7.8034],[-73.6599,7.8049]]]}},{"type":"Feature","properties":{"nombre":null,"tipo":"ciénaga"},"geometry":{"type":"Polygon","coordinates":[[[-73.66,7.8001],[-73.6588,7.8008],[-73.6599,7.8033],[-73.6626,7.8011],[-73.66,7.8001]]]}},{"type":"Feature","properties":{"nombre":null,"tipo":"ciénaga"},"geometry":{"type":"Polygon","coordinates":[[[-73.6694,7.7941],[-73.669,7.7958],[-73.6705,7.8007],[-73.6721,7.8017],[-73.6728,7.8006],[-73.6713,7.7986],[-73.6718,7.7974],[-73.6697,7.7955],[-73.6706,7.7954],[-73.6707,7.794],[-73.6694,7.7941]]]}},{"type":"Feature","properties":{"nombre":null,"tipo":"ciénaga"},"geometry":{"type":"Polygon","coordinates":[[[-73.6771,7.7558],[-73.6795,7.7569],[-73.6815,7.7551],[-73.6803,7.7535],[-73.6796,7.755],[-73.6764,7.7542],[-73.6771,7.7558]]]}},{"type":"Feature","properties":{"nombre":null,"tipo":"ciénaga"},"geometry":{"type":"Polygon","coordinates":[[[-73.6755,7.7531],[-73.6767,7.7534],[-73.673,7.7487],[-73.6715,7.7486],[-73.6728,7.7525],[-73.6755,7.7531]]]}},{"type":"Feature","properties":{"nombre":null,"tipo":"ciénaga"},"geometry":{"type":"Polygon","coordinates":[[[-73.6694,7.7558],[-73.6697,7.7579],[-73.6725,7.7607],[-73.6723,7.7619],[-73.6745,7.7624],[-73.6728,7.7616],[-73.6707,7.7559],[-73.6694,7.7558]]]}},{"type":"Feature","properties":{"nombre":null,"tipo":"ciénaga"},"geometry":{"type":"Polygon","coordinates":[[[-73.672,7.7454],[-73.6745,7.7451],[-73.6744,7.7438],[-73.6761,7.7439],[-73.6745,7.7435],[-73.6741,7.742],[-73.6735,7.7437],[-73.6731,7.7427],[-73.6717,7.7431],[-73.6737,7.7446],[-73.672,7.7454]]]}},{"type":"Feature","properties":{"nombre":null,"tipo":"ciénaga"},"geometry":{"type":"Polygon","coordinates":[[[-73.6344,7.8253],[-73.6293,7.8225],[-73.6296,7.8237],[-73.6344,7.8253]]]}},{"type":"Feature","properties":{"nombre":null,"tipo":"ciénaga"},"geometry":{"type":"Polygon","coordinates":[[[-73.6464,7.8234],[-73.6455,7.8253],[-73.6468,7.8258],[-73.6479,7.8233],[-73.6515,7.8239],[-73.6527,7.8231],[-73.6505,7.8221],[-73.6464,7.8234]]]}},{"type":"Feature","properties":{"nombre":null,"tipo":"ciénaga"},"geometry":{"type":"Polygon","coordinates":[[[-73.6649,7.7912],[-73.6659,7.7927],[-73.6692,7.7911],[-73.6698,7.7897],[-73.6649,7.7912]]]}},{"type":"Feature","properties":{"nombre":null,"tipo":"ciénaga"},"geometry":{"type":"Polygon","coordinates":[[[-73.899,7.6537],[-73.901,7.6547],[-73.9022,7.6517],[-73.8972,7.6538],[-73.899,7.6537]]]}},{"type":"Feature","properties":{"nombre":null,"tipo":"ciénaga"},"geometry":{"type":"Polygon","coordinates":[[[-73.8482,7.7859],[-73.8488,7.7866],[-73.8489,7.7857],[-73.851,7.7851],[-73.8525,7.786],[-73.8527,7.7843],[-73.8517,7.7837],[-73.8499,7.7854],[-73.8476,7.7843],[-73.8482,7.7859]]]}},{"type":"Feature","properties":{"nombre":"Ciénaga de Muñeco","tipo":"ciénaga"},"geometry":{"type":"Polygon","coordinates":[[[-73.9105,7.8683],[-73.909,7.869],[-73.9082,7.8714],[-73.9086,7.8752],[-73.9134,7.877],[-73.9146,7.8796],[-73.9169,7.8812],[-73.9184,7.881],[-73.9196,7.8796],[-73.9184,7.8754],[-73.9105,7.8683]]]}},{"type":"Feature","properties":{"nombre":"Ciénaga María Antonia","tipo":"ciénaga"},"geometry":{"type":"Polygon","coordinates":[[[-73.9066,7.9153],[-73.9067,7.9164],[-73.909,7.9146],[-73.9107,7.9162],[-73.9127,7.9159],[-73.9115,7.9149],[-73.912,7.912],[-73.9107,7.9091],[-73.908,7.9087],[-73.9108,7.9076],[-73.9133,7.9032],[-73.9126,7.9011],[-73.9083,7.8989],[-73.9064,7.9013],[-73.9026,7.901],[-73.9008,7.9078],[-73.9066,7.9153]]]}},{"type":"Feature","properties":{"nombre":"Ciénaga Pita","tipo":"ciénaga"},"geometry":{"type":"Polygon","coordinates":[[[-73.8826,7.922],[-73.8839,7.9226],[-73.8844,7.9182],[-73.8865,7.9166],[-73.8849,7.9155],[-73.8861,7.9141],[-73.8861,7.9082],[-73.8837,7.9071],[-73.8863,7.9019],[-73.8826,7.8993],[-73.8836,7.8953],[-73.8868,7.8913],[-73.8909,7.8898],[-73.8944,7.8842],[-73.8937,7.8831],[-73.891,7.8831],[-73.8878,7.88],[-73.8864,7.8805],[-73.8882,7.8826],[-73.8884,7.8857],[-73.8845,7.8858],[-73.8816,7.8843],[-73.8807,7.8968],[-73.873,7.9025],[-73.8698,7.9073],[-73.8717,7.913],[-73.874,7.9151],[-73.8769,7.9153],[-73.8803,7.9194],[-73.8788,7.9206],[-73.8804,7.9208],[-73.8812,7.9226],[-73.8826,7.922]]]}},{"type":"Feature","properties":{"nombre":"Ciénga Mundo Al Revés","tipo":"ciénaga"},"geometry":{"type":"Polygon","coordinates":[[[-73.6738,7.884],[-73.6721,7.8859],[-73.6742,7.888],[-73.6758,7.8854],[-73.6738,7.884]]]}},{"type":"Feature","properties":{"nombre":"Ciénaga Polovide","tipo":"ciénaga"},"geometry":{"type":"Polygon","coordinates":[[[-73.6854,7.912],[-73.6884,7.9134],[-73.6908,7.9126],[-73.6887,7.907],[-73.6921,7.902],[-73.6885,7.8989],[-73.687,7.9003],[-73.6869,7.9022],[-73.6858,7.901],[-73.6847,7.9017],[-73.6833,7.9118],[-73.6854,7.912]]]}},{"type":"Feature","properties":{"nombre":"Ciénaga La Tigrera","tipo":"ciénaga"},"geometry":{"type":"Polygon","coordinates":[[[-73.6968,7.8871],[-73.6953,7.8876],[-73.6961,7.8884],[-73.6948,7.8895],[-73.6948,7.8915],[-73.6964,7.8915],[-73.6979,7.8932],[-73.7014,7.8887],[-73.6997,7.8871],[-73.6968,7.8871]]]}},{"type":"Feature","properties":{"nombre":"Ciénaga La Culebra","tipo":"ciénaga"},"geometry":{"type":"MultiPolygon","coordinates":[[[[-73.6917,7.9296],[-73.6913,7.9318],[-73.6897,7.9328],[-73.6909,7.936],[-73.6924,7.9367],[-73.6948,7.9362],[-73.6944,7.9328],[-73.6978,7.9307],[-73.699,7.9273],[-73.7046,7.9297],[-73.7122,7.9291],[-73.713,7.9282],[-73.7126,7.9251],[-73.7151,7.9251],[-73.719,7.9211],[-73.7198,7.9183],[-73.7188,7.9167],[-73.7214,7.9173],[-73.7234,7.9151],[-73.7231,7.9144],[-73.7201,7.9162],[-73.7193,7.9156],[-73.7226,7.9129],[-73.7226,7.909],[-73.7256,7.9094],[-73.7262,7.9059],[-73.7217,7.9027],[-73.7203,7.896],[-73.7175,7.8949],[-73.717,7.8936],[-73.718,7.889],[-73.7234,7.887],[-73.7254,7.8811],[-73.7254,7.8787],[-73.7222,7.8727],[-73.7236,7.8724],[-73.7225,7.8707],[-73.7182,7.8702],[-73.7186,7.8755],[-73.7169,7.8759],[-73.7173,7.878],[-73.7153,7.8771],[-73.7184,7.8848],[-73.7161,7.8869],[-73.7137,7.8956],[-73.7139,7.9054],[-73.7115,7.9115],[-73.7118,7.9158],[-73.7066,7.9172],[-73.7057,7.9214],[-73.6949,7.9162],[-73.6925,7.9164],[-73.6921,7.9187],[-73.6969,7.9238],[-73.6953,7.9249],[-73.6955,7.9295],[-73.6927,7.9276],[-73.6917,7.9296]]],[[[-73.6775,7.9227],[-73.6764,7.9239],[-73.6774,7.9282],[-73.68,7.9309],[-73.6824,7.928],[-73.6813,7.9253],[-73.6844,7.9234],[-73.683,7.9206],[-73.685,7.9187],[-73.6846,7.9169],[-73.6825,7.9167],[-73.6809,7.9215],[-73.6775,7.9227]]],[[[-73.6877,7.9295],[-73.6894,7.9304],[-73.6907,7.9278],[-73.6898,7.9264],[-73.6877,7.926],[-73.6886,7.9241],[-73.6879,7.9233],[-73.6847,7.9269],[-73.6857,7.9295],[-73.6877,7.9295]]],[[[-73.6845,7.9327],[-73.6855,7.9328],[-73.6851,7.9303],[-73.6812,7.9311],[-73.6816,7.9323],[-73.6845,7.9327]]],[[[-73.6918,7.9236],[-73.6923,7.9248],[-73.6927,7.923],[-73.6907,7.9215],[-73.6903,7.9231],[-73.6918,7.9236]]],[[[-73.6783,7.9209],[-73.6799,7.9213],[-73.68,7.9195],[-73.6787,7.9194],[-73.6783,7.9209]]],[[[-73.6926,7.9253],[-73.6923,7.9261],[-73.6942,7.9265],[-73.6938,7.9248],[-73.6926,7.9253]]]]}},{"type":"Feature","properties":{"nombre":"Ciénaga El Suan","tipo":"ciénaga"},"geometry":{"type":"Polygon","coordinates":[[[-73.6782,7.8845],[-73.6801,7.8851],[-73.6827,7.8815],[-73.6857,7.8797],[-73.6892,7.8792],[-73.6903,7.8746],[-73.6879,7.8752],[-73.6868,7.8744],[-73.6855,7.8763],[-73.6838,7.8745],[-73.6815,7.8748],[-73.6809,7.8804],[-73.679,7.8806],[-73.6782,7.8845]]]}},{"type":"Feature","properties":{"nombre":"Ciénaga El Sombrero","tipo":"ciénaga"},"geometry":{"type":"Polygon","coordinates":[[[-73.9571,7.8991],[-73.9587,7.8989],[-73.9552,7.8973],[-73.9552,7.8926],[-73.9506,7.8939],[-73.9512,7.8955],[-73.9533,7.8949],[-73.9542,7.8977],[-73.9571,7.8991]]]}},{"type":"Feature","properties":{"nombre":"Ciénaga El Congo","tipo":"ciénaga"},"geometry":{"type":"Polygon","coordinates":[[[-73.6462,7.8794],[-73.6476,7.8805],[-73.6511,7.8792],[-73.6512,7.8779],[-73.6533,7.8795],[-73.6548,7.8764],[-73.6537,7.8738],[-73.6491,7.8739],[-73.6485,7.8769],[-73.6458,7.8781],[-73.6462,7.8794]]]}},{"type":"Feature","properties":{"nombre":null,"tipo":"ciénaga"},"geometry":{"type":"Polygon","coordinates":[[[-73.8991,7.8935],[-73.8979,7.8947],[-73.9006,7.8975],[-73.9012,7.8963],[-73.9002,7.8952],[-73.9018,7.8937],[-73.8991,7.8935]]]}},{"type":"Feature","properties":{"nombre":null,"tipo":"ciénaga"},"geometry":{"type":"Polygon","coordinates":[[[-73.7084,7.8964],[-73.7102,7.8961],[-73.7149,7.8829],[-73.712,7.8764],[-73.7126,7.8713],[-73.7111,7.8742],[-73.7095,7.8745],[-73.7104,7.8788],[-73.7087,7.8822],[-73.7097,7.8834],[-73.7127,7.8829],[-73.7134,7.8838],[-73.7092,7.8855],[-73.7095,7.8887],[-73.7065,7.8908],[-73.7084,7.8964]]]}},{"type":"Feature","properties":{"nombre":null,"tipo":"ciénaga"},"geometry":{"type":"Polygon","coordinates":[[[-73.6546,7.8581],[-73.6569,7.8584],[-73.6585,7.8565],[-73.6622,7.8569],[-73.6633,7.8551],[-73.6597,7.8518],[-73.6584,7.8519],[-73.6554,7.8533],[-73.655,7.8552],[-73.6503,7.8573],[-73.6514,7.8582],[-73.6546,7.8581]]]}},{"type":"Feature","properties":{"nombre":"Ciénaga de Culebra","tipo":"ciénaga"},"geometry":{"type":"Polygon","coordinates":[[[-73.7019,7.9182],[-73.7043,7.9189],[-73.7078,7.9122],[-73.7116,7.908],[-73.712,7.9014],[-73.7107,7.8994],[-73.7058,7.9061],[-73.6999,7.9072],[-73.7007,7.9085],[-73.7039,7.9082],[-73.7048,7.9098],[-73.7022,7.9093],[-73.7008,7.9115],[-73.6991,7.9115],[-73.6962,7.9145],[-73.6981,7.9182],[-73.7019,7.9182]]]}},{"type":"Feature","properties":{"nombre":"Ciénaga de Casa Diego","tipo":"ciénaga"},"geometry":{"type":"Polygon","coordinates":[[[-73.6895,7.8702],[-73.6918,7.8695],[-73.696,7.8624],[-73.6953,7.8586],[-73.6939,7.8588],[-73.6938,7.8617],[-73.6927,7.8627],[-73.6887,7.8622],[-73.6838,7.8645],[-73.6841,7.8656],[-73.6886,7.8671],[-73.6871,7.8698],[-73.6895,7.8702]]]}},{"type":"Feature","properties":{"nombre":null,"tipo":"ciénaga"},"geometry":{"type":"Polygon","coordinates":[[[-73.9069,7.8839],[-73.9069,7.8849],[-73.9124,7.8784],[-73.9079,7.8756],[-73.9054,7.8806],[-73.9071,7.882],[-73.9069,7.8839]]]}},{"type":"Feature","properties":{"nombre":null,"tipo":"ciénaga"},"geometry":{"type":"Polygon","coordinates":[[[-73.8878,7.9023],[-73.8909,7.9027],[-73.8932,7.9015],[-73.892,7.8982],[-73.8902,7.8978],[-73.8913,7.8975],[-73.8909,7.8957],[-73.8949,7.8936],[-73.8949,7.8918],[-73.8927,7.8927],[-73.8899,7.8918],[-73.8881,7.8937],[-73.8888,7.9015],[-73.8878,7.9023]]]}},{"type":"Feature","properties":{"nombre":null,"tipo":"ciénaga"},"geometry":{"type":"Polygon","coordinates":[[[-73.887,7.8928],[-73.8847,7.8972],[-73.8851,7.8995],[-73.8868,7.9001],[-73.8879,7.8989],[-73.8866,7.8968],[-73.887,7.8928]]]}},{"type":"Feature","properties":{"nombre":null,"tipo":"ciénaga"},"geometry":{"type":"Polygon","coordinates":[[[-73.9131,7.8908],[-73.914,7.8914],[-73.9147,7.8902],[-73.9126,7.8892],[-73.9123,7.8877],[-73.9116,7.8886],[-73.9102,7.8878],[-73.9074,7.889],[-73.9091,7.8905],[-73.9108,7.8898],[-73.9114,7.891],[-73.9131,7.8908]]]}},{"type":"Feature","properties":{"nombre":null,"tipo":"ciénaga"},"geometry":{"type":"Polygon","coordinates":[[[-73.6669,7.8984],[-73.6641,7.9021],[-73.6635,7.905],[-73.6606,7.9081],[-73.6606,7.9144],[-73.6664,7.9174],[-73.6657,7.919],[-73.6684,7.9215],[-73.6695,7.9258],[-73.6724,7.9265],[-73.6747,7.9196],[-73.6749,7.9125],[-73.6737,7.9093],[-73.6679,7.9027],[-73.6669,7.8984]]]}},{"type":"Feature","properties":{"nombre":null,"tipo":"ciénaga"},"geometry":{"type":"Polygon","coordinates":[[[-73.6798,7.8978],[-73.6787,7.9012],[-73.6814,7.9021],[-73.6822,7.9017],[-73.6813,7.8994],[-73.6833,7.8974],[-73.6847,7.8977],[-73.6819,7.8954],[-73.6825,7.8966],[-73.6798,7.8978]]]}},{"type":"Feature","properties":{"nombre":null,"tipo":"ciénaga"},"geometry":{"type":"Polygon","coordinates":[[[-73.6599,7.9005],[-73.6579,7.9025],[-73.6611,7.9041],[-73.6622,7.9016],[-73.6613,7.9],[-73.6634,7.8999],[-73.6635,7.899],[-73.6613,7.8987],[-73.6599,7.9005]]]}},{"type":"Feature","properties":{"nombre":"Ciénaga La Cira","tipo":"ciénaga"},"geometry":{"type":"Polygon","coordinates":[[[-73.84,6.9842],[-73.8426,6.9867],[-73.8433,6.9856],[-73.8443,6.9864],[-73.8436,6.9834],[-73.8454,6.9816],[-73.8458,6.9784],[-73.8353,6.973],[-73.8329,6.98],[-73.8367,6.9813],[-73.84,6.9842]]]}},{"type":"Feature","properties":{"nombre":"Ciénaga De Tierradentro","tipo":"ciénaga"},"geometry":{"type":"Polygon","coordinates":[[[-73.859,6.9648],[-73.8608,6.962],[-73.8603,6.9598],[-73.8595,6.9594],[-73.8593,6.9616],[-73.8574,6.9626],[-73.8532,6.9568],[-73.8537,6.9604],[-73.8527,6.9614],[-73.8545,6.9627],[-73.8571,6.9678],[-73.8572,6.9662],[-73.859,6.9648]]]}},{"type":"Feature","properties":{"nombre":"Ciénaga de Juán Esteban","tipo":"ciénaga"},"geometry":{"type":"Polygon","coordinates":[[[-73.8391,7.0328],[-73.8417,7.0325],[-73.8447,7.0301],[-73.8449,7.0284],[-73.8503,7.0277],[-73.849,7.0225],[-73.846,7.0205],[-73.8472,7.0171],[-73.8404,7.0199],[-73.8403,7.0214],[-73.8434,7.024],[-73.8402,7.0264],[-73.8382,7.032],[-73.8391,7.0328]]]}},{"type":"Feature","properties":{"nombre":"Ciénaga San Silvestre","tipo":"ciénaga"},"geometry":{"type":"Polygon","coordinates":[[[-73.841,7.116],[-73.8421,7.1173],[-73.8492,7.1138],[-73.849,7.1162],[-73.853,7.1149],[-73.8537,7.1161],[-73.8547,7.1158],[-73.8532,7.1123],[-73.8554,7.1112],[-73.853,7.1113],[-73.8553,7.1091],[-73.8551,7.1076],[-73.852,7.106],[-73.8498,7.1034],[-73.847,7.1037],[-73.8469,7.102],[-73.8455,7.1021],[-73.8467,7.1007],[-73.8456,7.0983],[-73.8447,7.0983],[-73.8454,7.1003],[-73.8441,7.0997],[-73.8445,7.1012],[-73.8433,7.1021],[-73.8453,7.1043],[-73.8409,7.1028],[-73.8418,7.0991],[-73.8406,7.0972],[-73.8416,7.0971],[-73.8426,7.0948],[-73.8406,7.0943],[-73.8406,7.096],[-73.8388,7.0948],[-73.8386,7.0921],[-73.8362,7.0899],[-73.8369,7.0889],[-73.8361,7.0877],[-73.8351,7.0912],[-73.8366,7.0931],[-73.836,7.0938],[-73.8322,7.088],[-73.8329,7.0927],[-73.8316,7.0927],[-73.8329,7.0946],[-73.8318,7.0961],[-73.8304,7.0949],[-73.8296,7.0902],[-73.8289,7.0925],[-73.8273,7.0929],[-73.8264,7.0913],[-73.8249,7.0912],[-73.8241,7.088],[-73.8231,7.0914],[-73.8241,7.0927],[-73.8234,7.093],[-73.8215,7.0915],[-73.8216,7.0889],[-73.8168,7.0862],[-73.8159,7.0889],[-73.8133,7.0889],[-73.8133,7.0876],[-73.8112,7.0885],[-73.8134,7.0817],[-73.8135,7.0772],[-73.8115,7.0806],[-73.8083,7.077],[-73.8065,7.0776],[-73.8038,7.0757],[-73.8011,7.0757],[-73.8087,7.0799],[-73.8072,7.0838],[-73.8064,7.084],[-73.8065,7.08],[-73.806,7.0824],[-73.8044,7.0822],[-73.8038,7.0839],[-73.7986,7.0825],[-73.798,7.0841],[-73.8045,7.086],[-73.7993,7.0866],[-73.7984,7.0887],[-73.7941,7.0866],[-73.7931,7.0877],[-73.7933,7.0914],[-73.789,7.0935],[-73.787,7.0966],[-73.788,7.0993],[-73.7921,7.1007],[-73.7943,7.0979],[-73.7953,7.0989],[-73.796,7.0964],[-73.798,7.0955],[-73.7988,7.102],[-73.8006,7.0991],[-73.8033,7.0977],[-73.8056,7.0994],[-73.8078,7.0994],[-73.8064,7.1016],[-73.807,7.1026],[-73.8088,7.1018],[-73.8089,7.0995],[-73.8151,7.0968],[-73.816,7.0979],[-73.8121,7.0987],[-73.8149,7.0998],[-73.816,7.1019],[-73.811,7.1047],[-73.8109,7.1066],[-73.8136,7.1064],[-73.8143,7.1043],[-73.8172,7.1027],[-73.8175,7.1009],[-73.8186,7.1004],[-73.8195,7.1015],[-73.8196,7.1062],[-73.8249,7.1047],[-73.8233,7.108],[-73.8296,7.1064],[-73.8302,7.1075],[-73.8322,7.1043],[-73.832,7.1061],[-73.8337,7.1086],[-73.831,7.1085],[-73.8329,7.1115],[-73.8348,7.1122],[-73.837,7.1113],[-73.842,7.1131],[-73.8451,7.1125],[-73.8449,7.114],[-73.8399,7.1139],[-73.8421,7.1148],[-73.841,7.116]],[[-73.818,7.0997],[-73.8171,7.0982],[-73.8186,7.095],[-73.82,7.0968],[-73.819,7.0996],[-73.8183,7.0987],[-73.818,7.0997]]]}},{"type":"Feature","properties":{"nombre":"Ciénaga Zarzal","tipo":"ciénaga"},"geometry":{"type":"Polygon","coordinates":[[[-73.7721,7.0789],[-73.7729,7.0804],[-73.7745,7.078],[-73.777,7.0778],[-73.7776,7.076],[-73.781,7.0767],[-73.7821,7.0709],[-73.7774,7.0677],[-73.7757,7.0683],[-73.773,7.067],[-73.769,7.068],[-73.7682,7.0719],[-73.7701,7.076],[-73.772,7.0758],[-73.7709,7.0766],[-73.7721,7.0789]]]}},{"type":"Feature","properties":{"nombre":"Ciénaga Los Sabalos","tipo":"ciénaga"},"geometry":{"type":"Polygon","coordinates":[[[-73.7685,7.1162],[-73.7687,7.1203],[-73.7695,7.1229],[-73.7706,7.1232],[-73.7694,7.1199],[-73.7707,7.1195],[-73.7695,7.1179],[-73.7702,7.1163],[-73.769,7.1152],[-73.7694,7.1129],[-73.772,7.113],[-73.7692,7.1112],[-73.772,7.1098],[-73.7718,7.1116],[-73.7741,7.1114],[-73.7737,7.1077],[-73.7748,7.1079],[-73.7755,7.1104],[-73.7755,7.1068],[-73.7783,7.105],[-73.7769,7.1044],[-73.7764,7.1008],[-73.7746,7.1023],[-73.7725,7.1013],[-73.7737,7.0973],[-73.7732,7.0956],[-73.7723,7.0978],[-73.7716,7.0965],[-73.7697,7.0967],[-73.7709,7.0987],[-73.7697,7.0975],[-73.768,7.0984],[-73.7698,7.099],[-73.7727,7.1026],[-73.7706,7.1021],[-73.7701,7.103],[-73.7719,7.1045],[-73.7737,7.1035],[-73.7722,7.1056],[-73.7692,7.105],[-73.7685,7.1008],[-73.7669,7.1008],[-73.7682,7.1039],[-73.7675,7.1056],[-73.7698,7.1075],[-73.7667,7.1069],[-73.7646,7.104],[-73.7628,7.1062],[-73.7609,7.106],[-73.7622,7.1084],[-73.7605,7.1089],[-73.7603,7.112],[-73.7594,7.1115],[-73.7604,7.1137],[-73.7618,7.1138],[-73.7641,7.1094],[-73.7655,7.11],[-73.766,7.1119],[-73.7675,7.1112],[-73.7685,7.1162]]]}},{"type":"Feature","properties":{"nombre":"Ciénaga del Opón","tipo":"ciénaga"},"geometry":{"type":"Polygon","coordinates":[[[-73.8941,6.9377],[-73.8963,6.9388],[-73.902,6.9351],[-73.9016,6.9318],[-73.8998,6.9316],[-73.8972,6.9286],[-73.9003,6.9303],[-73.9038,6.9297],[-73.9063,6.9272],[-73.9063,6.9248],[-73.905,6.9261],[-73.9043,6.9246],[-73.9077,6.9195],[-73.9054,6.918],[-73.9051,6.915],[-73.9059,6.9172],[-73.9086,6.9193],[-73.9081,6.9232],[-73.9159,6.9219],[-73.925,6.9146],[-73.926,6.9063],[-73.9213,6.9011],[-73.924,6.8974],[-73.9236,6.8853],[-73.9231,6.8975],[-73.9208,6.9011],[-73.9181,6.9021],[-73.9166,6.907],[-73.9124,6.9075],[-73.9117,6.9039],[-73.9091,6.9009],[-73.9101,6.9072],[-73.9064,6.9072],[-73.9049,6.9089],[-73.9045,6.9054],[-73.9024,6.9077],[-73.8996,6.9052],[-73.8998,6.9029],[-73.8973,6.9018],[-73.8938,6.9025],[-73.8922,6.8989],[-73.8901,6.8981],[-73.8896,6.8929],[-73.8877,6.8927],[-73.8853,6.8906],[-73.8844,6.8878],[-73.8811,6.8842],[-73.878,6.8862],[-73.8787,6.8915],[-73.8832,6.8961],[-73.8804,6.9018],[-73.8832,6.8997],[-73.8893,6.9061],[-73.8881,6.9086],[-73.8843,6.9095],[-73.8841,6.9106],[-73.8864,6.9115],[-73.8826,6.9178],[-73.884,6.9185],[-73.8853,6.9144],[-73.8875,6.9146],[-73.8883,6.9128],[-73.8904,6.9131],[-73.8904,6.9105],[-73.8916,6.9112],[-73.8917,6.9138],[-73.8892,6.9143],[-73.889,6.9165],[-73.8864,6.9166],[-73.8846,6.921],[-73.8815,6.9246],[-73.8822,6.9287],[-73.8902,6.933],[-73.8907,6.9373],[-73.8941,6.9377]]]}},{"type":"Feature","properties":{"nombre":"Ciénaga La Represa","tipo":"ciénaga"},"geometry":{"type":"Polygon","coordinates":[[[-73.9172,6.9882],[-73.9189,6.9919],[-73.9197,6.99],[-73.9184,6.9875],[-73.9188,6.9859],[-73.9208,6.9872],[-73.9226,6.9831],[-73.9207,6.9835],[-73.9198,6.9823],[-73.9179,6.983],[-73.9179,6.9848],[-73.9162,6.9852],[-73.9146,6.9879],[-73.915,6.9887],[-73.9172,6.9882]]]}},{"type":"Feature","properties":{"nombre":null,"tipo":"ciénaga"},"geometry":{"type":"Polygon","coordinates":[[[-73.8695,7.1243],[-73.8723,7.1266],[-73.8744,7.1263],[-73.8754,7.1246],[-73.872,7.1208],[-73.8691,7.1203],[-73.8685,7.1233],[-73.8695,7.1243]]]}},{"type":"Feature","properties":{"nombre":null,"tipo":"ciénaga"},"geometry":{"type":"Polygon","coordinates":[[[-73.9411,7.0832],[-73.9408,7.0846],[-73.9461,7.0818],[-73.947,7.0783],[-73.9445,7.0782],[-73.9431,7.0831],[-73.9414,7.0822],[-73.9392,7.0785],[-73.9411,7.0832]]]}},{"type":"Feature","properties":{"nombre":"Ciénaga Del Zapatero","tipo":"ciénaga"},"geometry":{"type":"Polygon","coordinates":[[[-73.7777,7.106],[-73.7792,7.1065],[-73.7766,7.1077],[-73.7776,7.11],[-73.777,7.112],[-73.7755,7.1121],[-73.7762,7.1132],[-73.7742,7.1142],[-73.7749,7.1151],[-73.7769,7.1136],[-73.7779,7.114],[-73.7746,7.1168],[-73.7763,7.1172],[-73.7789,7.1156],[-73.7761,7.1176],[-73.7772,7.1184],[-73.7752,7.1184],[-73.7759,7.1199],[-73.7775,7.1192],[-73.7772,7.1209],[-73.774,7.1212],[-73.7787,7.1232],[-73.7792,7.1186],[-73.7808,7.1166],[-73.7799,7.121],[-73.7806,7.1236],[-73.781,7.1225],[-73.7834,7.1216],[-73.7815,7.1211],[-73.7821,7.1191],[-73.7842,7.1197],[-73.783,7.1171],[-73.7853,7.1175],[-73.7861,7.1189],[-73.7866,7.1178],[-73.7852,7.1164],[-73.7857,7.1152],[-73.7816,7.1149],[-73.7824,7.114],[-73.7798,7.1136],[-73.7806,7.1127],[-73.7777,7.1112],[-73.7808,7.1106],[-73.7821,7.1116],[-73.7818,7.1091],[-73.7797,7.1105],[-73.7791,7.1091],[-73.7826,7.1048],[-73.7802,7.1058],[-73.7783,7.105],[-73.7777,7.106]]]}},{"type":"Feature","properties":{"nombre":"Ciénaga de Macias","tipo":"ciénaga"},"geometry":{"type":"Polygon","coordinates":[[[-73.9446,6.7519],[-73.9488,6.757],[-73.9503,6.7552],[-73.9524,6.755],[-73.9483,6.7529],[-73.9473,6.7513],[-73.9485,6.7506],[-73.9481,6.7495],[-73.9465,6.7508],[-73.9451,6.7505],[-73.9446,6.7519]]]}},{"type":"Feature","properties":{"nombre":"Ciénaga De Los Ñeques","tipo":"ciénaga"},"geometry":{"type":"Polygon","coordinates":[[[-73.9463,6.8751],[-73.9458,6.8781],[-73.9476,6.8751],[-73.9509,6.8767],[-73.9497,6.8751],[-73.9541,6.8731],[-73.956,6.8655],[-73.9537,6.8716],[-73.9507,6.8717],[-73.9491,6.8742],[-73.9463,6.8751]]]}},{"type":"Feature","properties":{"nombre":"Ciénaga de Pulgacho","tipo":"ciénaga"},"geometry":{"type":"Polygon","coordinates":[[[-73.9435,6.8594],[-73.9427,6.8667],[-73.9438,6.8686],[-73.9445,6.8672],[-73.9435,6.8594]]]}},{"type":"Feature","properties":{"nombre":"Cienaga Miramar","tipo":"ciénaga"},"geometry":{"type":"Polygon","coordinates":[[[-73.8612,7.0753],[-73.8627,7.0767],[-73.8651,7.0768],[-73.8706,7.0722],[-73.8716,7.0726],[-73.8708,7.0741],[-73.872,7.0746],[-73.8752,7.0739],[-73.8757,7.073],[-73.8731,7.0675],[-73.8739,7.0618],[-73.8667,7.0629],[-73.8711,7.0647],[-73.8678,7.0666],[-73.866,7.0701],[-73.8691,7.068],[-73.8698,7.0696],[-73.8646,7.0746],[-73.8606,7.0732],[-73.8574,7.0754],[-73.8612,7.0753]]]}},{"type":"Feature","properties":{"nombre":null,"tipo":"ciénaga"},"geometry":{"type":"Polygon","coordinates":[[[-73.8586,7.0284],[-73.8577,7.0325],[-73.8543,7.0353],[-73.857,7.0373],[-73.856,7.0391],[-73.8567,7.0413],[-73.8591,7.0388],[-73.8583,7.0357],[-73.8599,7.0365],[-73.8613,7.0322],[-73.8595,7.033],[-73.8586,7.0284]]]}},{"type":"Feature","properties":{"nombre":"Ciénaga Caño Largo","tipo":"ciénaga"},"geometry":{"type":"Polygon","coordinates":[[[-73.9431,7.0963],[-73.9451,7.0932],[-73.9398,7.0938],[-73.9405,7.0965],[-73.9386,7.0981],[-73.94,7.1002],[-73.9428,7.0986],[-73.9431,7.0963]]]}},{"type":"Feature","properties":{"nombre":"Ciénaga de Tabacurú","tipo":"ciénaga"},"geometry":{"type":"Polygon","coordinates":[[[-73.9461,7.4797],[-73.9477,7.4815],[-73.9498,7.4816],[-73.9481,7.4801],[-73.9474,7.4771],[-73.95,7.4757],[-73.9529,7.4765],[-73.9537,7.4779],[-73.9567,7.4761],[-73.9517,7.4739],[-73.9533,7.4716],[-73.9548,7.4723],[-73.9543,7.4704],[-73.9557,7.4682],[-73.9572,7.4681],[-73.9571,7.4667],[-73.9533,7.4707],[-73.9508,7.4697],[-73.9488,7.4714],[-73.9456,7.4701],[-73.944,7.4716],[-73.9452,7.474],[-73.9487,7.475],[-73.9457,7.475],[-73.9468,7.4758],[-73.9447,7.4771],[-73.9457,7.4788],[-73.9441,7.4797],[-73.9461,7.4797]]]}},{"type":"Feature","properties":{"nombre":"Poza Cañaguates","tipo":"ciénaga"},"geometry":{"type":"Polygon","coordinates":[[[-73.9475,7.4655],[-73.949,7.4649],[-73.9519,7.4659],[-73.9517,7.4648],[-73.9553,7.4634],[-73.9467,7.4625],[-73.9475,7.461],[-73.9537,7.4615],[-73.9558,7.4606],[-73.9561,7.4594],[-73.9535,7.4606],[-73.951,7.4594],[-73.9538,7.4577],[-73.9537,7.4564],[-73.9499,7.4584],[-73.9469,7.4581],[-73.946,7.457],[-73.9458,7.4582],[-73.9453,7.4557],[-73.9451,7.4584],[-73.9468,7.4613],[-73.9443,7.4613],[-73.9438,7.4629],[-73.9469,7.4642],[-73.9475,7.4655]]]}},{"type":"Feature","properties":{"nombre":"Poza Vijita","tipo":"ciénaga"},"geometry":{"type":"Polygon","coordinates":[[[-73.9586,7.4341],[-73.9571,7.4313],[-73.9528,7.4311],[-73.9515,7.4323],[-73.9533,7.4329],[-73.9528,7.4342],[-73.9537,7.4347],[-73.9568,7.4332],[-73.9578,7.4346],[-73.9586,7.4341]]]}},{"type":"Feature","properties":{"nombre":"Ciénaga La Ceiba","tipo":"ciénaga"},"geometry":{"type":"Polygon","coordinates":[[[-73.9488,7.4214],[-73.9484,7.4224],[-73.9495,7.4227],[-73.9499,7.4198],[-73.9515,7.4215],[-73.9521,7.4204],[-73.9484,7.4158],[-73.9478,7.4165],[-73.9494,7.4187],[-73.9478,7.417],[-73.9488,7.4214]]]}},{"type":"Feature","properties":{"nombre":"Ciénaga Caño Tapa","tipo":"ciénaga"},"geometry":{"type":"Polygon","coordinates":[[[-73.9494,7.3436],[-73.948,7.3461],[-73.9491,7.3474],[-73.9504,7.3454],[-73.9494,7.3436]]]}},{"type":"Feature","properties":{"nombre":"Ciénaga Guadualito","tipo":"ciénaga"},"geometry":{"type":"Polygon","coordinates":[[[-73.8567,7.1395],[-73.8564,7.1402],[-73.858,7.1383],[-73.8567,7.1395]]]}},{"type":"Feature","properties":{"nombre":"Cienaga Luna","tipo":"ciénaga"},"geometry":{"type":"Polygon","coordinates":[[[-73.8019,7.5644],[-73.801,7.5659],[-73.8019,7.568],[-73.8019,7.5644]]]}},{"type":"Feature","properties":{"nombre":"Cienaga La Consulta","tipo":"ciénaga"},"geometry":{"type":"Polygon","coordinates":[[[-73.7611,7.8071],[-73.7598,7.8084],[-73.7612,7.8092],[-73.7618,7.814],[-73.7597,7.8161],[-73.7614,7.8161],[-73.7622,7.8184],[-73.7598,7.8222],[-73.7549,7.8241],[-73.7543,7.8277],[-73.7568,7.8247],[-73.7598,7.8246],[-73.7617,7.8223],[-73.7632,7.8137],[-73.7611,7.8071]]]}},{"type":"Feature","properties":{"nombre":"Cienaga Larga","tipo":"ciénaga"},"geometry":{"type":"Polygon","coordinates":[[[-73.698,7.8431],[-73.6974,7.8444],[-73.699,7.8455],[-73.699,7.8441],[-73.7007,7.8444],[-73.7003,7.8432],[-73.698,7.8431]]]}},{"type":"Feature","properties":{"nombre":"Cienaga de  Cogollo","tipo":"ciénaga"},"geometry":{"type":"Polygon","coordinates":[[[-73.744,7.6686],[-73.7401,7.6705],[-73.7399,7.6725],[-73.7377,7.6751],[-73.7427,7.6743],[-73.746,7.6768],[-73.7456,7.6713],[-73.744,7.6686]]]}}]}